Path,Type,Bytes,SHA256,Current,Paper_use
models/best_threshold.txt,.txt,12,e1b5697f7d968585a136ccb1aed2ab54c9aeaca54ec669e607ae6740836c0b75,True,main evidence
models/lava_6_benchmark.json,.json,1824,c4e73f887f22a833029b2fd577d2d9f62643b3aa3614ea434dc39ff6821e9d79,True,main evidence
models/lava_mobilenetv3_lstm.keras,.keras,5916699,7345bdeb9542adb7686e3cefbf070ad30f2b0de0da77ef5e1d644dd743763c84,True,appendix/support
models/lava_mobilenetv3_lstm.weights.h5,.h5,5779152,2391b677db4f51f66c8aeec18af32bad8f572dbc61311521c991df3c5ee8f6f0,True,appendix/support
models/lava_mobilenetv3_lstm.weights.npz,.npz,4908368,f8c08b042e1775573ad30ce2a25c7a08824246e85d082e7b4187075df3f2f03e,True,appendix/support
models/model_metadata.json,.json,1766,8fa2e3024e78b57facb0270851c8e6fb45d4e3c267b396661f5f20c524cd74ea,True,main evidence
models/aasist_pretrained/metadata.json,.json,612,4c4613d0fbc98fe350acf5367d44b9afe9aecdf8e8b671954a10c922457c6f5a,True,main evidence
models/aasist_pretrained/model.onnx,.onnx,1685594,7e7bbe8baf2dd8f6a09dcb5236133c81ea7c9a74b12929d685b39fb0026d776c,True,appendix/support
models/aasist_pretrained/model.pt,.pt,1281532,51d2d9cf0738172f61e2a384ec50a54a55363240f67c971ed55a92435bc1a1c0,True,appendix/support
models/aasist_pretrained/threshold.json,.json,63,b7a98528465f767ff9919e9ecf4ed0f2d674e17e647fbc35c4fa294e046bfce1,True,main evidence
models/efficientnet_b0_lstm/metadata.json,.json,2873,c48792ed42a6cbca484a24b6487310c91eed88d7af318a71da53753f79a1d688,True,main evidence
models/efficientnet_b0_lstm/model.keras,.keras,19886234,853a428ad0280faa644aaad0b4d3d6e25d9130b70b4167dfed9a7193a1b053f2,True,appendix/support
models/efficientnet_b0_lstm/threshold.json,.json,204,45ba450dc8818ebbb6c0d4195238ead8a97b602f79cf214b87c92aa4986e09ac,True,main evidence
models/mnasnet_lstm/metadata.json,.json,3757,a533e896948a222870aa76032c09e85e04929283a20b04320cc3d066543a9e84,True,main evidence
models/mnasnet_lstm/model.keras,.keras,14082109,2c5301b2c3dc3e3faeb2e8ff11409c0b2dd637568a407c5a7b4eefba02055b02,True,appendix/support
models/mnasnet_lstm/threshold.json,.json,66,1ff9cd52af3a7f7574abd2c9930653a6cb0cc029fb8f9796731e95a6d4b78f8d,True,main evidence
models/rawnet2_pretrained/metadata.json,.json,614,1fa4cd8884e35a757016ecca463a7842c0d860328fec7388a5f9880d70b2587a,True,main evidence
models/rawnet2_pretrained/model.onnx,.onnx,70941002,afdaf27fa4e010b8a6d3051b37ea8d6ffb27dbaa7678faf22fef53285d515671,True,appendix/support
models/rawnet2_pretrained/model.pt,.pt,70515422,52d8ad5f524a0f600c7c876d7a157a8f06c44a03504d0b2795c852f5e42c9127,True,appendix/support
models/rawnet2_pretrained/threshold.json,.json,63,b7a98528465f767ff9919e9ecf4ed0f2d674e17e647fbc35c4fa294e046bfce1,True,main evidence
models/shufflenetv2_lstm/metadata.json,.json,3723,98ccd60a44239e0d57c287329cebc4b3824c4cadd1580db48ef17b4199bed140,True,main evidence
models/shufflenetv2_lstm/model.keras,.keras,8114596,0a7dc43f6731e7c5c0379c2c9a341e7358a81bc37a7bedf4786e006942ec9442,True,appendix/support
models/shufflenetv2_lstm/threshold.json,.json,52,3ec96ae377529512007a1bd384f0be5e5f4006ab57e74c75e3c105739be25bdb,True,main evidence
docs/efficientnet_warmup_deployment.md,.md,5713,5f48a775888790fd6f20a81153c8cfcb66062cef7d43e0b48dbe05890d8e86f6,True,appendix/support
docs/LAVA_5_BENCHMARK.md,.md,7980,321ca4c58a669863943062456ec795c14c9ed5a1c683d724b6e3caa4bbf5b6db,True,appendix/support
docs/LAVA_6_INCREMENTAL_BENCHMARK.md,.md,1098,34082582a46cf9e2f63a5fed0b30fa2e48d8c3f7aa5fae6987b935bf0dadd111,True,appendix/support
docs/mnasnet_deployment.md,.md,5320,763d8437e9e247da46af98f30b090dd63a58d917b80a4e359d55f059d348cd6d,True,appendix/support
docs/shufflenet_deployment.md,.md,2943,f5c7d77c6e7854cfd8890dec16c09d6de6341d94f26cd89bffc18f8d21e92b10,True,appendix/support
docs/shufflenet_keras3_compatibility.md,.md,3056,93c7479435f493dfcc599d2b7896d3571b985b0b4c98057e3c63d74ed54a349a,True,appendix/support
docs/shufflenet_training_audit.md,.md,5626,0524cc266db27ebbbd819fef43558767686158b9e12eef4dbc6c6b608e3f6743,True,appendix/support
docs/SOURCE_PROVENANCE.md,.md,4111,fa6511dd2ae95ce3504d6fff4779c5a9951f5e5a8748782dc19af01b1d9df17f,True,appendix/support
papers/FIGURE_MANIFEST.md,.md,5234,1cd2a29f321091b06a5ac9e3fa6f237288d6a466dba7fbf33c851ecb22639904,True,appendix/support
papers/FINAL_FIGURE_AUDIT.md,.md,331,2800412e2e450dee44985feacedab74281fe1a1e3053f15fccbbac44c90adb85,True,appendix/support
papers/FINAL_NUMERICAL_AUDIT.md,.md,1099,849bdf72b1adf654eae66a460ed3bb19c9df5f3c03f2bdca7b10cf00b1149536,True,appendix/support
papers/FINAL_TABLE_AUDIT.md,.md,386,91c046289b920e3a2defd878f4243383cf7ad2d9429abae411269d029603988c,True,appendix/support
papers/LAVA_FULL_PAPER.tex,.tex,61647,7f48a3333d3e9d1b2b5b44b601c7e0f82a1b8b3de673816920b36b6169c73d64,True,appendix/support
papers/LAVA_FULL_PAPER_EN.md,.md,63930,44a55df3be777c825f9b619921aa99cfd70dfa5b32fc08e85a6aec53def7d5c5,True,appendix/support
papers/LAVA_FULL_PAPER_VI.md,.md,47896,a2605b0aa611035d45c271d9d4f5950f7a164b20419bb19fa3ee7dd23d9149c6,True,appendix/support
papers/LAVA_RESEARCH_AUDIT_AND_PAPER.md,.md,70768,325d88f06d833921012c8d1de2b23f743e0ddb6ddbb2e0ec151e9973c5d80c91,True,appendix/support
papers/PAPER_EVIDENCE_MAP.md,.md,1317,de95e7489b81de426e90e41fb3e82a633aa93173ff73c4757eda64fd17596e0d,True,appendix/support
papers/PAPER_VALIDATION.json,.json,336,c9938ce3752c19d38a639a68b459fada4f07589ec0776bffc389487d225a0113,True,appendix/support
papers/PAPER_VERSION_CONSISTENCY_REPORT.md,.md,787,a1ac31504c1a4bddc947914fa755ecbcc2c67d785a2055dc9fc09ce1e290df5e,True,appendix/support
papers/references.bib,.bib,11297,634a302e385957d9e428f84d0b0d9e143e1dbd50c677dc3a323dd3353051bec2,True,appendix/support
papers/REFERENCE_AUDIT.md,.md,7493,7928673ce9a0003fa1e2143f1add796af5f78b1647bd5b1084935766f88a04a3,True,appendix/support
papers/REPOSITORY_EVIDENCE_INVENTORY.csv,.csv,424623,2fb81bf280a116161385d24df77c4b06ca3285621b041fa35f58b06436a0ec82,True,appendix/support
papers/REPOSITORY_EVIDENCE_INVENTORY.md,.md,500,ff16f4c152882aa258e8d52a9cafaa03a23ec2f87a3ebf9c8c8edff3c82bad78,True,appendix/support
papers/TABLE_MANIFEST.md,.md,1509,18e43ad956fe4de33004da0c06db95e775962070b07b986d4fdf5b35d18e5cc9,True,appendix/support
papers/figures/agreement_heatmap_6_models.png,.png,192638,351c8ad5683d6af2ac15dbecb31dd4c3ade9aa1040ca16277da47b34347ed9fc,True,appendix/support
papers/figures/clean_metric_grouped_6_models.png,.png,125756,70a4d978387e9077ae975b558651ac6674de54f0d01f144bcb68ad2fdaa06c94,True,appendix/support
papers/figures/codec_f1_comparison_6_models.png,.png,142089,43c9a35f2b04499e4ec0b66053a0c141d71d61fb11395a15138425a124b1a597,True,appendix/support
papers/figures/confusion_matrix_panel_6_models.png,.png,173125,a57d9fcbc886161930f49f38307653005ffc882a00c801b35c4c06330ab45472,True,appendix/support
papers/figures/dataset_integrity_pipeline.png,.png,141464,635b73115b98c05a33878f0c314516cba1950272b393599e68275676abdfe001,True,appendix/support
papers/figures/det_comparison_5_models.png,.png,169574,2e3f93aedf28a4ab95f00430ddd7f37b66dabfbd850ff044e51fcb7b48047ab4,True,appendix/support
papers/figures/det_comparison_6_models.png,.png,180065,f2ca5533f8c2a0f09d091d8fdd40d139cd93012f8177df3413ae67dd68f640ae,True,appendix/support
papers/figures/end_to_end_latency_bar.png,.png,129768,250b0eb7505235c7acbbcd79de1b695a42710a47ec6d7557afa28c13e59e854f,True,appendix/support
papers/figures/end_to_end_latency_bar_6_models.png,.png,145185,d10ad4c4b3bee87d560a75abdd761d8d9a37ed610d2e0a0af2b5660cca8b39f0,True,appendix/support
papers/figures/lava_5_model_overview.png,.png,229807,20349d043f0ff73d3136e7ede0ef059d92aa67af2ef885fdd59a2bdee8953cd4,True,appendix/support
papers/figures/lava_6_model_overview.png,.png,149207,020763847a675c1c200dd02251b10a4af84abd6e59ac60af451c2b315a2d2497,True,main evidence
papers/figures/lava_benchmark_pipeline.png,.png,186076,cd1920e9961245512c1bcc23f31b17fb52ca48b6d9fd83afcaa2a5a6e139d355,True,appendix/support
papers/figures/lightweight_temporal_pipeline.png,.png,141130,2c3d9b1efe3e96de52a1f08b00154554d98919534e9401ed378c9502d2938c07,True,appendix/support
papers/figures/memory_bar_6_models.png,.png,146897,edfe2e39d2e15fce67f45288801197914d5c20cc97f342c5a48c01bf5a2f2b52,True,appendix/support
papers/figures/model_agreement_heatmap.png,.png,233054,d75c4db6d03ab3df9c3a2ee9762b112585ab83740f57f0291997f9de5ca03d41,True,appendix/support
papers/figures/noise_f1_vs_snr.png,.png,211031,54829243e0785187b4c45a227a87a6d60d43544c593b59ac8440bd5a1a457d2c,True,appendix/support
papers/figures/noise_f1_vs_snr_6_models.png,.png,267018,8aaf41e6f394802f898d3676468c9e6a7d0d92895f36133db69feb1ea21cc98d,True,appendix/support
papers/figures/parameters_bar.png,.png,147765,18ff9f3ea524786db6295d15100b281cc93a4aa53d35cb0181a9f4169e5d11d9,True,appendix/support
papers/figures/parameters_bar_6_models.png,.png,138559,81ce11db9829d5b3c03503686f4e2851832f878e32ede84605090cb32cc5c6ce,True,appendix/support
papers/figures/pareto_2d_eer_rtf.png,.png,141473,9961e88862a8fba11671b3e092ebe577b3de3004da6b16766ad8ad07bb59d65a,True,appendix/support
papers/figures/pareto_3d_6_models.png,.png,553089,17a8df55d57a78a06db92662fce2bf1937a8d9f085fa0b9d4cbe6e09184e79a0,True,appendix/support
papers/figures/pareto_eer_rtf_6_models.png,.png,142045,d8f860d7663135b75e3f42f3e192a0b14ff10899772e461e26274862487d899e,True,appendix/support
papers/figures/replay_f1_comparison_6_models.png,.png,156733,a1da8b48cfa9cdc1a46fd95454c9a04233579a6e02027178810f5328d990ed0e,True,appendix/support
papers/figures/robustness_heatmap.png,.png,251810,8b7a7297de09ed153983b91b46e65888680961af2d38036f7a0eb8e304fc4a12,True,appendix/support
papers/figures/robustness_heatmap_6_models.png,.png,195226,a99e72d644176e1f7ac2a5176a9351e48520ce398baebb3aa75c7138eff280e3,True,appendix/support
papers/figures/roc_comparison_5_models.png,.png,155744,4bcd383d9a8caf5d08cc8972f745baa4101b2bea419f4cefd3c8729e60e3b6c0,True,appendix/support
papers/figures/roc_comparison_6_models.png,.png,162604,3bb44c48aaa929c3a3ba9827f5ef52ec59bdf66de8a9398ee1b9c5673889a298,True,appendix/support
papers/figures/training_provenance_strategies.png,.png,135427,70980b4b8c449b6452ebe48d65f9bc38b724027aa17c09e69acdb2880d3b3d5e,True,appendix/support
papers/tables/table_10_pareto.csv,.csv,539,237102278b1c9775f8df5acb4cbaf5de81f9077c773b626e8353adecd1b6dbbb,True,appendix/support
papers/tables/table_11_bootstrap_ci.csv,.csv,1249,992c59fe86ca7132dee3efbefc0d23f010e258917335b69900b30e001dbb4c8c,True,appendix/support
papers/tables/table_12_pairwise_full_test.csv,.csv,2255,b9c47ef7078c4643d95b3b682b704390184e8f82d9efe9a53fdad27aff9df87a,True,appendix/support
papers/tables/table_2_dataset_integrity.csv,.csv,257,2bdc3f7aec10bb74cc043c65cedd178c2a2ae1081b3a0a118e766c901bc50b41,True,appendix/support
papers/tables/table_3_canonical_splits.csv,.csv,94,6cb4d06dbc77ee8bb44091fbc060adcd0388b680d530ce0f0618e64d6aa2280e,True,appendix/support
papers/tables/table_4_detector_specification.csv,.csv,936,201e2ba293b98553df2bef6bdfc1c61c34202706c56511581cac7e4d19dee066,True,appendix/support
papers/tables/table_5_training_provenance.csv,.csv,986,fcaa9d66fd0831194975eba333bc6f3c06e90c05ed2207443c522ef7f9a8e622,True,appendix/support
papers/tables/table_6_clean_performance.csv,.csv,935,971217b682c56dcae6f5a305459b36304f21c518b61ff415f437ab2cd8c87389,True,appendix/support
papers/tables/table_7_classwise_performance.csv,.csv,833,5554149a345bcb3aefd1037213e9315a18567a8e800b4387ad602fd5947d064e,True,appendix/support
papers/tables/table_8_robustness_summary.csv,.csv,619,185a070e13c97d82055a3742aab2c8bf7cc7a5a4533e50c6afe5e7e3c151e813,True,appendix/support
papers/tables/table_9_efficiency.csv,.csv,1207,cec9784ec876117aad84b9ffece7feb18d9f060f6093f6b49a1dbf9d257aa4a4,True,appendix/support
benchmark/aggregate.py,.py,2447,445531a653e3315c910bb188b791e5923cb09857baa70a27ddadc4b14b912f6b,True,appendix/support
benchmark/benchmark_runner.py,.py,282,f9a47a39f03b48ed7e90afa0fc18fb60f10e7e7172698a7e1ab42b80b46aec2e,True,appendix/support
benchmark/clean.py,.py,4443,37979bf7dbccb08e43b9b955221f63f3d816f8e9197ef0f29b775e813330b113,True,appendix/support
benchmark/efficiency.py,.py,3989,7c8421d596eae7335402f8c91167963bfd8738b5acdac2ae617f5e884dd0ed79,True,appendix/support
benchmark/lava5.py,.py,23983,4b16ed514de9c7d92c42422b8ae4c2a31b33a3158d2796360f2c9a1a418a0dca,True,appendix/support
benchmark/lava5_report.py,.py,38515,e8f10578d257db0cb3cd7bba3cd85e50520d68d62cd471ff6c9edcdbd36da0bd,True,appendix/support
benchmark/lava5_runtime.py,.py,4001,60cb1019de36115054707b0abd364b080f86cad023110ed8f77e8aeb0c6e4f3b,True,appendix/support
benchmark/lava5_stress.py,.py,8027,5eb4a0570fbf87fb8329cfe6b2bffbb5ed8153946d112f6545da769a603ef879,True,appendix/support
benchmark/lava6_incremental.py,.py,14385,914118d31c7cc2eae1b46878a67d6f059a10164079332dca635be9ae954181ac,True,appendix/support
benchmark/lava6_report.py,.py,22004,d1057ff9297498556b2a7c69bc3bbf3702a61c44353b43c42e0bc5da9e892157,True,appendix/support
benchmark/pareto.py,.py,1875,e470cc18e0d4987c549d28f80768befee7dbcc7f5bd41a321c906e761ddb2311,True,appendix/support
benchmark/plot_baseline.py,.py,5037,ebdc40c699c826847e045a3a592d9156216004afd14378e14d97d10e2f2cc5be,True,appendix/support
benchmark/runner.py,.py,2112,aea67f98aabdd85d8b356c9144b67053421a8c4e89e8c4eb638cbaf0208e2db3,True,appendix/support
benchmark/__init__.py,.py,72,ab615d06e81ee4e65cb74b3b183cc703478bb57f1ce1adbc08a4c40e6d3f210b,True,appendix/support
benchmark/robustness/compression.py,.py,269,9bd52c3fd5c8d501682812b7842dff96499fe401d6ee7f167919b0c54ae65c1c,True,appendix/support
benchmark/robustness/noise.py,.py,285,2105056fbe50e91a3525dfebbc711a4e489d4e07cbc44ab04350a0c18d2716b7,True,appendix/support
benchmark/robustness/replay.py,.py,224,2fcdffc7d84488017292b22efa280f5518e7e23f30aa0b2bce67a8336874908e,True,appendix/support
benchmark/robustness/unseen.py,.py,333,335edd06f79ac91b65206a98d32df5f87766fa9f1989f11c38e4f5fc7d946e45,True,appendix/support
benchmark/robustness/__init__.py,.py,123,4c49b2f3dac2580892907b2e4267f61f99b52be49abebaeb1147f2fe79c554ae,True,appendix/support
src/artifacts.py,.py,10731,62750798354ca97eb37e4dd1c2bb3de0cd08ca5a7955bfd8c70ee567a7e28c06,True,appendix/support
src/augmentation.py,.py,1418,37b0ec4c0cf9f3f500fa77af2db5f139134426c3da019ed65f25c601261e717e,True,appendix/support
src/dataset.py,.py,5247,c63ab79607e1c4fda5fa3bb35beeb8fe3ec8ecf2bd3da724051f58e78338d4c5,True,appendix/support
src/inference.py,.py,1041,2d75e35c9188f6443b49178035cd81e81401c73d471da24c3490ec699e147252,True,appendix/support
src/metrics.py,.py,3985,2f65980a94fbe77a5e401dad970db1ec79edda24c2d5284ce90034ec5585dc00,True,appendix/support
src/model.py,.py,2793,aa80410efcb6b60ea0218ab121a18b1cd1df79be5fbd1e4329e95abaf25cf72b,True,appendix/support
src/preprocessing.py,.py,5287,a33cd9539f9cf182981b135f1e87fb296d3a7a0d015a3c3b810d87d39e44218d,True,appendix/support
src/utils.py,.py,4868,5e41b1672bf6872efa95bc308a12101df88171b0b99bbd85086d32a89a114b35,True,appendix/support
src/lava/artifacts.py,.py,5248,cbecf2bb0fd6d5fae537cdc82e6786f3424117873e32113e4c8dc1b975728507,True,appendix/support
src/lava/benchmark_display.py,.py,2623,3b2065e6344a3359b4c404a9f8fc3b1415823b0af5c0471f1707acef6235058f,True,appendix/support
src/lava/contracts.py,.py,2022,5ee4b73abe4ca7173dddadace9d02373faa9fe89b4a71b4a0022a580f7826f8e,True,appendix/support
src/lava/decision_display.py,.py,1569,c4fb07e09a55938bdeabb1921cb441d3ad8ae81afad9c62fd718534346c9d8a1,True,appendix/support
src/lava/errors.py,.py,325,2f319ef26aaf14bbbd587034949593815b6d585e2efba374e0ee5a1d10b60258,True,appendix/support
src/lava/evaluation_metrics.py,.py,1698,94e4b7ddb4cd24414920e5332753362bb4cb06c4498b85b75c9e50f1a40f2bef,True,appendix/support
src/lava/registry.py,.py,2629,1cb84b5fa219575fd5aeb4711f90939075fed038d6b87f13bc67fa24b1ef2962,True,appendix/support
src/lava/score_semantics.py,.py,2218,70932ac4ffef466f1b5b6fcae84615aa9c85165089edf22130e4900c2c1ee31b,True,appendix/support
src/lava/timing.py,.py,1026,11dc5802c2e47976bd4a12efdbbc55c7f814a2b1910f01d6ef1ad41f20ee8e87,True,appendix/support
src/lava/__init__.py,.py,52,f91bd3378aac5858d1d858cde143f0cdf9462a9a0fbf7c98684744ab97babfb0,True,appendix/support
src/lava/data/integrity.py,.py,2961,2355968b1463517dc1e86628375717209e5d06fb39cc78874e34b22f7cd61ed0,True,appendix/support
src/lava/data/inventory.py,.py,3210,8a9c037f3e341648c675e20197d11b039b77a3793b241a883eb469a565e3f173,True,appendix/support
src/lava/data/loader.py,.py,1146,8508062213342c580d3d09f35039ad03275ff47df6a8f6f3ff3399f229ad2424,True,appendix/support
src/lava/data/manifest.py,.py,6090,80e7bf8cce4fb847c5c93c18b50fbf177a1f3d0fce644461c7ac3ff1f32fa0ff,True,main evidence
src/lava/data/split.py,.py,4321,e3c8d81a81ce3e176a59a6041a816b098750e33a316d25d2cf0429ca95784e61,True,appendix/support
src/lava/data/__init__.py,.py,74,05a84804d71905aa878d87ddc006c19cf92ac2ed9e8f4531bfbcd7dd6feb3c1f,True,appendix/support
src/lava/models/onnx_pretrained.py,.py,4665,0afd0c1ed509711f463c6aaf8ff5cbfdbff3c0d7c2b6f32c55cf82b6ea6bea2f,True,appendix/support
src/lava/models/__init__.py,.py,65,b0e55041de166122cfbe563f7e07dcc182fa90f48451c72755db97c9c07f826f,True,appendix/support
src/lava/models/pytorch/aasist.py,.py,12103,d14be134c2454b39cecc84984c052c19d9b8853d4cd399e8cba9519499a1b7a1,True,appendix/support
src/lava/models/pytorch/aasist_pretrained.py,.py,1996,3c5218770fd26765a39573cc41ce2d248d3214c36a6a3d3b479c368f95cbd441,True,appendix/support
src/lava/models/pytorch/rawnet2.py,.py,4576,200661d180257443bf8b76c19e72a6bad8046a7cf00f60db0a4c13c93c0c9c68,True,appendix/support
src/lava/models/pytorch/rawnet2_pretrained.py,.py,2372,3d1a30145e87fe4f849dad0e1711eef3d824c16014c9293f5dc3adb2d99a244e,True,appendix/support
src/lava/models/pytorch/specs.py,.py,2520,71cd043ef7c8e82fdeaf1e442c15a9a3a37197f9c367084ccaa3a66d30eaf4b2,True,appendix/support
src/lava/models/pytorch/__init__.py,.py,82,98891185652c6faa9ed986c770dd2f138fd0f3e7dddcbcc63bd2398730963afd,True,appendix/support
src/lava/models/tensorflow/base.py,.py,5336,a92ca1504204f41fce5435484ae0df5d59aa3849a6a9a25a8448e83dbc9d2899,True,appendix/support
src/lava/models/tensorflow/efficientnet_b0_lstm.py,.py,3161,c5d3cab521b6d83f61cc7904bd7a37edece7a9dcfc947bb8eea3382b2f1f2d29,True,appendix/support
src/lava/models/tensorflow/mnasnet_lstm.py,.py,8818,f31159548977152c1a3ffb15b7a476aac71b200f617da7efa8958f75e2a7ba46,True,appendix/support
src/lava/models/tensorflow/mobilenetv3_lstm.py,.py,3288,919a3a12cdeb186dccac20aed8b2bac8995aa0aea3aa1617dd5146265f917ba4,True,appendix/support
src/lava/models/tensorflow/shufflenetv2_lstm.py,.py,5283,f007621b1697a1d9a33a6b3ce8252adb1272f4dd53832fdf81e99cd39f952fb4,True,appendix/support
src/lava/models/tensorflow/specs.py,.py,2116,e6df8d47dbcccfb4cbeba9c56c5956ae2bf9136ff3e591c07231ecb4358f0f51,True,appendix/support
src/lava/models/tensorflow/temporal_classifier.py,.py,3039,a9cde1fbc7e0d6460ffabaeeee6ea6927ddb486f3c7ccbe09e90ba7f3e1a304c,True,appendix/support
src/lava/models/tensorflow/__init__.py,.py,40,591f171551a0d8adbdd12aa2bb247eaf2d6996bce1aa5b32309cb18e1eeee9d1,True,appendix/support
src/lava/preprocessing/microphone.py,.py,4534,a3e5ea4caffb47d13d62601fbfa80da375cef909a3cc960635437bb2378d3521,True,appendix/support
src/lava/preprocessing/waveform.py,.py,1737,dbd246e7e160a660b9fcbd1c0ce4957ed41187ea503b769944834bf2ca0a219f,True,appendix/support
src/lava/preprocessing/__init__.py,.py,74,f06f06c42258bb0b566a61283f3bca73c04f41a7061149b92e269f50eb2e87f3,True,appendix/support
src/lava/training/diagnostics.py,.py,2294,42b573a293301a685c0a87d8f099c1a18e0af7290cae821a144b1916b24eba9e,True,appendix/support
src/lava/training/policy.py,.py,2460,8853f50f98a2d40371fe8c551a92ae1fc083178096f73ff2e18caff535715026,True,appendix/support
src/lava/training/tensorflow_lifecycle.py,.py,13828,437af43f952504115a854840d6161ca82963fd47448de429158bccb8f881f6cf,True,appendix/support
src/lava/training/torch_training.py,.py,12107,b85b5775fac775e93c78a175e6d94bdb0f0f295f10a77db313bef46e6bc16690,True,appendix/support
src/lava/training/__init__.py,.py,70,a236b2323969fd51b0a9cfb86e928857275ea74405e8c6cc7ee84701b1773668,True,appendix/support
src/lava/workers/torch_proxy.py,.py,3696,dd99927511ae23375e0d8dcffe7837a6bb002fea995d4436e19d4015d4280da1,True,appendix/support
src/lava/workers/torch_worker.py,.py,6712,dcb035253da09aec918d38603b42207a2dc4131de609909412c031d7333ae198,True,appendix/support
src/lava/workers/__init__.py,.py,43,d08e48de25413d820c364df23e00eccc38e7f7df3521c28a4ecf6aaade5c3c01,True,appendix/support
configs/aasist.json,.json,488,f10c5dad1e8b89458621e0dbb9f3026b8cce09f15ba9f8e3e64528740f10dd55,True,appendix/support
configs/efficientnet_b0_lstm.json,.json,316,1d3e2df7069a87673d1058f04c5f805b8fede8217699ea5c74cebde62a1fe41c,True,appendix/support
configs/mnasnet_lstm.json,.json,534,c0a36c69229850d8ff20550cb87c04ae24206ebda3b91fb7a05df8d93c48212b,True,appendix/support
configs/mobilenetv3_lstm.json,.json,312,c0228c8128be6a52eeb1f85a34bba70f86384c883a47ba9fcb4b2254be6317c3,True,appendix/support
configs/rawnet2.json,.json,464,e5be883762c153daf3a33413a8dd0e65dbbedd6e40b59418160646e5fa29eae8,True,appendix/support
configs/shufflenetv2_lstm.json,.json,426,e317f4567b9f6688294b47341d24ede8eb23167cb6fab953ee2d67e2b898191a,True,appendix/support
data/manifests/dataset_manifest.csv,.csv,5833877,f4f16e71d982c787192a99891ce476484e3e2bcf1208418593f1a45d9dff43a8,True,main evidence
data/manifests/duplicate_report.csv,.csv,176528,44254d3952f4ca38bfc35c282439e7ae6da6fe4b0be277ed769bff9c14470401,True,main evidence
data/manifests/label_conflicts.csv,.csv,10533,5d98aab0aed0215025432d492cbe1c7f7473c51b500794535280a3073ab22779,True,main evidence
data/manifests/manifest_metadata.json,.json,1167,cfa998c8aa5f65e761d21e1e6a95366a1c0cb184fe116c7b2d0eedf1642d420f,True,main evidence
data/manifests/split_manifest.csv,.csv,5767652,71fecd9ae66f6561f92d9dc94dd1d357fce8c2f3ae8486044b45eb34e097060c,True,main evidence
outputs/lava_5/protocol/aasist_load.json,.json,491,e0ae9f994a643b52bfd988ae011d5973d784dbc3a15a78afbf465f623bcb808d,True,appendix/support
outputs/lava_5/protocol/aasist_native_audit.json,.json,801,f6240c646e2b6f719897ed517491e19a04acdf4c103c3f76201da9e0f1a83b2f,True,appendix/support
outputs/lava_5/protocol/artifact_audit.csv,.csv,2646,b4b314c53e44e7d84f46eaafafcc9e476bc5eeabaf2624114e0af790d701ef04,True,appendix/support
outputs/lava_5/protocol/benchmark_implementation.json,.json,714,9ee095088cdb4f52bfe9a3449914fb45856b07289be47f9f7fe22595ea472a16,True,appendix/support
outputs/lava_5/protocol/benchmark_implementation_final.json,.json,993,5ed560e8a31a3ae075a25adb627862547488acf485a9802a6538d2d33e42ac95,True,appendix/support
outputs/lava_5/protocol/efficientnet_b0_lstm_load.json,.json,538,a01261d34352fc36f39572cdd38e102945e95aea5b9b581d736f7cf63a014cf5,True,appendix/support
outputs/lava_5/protocol/execution_environment.json,.json,2834,cee888551b508f3f4bfb062cde47e2c9e01f6b020e6612d00689e692d8e7012d,True,appendix/support
outputs/lava_5/protocol/input_length_audit.json,.json,179,6e25d00396e0dd89ee4af672de1f9114fb25aa01d66f3629cadbb621e49e36a5,True,appendix/support
outputs/lava_5/protocol/mnasnet_lstm_load.json,.json,532,1cef52581bbae401fd2ea20523301b4164779364843f7ce8a4e40828c1af94f3,True,appendix/support
outputs/lava_5/protocol/mobilenetv3_lstm_load.json,.json,537,72a8e64b99502d55ce13d3bd785a7a6ce008cfce5b829f9c8b0e46ba091ae88d,True,appendix/support
outputs/lava_5/protocol/protocol.json,.json,21770,3d92fed7940347f36f3a2e57f05e9244b60f019947ac9ebfb42b6212be025082,True,appendix/support
outputs/lava_5/protocol/rawnet2_load.json,.json,501,f4a55a27bb8fa5cec7764d8ebd6b5fc5ba034bf8ca3af0872e8d032351d47502,True,appendix/support
outputs/lava_5/protocol/rawnet2_native_audit.json,.json,822,229e2468143aadc46f55974cb1d63431e1418ad21781fff530e2d4af69a65367,True,appendix/support
outputs/lava_5/protocol/reference_origin_hashes.json,.json,638,df5247603807b2d01c10c3022f2b9d253d1598bb898095dee4344a10f1e04469,True,appendix/support
outputs/lava_5/protocol/robustness_execution_plan.json,.json,361,cecd40940bca2a39b75a4acfaff33443aa1dad49234dd5e74bbb75d5a4a4ffcf,True,appendix/support
outputs/lava_5/protocol/test_samples.csv,.csv,861641,ba700d004a6abf84f2e5690c0540f463eb02a268e95b177424b773ed1160cd05,True,appendix/support
outputs/lava_5/protocol/ui_regression.json,.json,177,fb4b79fcb049909c8a58ec815aeba637554a757c1c975b4971f368aeee882d8f,True,appendix/support
outputs/lava_5/protocol/unit_test_results.json,.json,250,febcfae317f781a222273f9ade4048c2dabc84e12be38b5e8a71f22a7749f2dd,True,appendix/support
outputs/lava_5/protocol/logs/clean_aasist_1788541817745517400.txt,.txt,1477,c06f41c14e3dabf7bf90b1120cdf5b310582481749b8dfa71a42617b72aabcbf,True,appendix/support
outputs/lava_5/protocol/logs/clean_efficientnet_b0_lstm_1788540630826364200.txt,.txt,2619,018133e3f3a0603a13696b65a67f5773bfd92466aa17aab6419d861bae6a72c8,True,appendix/support
outputs/lava_5/protocol/logs/clean_mnasnet_lstm_1788541177076462500.txt,.txt,2393,40083a92546727c7f5a2bd26bbdd9867f3023a21ff766255d987a60841386a1f,True,appendix/support
outputs/lava_5/protocol/logs/clean_mobilenetv3_lstm_1788540480641709600.txt,.txt,2485,cba1f7098119789e8b4bfa5a737615ea7f5bcb757f82b42ab82a00d97b92a241,True,appendix/support
outputs/lava_5/protocol/logs/clean_rawnet2_1788541529763179000.txt,.txt,1508,a8990039c5e465a2a43f8de29c26ae1ea7cc2cdf150fbfb6bf7d5faca38226fc,True,appendix/support
outputs/lava_5/protocol/logs/efficiency_aasist_1788543821965718900.txt,.txt,0,e3b0c44298fc1c149afbf4c8996fb92427ae41e4649b934ca495991b7852b855,True,appendix/support
outputs/lava_5/protocol/logs/efficiency_efficientnet_b0_lstm_1788543730435362100.txt,.txt,728,789c59c7a4dddd721cee56b9f046c7156d0d7ccf873ad78daba8b700c6ca49a9,True,appendix/support
outputs/lava_5/protocol/logs/efficiency_mnasnet_lstm_1788543776303181800.txt,.txt,728,789c59c7a4dddd721cee56b9f046c7156d0d7ccf873ad78daba8b700c6ca49a9,True,appendix/support
outputs/lava_5/protocol/logs/efficiency_mobilenetv3_lstm_1788543707687739300.txt,.txt,728,789c59c7a4dddd721cee56b9f046c7156d0d7ccf873ad78daba8b700c6ca49a9,True,appendix/support
outputs/lava_5/protocol/logs/efficiency_rawnet2_1788543808965351700.txt,.txt,0,e3b0c44298fc1c149afbf4c8996fb92427ae41e4649b934ca495991b7852b855,True,appendix/support
outputs/lava_5/protocol/logs/load_aasist_1788540467086643100.txt,.txt,0,e3b0c44298fc1c149afbf4c8996fb92427ae41e4649b934ca495991b7852b855,True,appendix/support
outputs/lava_5/protocol/logs/load_efficientnet_b0_lstm_1788540382998056600.txt,.txt,728,789c59c7a4dddd721cee56b9f046c7156d0d7ccf873ad78daba8b700c6ca49a9,True,appendix/support
outputs/lava_5/protocol/logs/load_mnasnet_lstm_1788540410036864100.txt,.txt,728,789c59c7a4dddd721cee56b9f046c7156d0d7ccf873ad78daba8b700c6ca49a9,True,appendix/support
outputs/lava_5/protocol/logs/load_mobilenetv3_lstm_1788540360649073200.txt,.txt,728,789c59c7a4dddd721cee56b9f046c7156d0d7ccf873ad78daba8b700c6ca49a9,True,appendix/support
outputs/lava_5/protocol/logs/load_rawnet2_1788540429273480800.txt,.txt,1155,4c05e964487f76e1dac4e075755c5e1ee758e5bc425bfe8275cea6fd591a8c2d,True,appendix/support
outputs/lava_5/protocol/logs/load_rawnet2_1788540465501927700.txt,.txt,0,e3b0c44298fc1c149afbf4c8996fb92427ae41e4649b934ca495991b7852b855,True,appendix/support
outputs/lava_5/clean/aasist/confusion_matrix.png,.png,50906,94c807b02f10b4362780a7b76b9fe8062ca7cd89560e42d55fe23619cb2a2556,True,appendix/support
outputs/lava_5/clean/aasist/roc_curve.png,.png,75048,d0bdde498760dc8526cc8a8344d88ccfd778e953b383a824e7f9060dd50374ff,True,appendix/support
outputs/lava_5/clean/aasist/scores.csv,.csv,152360,57a80b2a6e1da526d554d61c591b4e5129bff37f20bdc49dee35ba4dce5db773,True,appendix/support
outputs/lava_5/clean/aasist/summary.json,.json,659,349fef86c41817aa1c1ea5b7238e0027acb5c59e7601207b2c124b949411ab2e,True,appendix/support
outputs/lava_5/clean/efficientnet_b0_lstm/confusion_matrix.png,.png,45472,3bcfbea7704ead81bf1808954cbd9669172e6ef3db9f019e46a5ca1009028a38,True,appendix/support
outputs/lava_5/clean/efficientnet_b0_lstm/roc_curve.png,.png,55157,0f1d47795145f2d62687652cd70bf7035bccd93302bfcf46f9deb95ceed6439d,True,appendix/support
outputs/lava_5/clean/efficientnet_b0_lstm/scores.csv,.csv,193827,628e88231c41c16af0a6afcf57086cb95d37c001869efd88c0b7633beb70ff4b,True,appendix/support
outputs/lava_5/clean/efficientnet_b0_lstm/summary.json,.json,683,230ce99ef5cccf6a56864709e255ea22352f9151d8345251d81df369b5cd0667,True,appendix/support
outputs/lava_5/clean/mnasnet_lstm/confusion_matrix.png,.png,46350,070d5ce088327acbc03006648fb01c69c6d82574d238269ebd33e6666a5a8d33,True,appendix/support
outputs/lava_5/clean/mnasnet_lstm/roc_curve.png,.png,54644,748dd12a9df97932fbd79e68e01e29946ab01093410219294b9faca6684842ac,True,appendix/support
outputs/lava_5/clean/mnasnet_lstm/scores.csv,.csv,192380,aef13a9e0479b06eb2e73e177e9d2624dad159b1283aa557e0190438b1e5e6bf,True,appendix/support
outputs/lava_5/clean/mnasnet_lstm/summary.json,.json,683,ffd1d34c9bec084f4e5c26713ae15d686c8931b0e5dcbdca04e9c594ba1b5cfa,True,appendix/support
outputs/lava_5/clean/mobilenetv3_lstm/confusion_matrix.png,.png,46292,a395003c1109dab3959e0ac6f02650e41867056438120afa54b3972ffd7a1921,True,appendix/support
outputs/lava_5/clean/mobilenetv3_lstm/roc_curve.png,.png,55332,419af303e578b23457023445a2acd690c8bdd077a3a31a0c7b453db29e91b52e,True,appendix/support
outputs/lava_5/clean/mobilenetv3_lstm/scores.csv,.csv,156988,44e731bd1ca3ea21c68a6b820246992221c0680c06827d4be47b353a6bfb7f5e,True,appendix/support
outputs/lava_5/clean/mobilenetv3_lstm/summary.json,.json,677,fb6a0605247cbda6b4c1105dcbf954b8cd58264220a7df5f40ec6544434cc024,True,appendix/support
outputs/lava_5/clean/rawnet2/confusion_matrix.png,.png,50093,90d2b3b11b319fd3c429c4ccec88cf66204ede93c351428b07811472fe2d9041,True,appendix/support
outputs/lava_5/clean/rawnet2/roc_curve.png,.png,76570,90c454b8c2ea80b95265823ab67a0bd9391d6f243561de8abab7b8c59a6bef06,True,appendix/support
outputs/lava_5/clean/rawnet2/scores.csv,.csv,151754,eb934e4e0ad15246d68b2cd65ece4071ddb001517206baefeb6f80d005199430,True,appendix/support
outputs/lava_5/clean/rawnet2/summary.json,.json,668,12c4790ba2fe8e18f7ac215d4abbf8e10fa5bb9664df9fbf9eaa122f6a097e50,True,appendix/support
outputs/lava_5/diagnostic_100/lava_5_results.csv,.csv,2157,b3767ced862b3ddf8aec893dc95970b841a626aee9f936e8fec49c72ca37c4e8,True,appendix/support
outputs/lava_5/diagnostic_100/clean/aasist/confusion_matrix.png,.png,60941,0df8748eb57ec9f7c64c60ca51367ad8d4aea538dc6038dc34f83ff97e3d384b,True,appendix/support
outputs/lava_5/diagnostic_100/clean/aasist/roc_curve.png,.png,74752,d8470878ad7080e279d52fc7aa064d45ea31ee0cddc49ee8928f22cdb81252e3,True,appendix/support
outputs/lava_5/diagnostic_100/clean/aasist/scores.csv,.csv,5641,b1e11e4624051a0acc9bc0cf40ab2649e065d17bd3291c999c0e3814235d9afb,True,appendix/support
outputs/lava_5/diagnostic_100/clean/aasist/summary.json,.json,685,264fc489d25e4de83b9c95651e72722e417eaa7f9a93cc67690e07946be4803b,True,appendix/support
outputs/lava_5/diagnostic_100/clean/efficientnet_b0_lstm/confusion_matrix.png,.png,57695,46ef68c6c875fec88c53413242adfb5a046c3a5d15b1183172a939282c9c0aae,True,appendix/support
outputs/lava_5/diagnostic_100/clean/efficientnet_b0_lstm/roc_curve.png,.png,68824,ba6c2d83f0e296ceaac38ab94f0715cacdc9df84768c2ea41bbf35324c399b26,True,appendix/support
outputs/lava_5/diagnostic_100/clean/efficientnet_b0_lstm/scores.csv,.csv,7160,1318152153c1923e1c9e3a48bdabf750af4a96ab1a601e81806407720ffe1042,True,appendix/support
outputs/lava_5/diagnostic_100/clean/efficientnet_b0_lstm/summary.json,.json,714,e716ecf26595f805d988642a164a3f98b0d8c8e5b69ce2afb07389e078e72dfa,True,appendix/support
outputs/lava_5/diagnostic_100/clean/mnasnet_lstm/confusion_matrix.png,.png,57952,c631e9226365c23a23336e3d40f51b0c78cf39dcbb4eca9cf62dce558c7bffa6,True,appendix/support
outputs/lava_5/diagnostic_100/clean/mnasnet_lstm/roc_curve.png,.png,68165,82122e37322a238100fc2c2e145df7a63c446ced1369f673414d933c1a3f8d15,True,appendix/support
outputs/lava_5/diagnostic_100/clean/mnasnet_lstm/scores.csv,.csv,7098,ce453ae0fe63859ee515bee3f7c9710aa7a1f865fb70aa601498def4821d88ae,True,appendix/support
outputs/lava_5/diagnostic_100/clean/mnasnet_lstm/summary.json,.json,698,9a222165c56bda079313a2c0a12dffb03b05704881349c847ff59fb5ba09b8d5,True,appendix/support
outputs/lava_5/diagnostic_100/clean/mobilenetv3_lstm/confusion_matrix.png,.png,58954,be67c69e0a627eb536f3f5f65eda56eb1854c179785fd75a4545e677645e13c8,True,appendix/support
outputs/lava_5/diagnostic_100/clean/mobilenetv3_lstm/roc_curve.png,.png,69289,1fd46c19768456126094388e325723896192a8991ac4ee92252c9b18a7a0baab,True,appendix/support
outputs/lava_5/diagnostic_100/clean/mobilenetv3_lstm/scores.csv,.csv,5812,ff1e1dce3c9f32dcec88b336d5b6e879c24afc27967716262606fb9c53207066,True,appendix/support
outputs/lava_5/diagnostic_100/clean/mobilenetv3_lstm/summary.json,.json,692,f89d767576f4d7e369fac5cdd9622bd9f6da60cea76589722bb978abbabffd38,True,appendix/support
outputs/lava_5/diagnostic_100/clean/rawnet2/confusion_matrix.png,.png,61990,55ba45b42ca1c7ee4670e75bea794e8cc69b4f91765daebaf4f3afa7b632bb75,True,appendix/support
outputs/lava_5/diagnostic_100/clean/rawnet2/roc_curve.png,.png,75329,b47be3ed897e0c1186af4d5678ff779b40561232cd76c4630e2ac6e77c12a3c9,True,appendix/support
outputs/lava_5/diagnostic_100/clean/rawnet2/scores.csv,.csv,5617,0603fe8848bbc732447e2f13f8cbb1946e3755bf92fa8e13179a278a8a608f55,True,appendix/support
outputs/lava_5/diagnostic_100/clean/rawnet2/summary.json,.json,691,308516a078640878a32e3a59244e43cbaf1fa71c7f02841ff30f4ecade1ebf38,True,appendix/support
outputs/lava_5/diagnostic_100/efficiency/aasist/summary.json,.json,5659,e95592a6d1d1cb30182ba01aa3cc30cbb1e5655a76d30012ac868c0b93a59cb2,True,appendix/support
outputs/lava_5/diagnostic_100/efficiency/efficientnet_b0_lstm/summary.json,.json,5684,2e1c0824ff962accf47a51d3dfd745fc1836514799f87095ed303a081739dbfc,True,appendix/support
outputs/lava_5/diagnostic_100/efficiency/mnasnet_lstm/summary.json,.json,5653,b4cbc94f880101efb779b1c868619567ebe49f0b86ec682b537e1d56cb270fdf,True,appendix/support
outputs/lava_5/diagnostic_100/efficiency/mobilenetv3_lstm/summary.json,.json,5642,d7dae067640476b58cfd488f7887ffe8aae459f2795b845713c718b4c2b9fab5,True,appendix/support
outputs/lava_5/diagnostic_100/efficiency/rawnet2/summary.json,.json,5629,2e28ccbc2d2797f275a083b6c7fd54440d4f5f35d1b4f244cc6665b597b97606,True,appendix/support
outputs/lava_5/diagnostic_100/error_analysis/agreement_heatmap.png,.png,238779,f45607a26345a0bc8ba15628af83b4889e800216a7dad0ef108f54121fb075f9,True,appendix/support
outputs/lava_5/diagnostic_100/error_analysis/agreement_matrix.csv,.csv,262,d6abd444ae0440c62ca9a842da9171ef3363f49e1cc977ff252789bc010ce2ec,True,appendix/support
outputs/lava_5/diagnostic_100/error_analysis/all_5_correct.csv,.csv,1978,6697a8f2f13419296f013c3f0e13f2a625478ce89e54e549bd5f7866432cdf69,True,appendix/support
outputs/lava_5/diagnostic_100/error_analysis/all_5_wrong.csv,.csv,70,2d84d9018b8bc7ff2002e67bda23d8f11c93fa8451b4085d4e3e78bfc782a422,True,appendix/support
outputs/lava_5/diagnostic_100/error_analysis/bootstrap_95_ci.csv,.csv,1905,e2bd2e9165cc6a96a5ef80a0257dde31c71b9f1177a87cec1ea8b782b8589402,True,appendix/support
outputs/lava_5/diagnostic_100/error_analysis/confidence_error_distribution.png,.png,129185,587b817fc034ec5f0dfaa45643408c7bffc39da1333dd5b013a64942a9290952,True,appendix/support
outputs/lava_5/diagnostic_100/error_analysis/errors.csv,.csv,5560,3f95c79948587e7e3a83e5562bf11de7b5fd68c378729f5a460f20234e24336f,True,appendix/support
outputs/lava_5/diagnostic_100/error_analysis/error_overlap_matrix.png,.png,230893,087e412197ee3e7a07156d83a91e6fab402d2bdd2f4cee8592626ef2d6b13fc3,True,appendix/support
outputs/lava_5/diagnostic_100/error_analysis/extreme_score_FN.csv,.csv,2456,35472adef18ecde8cdf9f0ad24a318e59d779c5618b345b74b46e7cfe12627cb,True,appendix/support
outputs/lava_5/diagnostic_100/error_analysis/extreme_score_FP.csv,.csv,3145,623ddd8d3174d6b2010ea458b76cdbe61a7702d6421151b22621b67ac4b00703,True,appendix/support
outputs/lava_5/diagnostic_100/error_analysis/lightweight_correct_reference_wrong.csv,.csv,1287,c2c28fa3d3071575991b86b1ad1a965b031b549e46bfa86c0fdceb537b70fd23,True,appendix/support
outputs/lava_5/diagnostic_100/error_analysis/lightweight_wrong_reference_correct.csv,.csv,22,b63719156d83b0c431a1024c6c4883d5f9cb527b31668ca9a332e415b6ef0635,True,appendix/support
outputs/lava_5/diagnostic_100/error_analysis/model_agreement_heatmap.png,.png,238779,f45607a26345a0bc8ba15628af83b4889e800216a7dad0ef108f54121fb075f9,True,appendix/support
outputs/lava_5/diagnostic_100/error_analysis/paired_comparison.csv,.csv,1499,69c141ecabed0fbc4118470c66cc7297d3be8e7be0ef03bcdbd827e43cec30ad,True,appendix/support
outputs/lava_5/diagnostic_100/error_analysis/statistics_state.json,.json,538,18879a97da9ef043bc8c62b1db4f69f38f168834497ba456d7291653aa145c88,True,appendix/support
outputs/lava_5/diagnostic_100/figures/aasist_architecture.png,.png,137693,11ed670506d90bd30832c804e6053d3a64fbcafc6e4b0a9130978cd16a5ccaf8,True,appendix/support
outputs/lava_5/diagnostic_100/figures/accuracy_comparison.png,.png,132024,637880cc4ac3f8c29ef02d4962bd5891de2f986ea492df01ff47642389759f3d,True,appendix/support
outputs/lava_5/diagnostic_100/figures/bubble_eer_latency.png,.png,136163,c0070a4e6dbe796aa93d6de4df077f218a825a1879f8ca2b84bd624c5dae3772,True,appendix/support
outputs/lava_5/diagnostic_100/figures/bubble_robustness_f1.png,.png,129922,550f2847f58f2c84b838757bce7d35d2b80902b112643918de40e37bac15a6dc,True,appendix/support
outputs/lava_5/diagnostic_100/figures/codec_auc_comparison.png,.png,165336,baded32ba04290a6d05884b1e052acf35eda567b4404d823065c88602465daf6,True,appendix/support
outputs/lava_5/diagnostic_100/figures/codec_degradation_bar.png,.png,153375,5c4637485b81b4b26eaa7fb0771ff41d7b5e70799dfd4e15837c2c49e3f1dcb2,True,appendix/support
outputs/lava_5/diagnostic_100/figures/codec_degradation_heatmap.png,.png,170627,2fba4222db0021de38182be48945ce3f27df8c6d06b3e58ca980865896a50c59,True,appendix/support
outputs/lava_5/diagnostic_100/figures/codec_eer_comparison.png,.png,142765,8b32380a4479e860ecaa51bcf030eb80b768a9acbec567fadb57bf6aff0aaa21,True,appendix/support
outputs/lava_5/diagnostic_100/figures/codec_f1_comparison.png,.png,147555,9b1b62e5efcd2cd437093994e73ff408cdec99e619a6a08cdea15851e397fcfd,True,appendix/support
outputs/lava_5/diagnostic_100/figures/composite_comparison.png,.png,288206,6e740622c0cac7035b2afa2351b3fc58bb9d2e0fd1151b5bdb495c95eae06bbd,True,appendix/support
outputs/lava_5/diagnostic_100/figures/det_comparison_4_models.png,.png,65830,a11174e7aae590fdc46251a4ba7255d1a94e65e240cb3a50bc5310f352f5109c,True,appendix/support
outputs/lava_5/diagnostic_100/figures/det_comparison_5_models.png,.png,132165,3ec6d7d8610f2e6d085124c21858f81be28d0d556dbc891196c54a39acfa2313,True,appendix/support
outputs/lava_5/diagnostic_100/figures/eer_comparison.png,.png,138548,e88e8e05029b379a7e4b2fcc52edb08c80e669bc0b42594ef586f03de6204268,True,appendix/support
outputs/lava_5/diagnostic_100/figures/efficientnet_b0_lstm_architecture.png,.png,131791,c1bc60683ba01e71e4377eb02067e4fd9f68776f4b8bc4c4811a09516a3277f9,True,appendix/support
outputs/lava_5/diagnostic_100/figures/end_to_end_latency_bar.png,.png,145276,796a6d2da8c85a1db5b1fddba9dcc39e9c20b9c674dfc1a2b192440824d22cbd,True,appendix/support
outputs/lava_5/diagnostic_100/figures/f1_comparison.png,.png,128842,bd8aac3cc90c6cf02df4b02b7a4c07ff9a29ab5d2b34c09889aeca8a50182c65,True,appendix/support
outputs/lava_5/diagnostic_100/figures/inference_latency_bar.png,.png,150601,6ef68cde1c003a547aff5e28de41751b7999f76eec4aff823b75097cf7d1677e,True,appendix/support
outputs/lava_5/diagnostic_100/figures/lava_5_model_overview.png,.png,245852,7b2a963d4b11353fcd017aff5031d3a32bb7c6d6c7165b7213c3397d4c0b1d2e,True,appendix/support
outputs/lava_5/diagnostic_100/figures/lava_benchmark_pipeline.png,.png,202410,c5f613f323657dd659d1ebc26b3613bb240f2dca1bbe36c316d995902d3bdd53,True,appendix/support
outputs/lava_5/diagnostic_100/figures/macro_f1_comparison.png,.png,130343,7380a538925bd4a5ced8e9911924e4e1068a9c3c7067b3d96e04ef3b18c75c80,True,appendix/support
outputs/lava_5/diagnostic_100/figures/memory_bar.png,.png,154011,74e04f4f98ef359d54069ad8f5e099a67705fe4b2896d55c7b5e4fe86f9a40f9,True,appendix/support
outputs/lava_5/diagnostic_100/figures/mnasnet_lstm_architecture.png,.png,131230,6770b9d12616d7de0fed07d3a15469cf8333c40fa6561cb82decfe15b3b420ca,True,appendix/support
outputs/lava_5/diagnostic_100/figures/mobilenetv3_lstm_architecture.png,.png,135701,5af13457260b4a588fc2f1498d1cafdc4f55072f3737659ef221a3955088edaa,True,appendix/support
outputs/lava_5/diagnostic_100/figures/model_size_bar.png,.png,142717,7f0621f8082c2b36a877cefa0dc03f1bfefae9453f3e61b5eb02403d041c93aa,True,appendix/support
outputs/lava_5/diagnostic_100/figures/noise_auc_vs_snr.png,.png,211418,39b4ccfdfbda8a30b3a23477bb8470870d1e4d8e8be0111c1fa7807b20619bdc,True,appendix/support
outputs/lava_5/diagnostic_100/figures/noise_degradation_bar.png,.png,143454,a1ecc869aa9441f8ccad6c9954c5818c5adf57de4ceab5bb883893f668f77ea7,True,appendix/support
outputs/lava_5/diagnostic_100/figures/noise_eer_vs_snr.png,.png,204703,ba78f5024c9d72f1a6b66c8ba43c17d2e39f3e785ce95aa69b996f7fc237be1b,True,appendix/support
outputs/lava_5/diagnostic_100/figures/noise_f1_vs_snr.png,.png,211031,54829243e0785187b4c45a227a87a6d60d43544c593b59ac8440bd5a1a457d2c,True,appendix/support
outputs/lava_5/diagnostic_100/figures/parameters_bar.png,.png,163210,fe9d1e6c036bd11f08e6beae83dd7ddec6b147a525c0038300e3e536091ef5b0,True,appendix/support
outputs/lava_5/diagnostic_100/figures/parameter_vs_latency_scatter.png,.png,129440,a4793d2173a301e9c421de1970ee1a69583ca4248b2b6cd62542f7384a61fb9d,True,appendix/support
outputs/lava_5/diagnostic_100/figures/pr_comparison_4_models.png,.png,71678,49620f719cc0a47faf90a587bd9fea92e58dc21315469fa42d3defbebecac925,True,appendix/support
outputs/lava_5/diagnostic_100/figures/pr_comparison_5_models.png,.png,164789,4fd8ff983e44129575eb05868dfec7999d731806d003d34b25cc2098b32c0346,True,appendix/support
outputs/lava_5/diagnostic_100/figures/radar_5_models.png,.png,431122,03584e248a44c3c4c77465ad414bb3a797be015ca1b89c370ce18cc8e8b8a345,True,appendix/support
outputs/lava_5/diagnostic_100/figures/rawnet2_architecture.png,.png,117697,929cc4f60606354085ce3b08a76037833fe3d5d1b03ba95f73ee9a074bf2953d,True,appendix/support
outputs/lava_5/diagnostic_100/figures/replay_auc_comparison.png,.png,129953,51e485cbf93c7a6f5ad5c183fe1aeefffe87b89949685c47c71604cbd11fbe6f,True,appendix/support
outputs/lava_5/diagnostic_100/figures/replay_degradation_bar.png,.png,145592,261511d3a891286970e0a47f9c5f95f75fc7d3db37d7f3e2fb2414432f1a4f7b,True,appendix/support
outputs/lava_5/diagnostic_100/figures/replay_eer_comparison.png,.png,146516,a1a1ec2b53f12c8ca67a7c1a82a0557d420a5ed0a5573d1a5631b6082d22179a,True,appendix/support
outputs/lava_5/diagnostic_100/figures/replay_f1_comparison.png,.png,134071,a0a9c0f35a4322b0a68c101534da38821e995ca1b8f8bfb1d59e6b2b49793b28,True,appendix/support
outputs/lava_5/diagnostic_100/figures/robustness_heatmap.png,.png,251810,8b7a7297de09ed153983b91b46e65888680961af2d38036f7a0eb8e304fc4a12,True,appendix/support
outputs/lava_5/diagnostic_100/figures/roc_auc_comparison.png,.png,132093,aeab1bfdcfb40f99cb3bdcba52a87e4ffd7f0a98c49f5d6c79701c6543a98843,True,appendix/support
outputs/lava_5/diagnostic_100/figures/roc_comparison_4_models.png,.png,60092,1867914e8a285d7d86b084ced896de86a730b2f766f38d72b8262faa298f5a3d,True,appendix/support
outputs/lava_5/diagnostic_100/figures/roc_comparison_5_models.png,.png,120918,94a86e6332007dfde2de546b4b42188272fe0fc03860f5aae76b7d56d4e330d6,True,appendix/support
outputs/lava_5/diagnostic_100/figures/rtf_bar.png,.png,150233,4fc1bc2d9d2e45b98fd632ce4868d0c3da46ff26801d516962c11ecf902d2bd7,True,appendix/support
outputs/lava_5/diagnostic_100/figures/size_vs_eer_scatter.png,.png,120405,d2e8a7f460fc4aa633e5b235cdce01a6bc45fa1b0143f060c59ed70fddd43141,True,appendix/support
outputs/lava_5/diagnostic_100/figures/throughput_bar.png,.png,133084,e14ee9be816edf814fa6265c2ed21542c7a014432e15a043a3aff70dfd451720,True,appendix/support
outputs/lava_5/diagnostic_100/pareto/dominance_matrix.csv,.csv,194,8be914d44850e216d4de7acb83b7d2532abffbb247f515deb4570d6136737628,True,appendix/support
outputs/lava_5/diagnostic_100/pareto/pareto_2d_eer_rtf.png,.png,141473,9961e88862a8fba11671b3e092ebe577b3de3004da6b16766ad8ad07bb59d65a,True,appendix/support
outputs/lava_5/diagnostic_100/pareto/pareto_2d_robustness_rtf.png,.png,152332,d4fa8206880bd6ad16a14874e8ab78c869a15e0e726cf54dbe269e1e05be890d,True,appendix/support
outputs/lava_5/diagnostic_100/pareto/pareto_3d.png,.png,514903,7fa12678522e101a5bbd6fbac6cd2c48f9d9455ef92056dfbfc155f4aae56836,True,appendix/support
outputs/lava_5/diagnostic_100/pareto/pareto_results.csv,.csv,2157,b3767ced862b3ddf8aec893dc95970b841a626aee9f936e8fec49c72ca37c4e8,True,appendix/support
outputs/lava_5/diagnostic_100/protocol/aasist_load.json,.json,498,f47503344dd458bdcc351c8b966cdd8de091237966c4c1ebed7140d2f992963a,True,appendix/support
outputs/lava_5/diagnostic_100/protocol/aasist_native_audit.json,.json,801,44c5ba7bfba8eec47a5eda04c104e23b75fa0990f21ebb4bc38303e8ff701f89,True,appendix/support
outputs/lava_5/diagnostic_100/protocol/artifact_audit.csv,.csv,2646,b4b314c53e44e7d84f46eaafafcc9e476bc5eeabaf2624114e0af790d701ef04,True,appendix/support
outputs/lava_5/diagnostic_100/protocol/benchmark_implementation.json,.json,714,9ee095088cdb4f52bfe9a3449914fb45856b07289be47f9f7fe22595ea472a16,True,appendix/support
outputs/lava_5/diagnostic_100/protocol/compression_generation.json,.json,1228,3c2c2c82743d4cd0b71575528a1af6ad9bd099fe84c303343b38f0f6759b2f03,True,appendix/support
outputs/lava_5/diagnostic_100/protocol/compression_status.json,.json,62,9c4fbc7f862b33dee5bc5b0657980d0c934d8c2a6c7feb92f97e438784f456f4,True,appendix/support
outputs/lava_5/diagnostic_100/protocol/efficientnet_b0_lstm_load.json,.json,540,0cc764841afa76b39b9bf195250ad97b3b254393274e2700b2a1bc98a3002a5c,True,appendix/support
outputs/lava_5/diagnostic_100/protocol/execution_environment.json,.json,2834,cee888551b508f3f4bfb062cde47e2c9e01f6b020e6612d00689e692d8e7012d,True,appendix/support
outputs/lava_5/diagnostic_100/protocol/mnasnet_lstm_load.json,.json,531,c7197d8ea9fe0d999c195c32ae067abc8da9863fe0cabda50613f2b2eec2cd72,True,appendix/support
outputs/lava_5/diagnostic_100/protocol/mobilenetv3_lstm_load.json,.json,536,0130c4342ae7b32b8c5b89e33438ecb98a469a23e9ca9aae619368d06f1d01af,True,appendix/support
outputs/lava_5/diagnostic_100/protocol/noise_generation.json,.json,1001,b98507437c8f36369e97dcceacc0debacc9011198c7c88a9210e5cb058951280,True,appendix/support
outputs/lava_5/diagnostic_100/protocol/noise_status.json,.json,62,9c4fbc7f862b33dee5bc5b0657980d0c934d8c2a6c7feb92f97e438784f456f4,True,appendix/support
outputs/lava_5/diagnostic_100/protocol/protocol.json,.json,22091,a1509f3363290304eb78db502bb61cf9c3d3c892f6738eb6b7dde469d5860b4c,True,appendix/support
outputs/lava_5/diagnostic_100/protocol/radar_normalization.json,.json,547,57a6a6449aa26b743d937d6c025f5a3c3ed47c440831678dc77fdb50d61ce022,True,appendix/support
outputs/lava_5/diagnostic_100/protocol/rawnet2_load.json,.json,502,d6e71e7a7836932b5dca124f8ec4a0fdc2ff2cfe07bcec6cc317fadcf7103f2d,True,appendix/support
outputs/lava_5/diagnostic_100/protocol/rawnet2_native_audit.json,.json,822,eab2721ea41a2c6acd21a727c1bdf10a9be68b0a82a10c6ae040f2f7e5b23de5,True,appendix/support
outputs/lava_5/diagnostic_100/protocol/reference_origin_hashes.json,.json,638,df5247603807b2d01c10c3022f2b9d253d1598bb898095dee4344a10f1e04469,True,appendix/support
outputs/lava_5/diagnostic_100/protocol/replay_generation.json,.json,962,2c1fc4afddb3f9bcea2a32ce07e465dac3063d00bf96e34e8e595d63a60b2fcb,True,appendix/support
outputs/lava_5/diagnostic_100/protocol/replay_status.json,.json,62,9c4fbc7f862b33dee5bc5b0657980d0c934d8c2a6c7feb92f97e438784f456f4,True,appendix/support
outputs/lava_5/diagnostic_100/protocol/test_samples.csv,.csv,31670,f128b7d31522a1b3df6c07f265860e48e6d278bdfb4f7dacf75329c3604f72cd,True,appendix/support
outputs/lava_5/diagnostic_100/protocol/unit_test_results.json,.json,250,883fbf054f386a42f9dd27469b68e17aea74e6a123ec72197b30378a926e9871,True,appendix/support
outputs/lava_5/diagnostic_100/protocol/conditions/compression/aac_96k.csv,.csv,22853,41655a7eda630db986ec99881d847a22fb4f80fe70cff536b91ef81ce0a7dd8e,True,appendix/support
outputs/lava_5/diagnostic_100/protocol/conditions/compression/mp3_128k.csv,.csv,23053,679bca7f0d0cac1c5817f894f86c1e0eb827813d1bc87a11ea769ea8ec14e01a,True,appendix/support
outputs/lava_5/diagnostic_100/protocol/conditions/compression/mp3_64k.csv,.csv,22853,acc45e85f18078eca9efe591d1efc85dc6f700622286fb42232d480d69e61a5e,True,appendix/support
outputs/lava_5/diagnostic_100/protocol/conditions/compression/opus_64k.csv,.csv,23053,8d7089e23473ca81cff9e847da1b086c8e27f2ae3cfc87afc44dae2a4a0697c9,True,appendix/support
outputs/lava_5/diagnostic_100/protocol/conditions/noise/snr_0.csv,.csv,21853,de0a2adb9a536cc72b2ee2ca0315307c0037741905ef9a407dfb2aae10bc5b05,True,appendix/support
outputs/lava_5/diagnostic_100/protocol/conditions/noise/snr_10.csv,.csv,22053,19b1cd77f31cc51f2acd9ac24bf7d1bd16d4484b8aea9cb2cbb7ef0330dac470,True,appendix/support
outputs/lava_5/diagnostic_100/protocol/conditions/noise/snr_20.csv,.csv,22053,ad5c167c9d2780977ecd690f6eeeb9dab6cf73d3ef25605c0ae5749791ac4b67,True,appendix/support
outputs/lava_5/diagnostic_100/protocol/conditions/noise/snr_5.csv,.csv,21853,08a8d2a1d7b96bd2d5e4cc715907a77b6113571a8e17a88aab87c9068a004f3e,True,appendix/support
outputs/lava_5/diagnostic_100/protocol/conditions/replay/synthetic_channel.csv,.csv,24353,b801bd8fc55abe7006928dacc44bd8a54fb8cd1f678b21b2133b913844aa17bb,True,appendix/support
outputs/lava_5/diagnostic_100/protocol/logs/compression_aasist_1788543424757122500.txt,.txt,2434,6178d1da559b0e17876f22af0aecc0353bd46253a155f9eb5c53d685f801f2aa,True,appendix/support
outputs/lava_5/diagnostic_100/protocol/logs/compression_efficientnet_b0_lstm_1788543241127213200.txt,.txt,3307,31b14d6d70773b397181a30db944713e8cfcf919e5539d7de6f32deb29bbcfcd,True,appendix/support
outputs/lava_5/diagnostic_100/protocol/logs/compression_mnasnet_lstm_1788543323818563100.txt,.txt,3245,2847a6d3a5ccc5da467c156ce5fbf93b12b31126e15c5cce8cf289164c7203d0,True,appendix/support
outputs/lava_5/diagnostic_100/protocol/logs/compression_mobilenetv3_lstm_1788543209313633900.txt,.txt,3203,d9f128d65a32a56739df3f00bcddc00ae4e45e56a569dff8580cee6b835c28fb,True,appendix/support
outputs/lava_5/diagnostic_100/protocol/logs/compression_rawnet2_1788543383815373800.txt,.txt,2460,5a380724fb6872f994e200bfd6c542bad8f0a17c0b4f22a067ab5844acd929b3,True,appendix/support
outputs/lava_5/diagnostic_100/protocol/logs/noise_aasist_1788543040317063900.txt,.txt,2438,34868c20c3ad90c34f2f24d77af22acb044af4cd798f584db5de08bcb7975175,True,appendix/support
outputs/lava_5/diagnostic_100/protocol/logs/noise_efficientnet_b0_lstm_1788542855840637200.txt,.txt,3254,0fe0e7aefc50895ff4f8bc12745b03614d4c5902bba0c2ebd760d17a48f08e48,True,appendix/support
outputs/lava_5/diagnostic_100/protocol/logs/noise_mnasnet_lstm_1788542948916761500.txt,.txt,3184,71b1fc28ab08d13c87466fbcf8d3786a5dc57005ca37fe24e0789f33278edd20,True,appendix/support
outputs/lava_5/diagnostic_100/protocol/logs/noise_mobilenetv3_lstm_1788542814817292700.txt,.txt,3221,bb88a3b096638e483023c1542e95b5b6c652855d8c83c951e052cf847d2920be,True,appendix/support
outputs/lava_5/diagnostic_100/protocol/logs/noise_rawnet2_1788543004594373700.txt,.txt,2306,35f8e3cbdaf661183b8dbb658497ea061b6a04974c91febb716fad5c52fb695c,True,appendix/support
outputs/lava_5/diagnostic_100/protocol/logs/replay_aasist_1788543667654786500.txt,.txt,633,de10464b64a9a7003edaf651ab431e21c08ca2b2dce2507d719aeae800e1b107,True,appendix/support
outputs/lava_5/diagnostic_100/protocol/logs/replay_efficientnet_b0_lstm_1788543589918849600.txt,.txt,1404,97f62ca4e7c6a799f4c9893f96303c83ff5fc02262e86778b41f93ebdc19f69f,True,appendix/support
outputs/lava_5/diagnostic_100/protocol/logs/replay_mnasnet_lstm_1788543631197238300.txt,.txt,1381,7148ddaf10ecae997498175c8033e4fe77216cf0b0865c51545c52fa94978df3,True,appendix/support
outputs/lava_5/diagnostic_100/protocol/logs/replay_mobilenetv3_lstm_1788543568394525500.txt,.txt,1381,a6b14901ba6c93c3d2c3c9efa46646297f444ffd44fca3bbc1200734165729b9,True,appendix/support
outputs/lava_5/diagnostic_100/protocol/logs/replay_rawnet2_1788543657448105300.txt,.txt,637,a0c9c33c46946117d2699ad8128ac8cd725c91a12c844a47b51515f169226884,True,appendix/support
outputs/lava_5/diagnostic_100/report/acceptance.json,.json,235,00b16b7997efdb47b5bda5e9fca4aa81f104bfb71d33ebd208ab19ec5b2ba6c6,True,appendix/support
outputs/lava_5/diagnostic_100/report/LAVA_5_BENCHMARK_REPORT.md,.md,9151,25cd10f9a666ed40c73c1a00d5116797b21cfabc4cd518f3a135751c63567c79,True,appendix/support
outputs/lava_5/diagnostic_100/robustness/compression/aac_96k/aasist/scores.csv,.csv,5633,880e38c5a431276d656d5627865f8f3ac56b22330b4436168c7e805cd6736667,True,appendix/support
outputs/lava_5/diagnostic_100/robustness/compression/aac_96k/aasist/summary.json,.json,648,827559a021d52233da95fb69dea1d09b845f0c97505c3f1ab3be5f469aa67d29,True,appendix/support
outputs/lava_5/diagnostic_100/robustness/compression/aac_96k/efficientnet_b0_lstm/scores.csv,.csv,7150,66efb00e9a6fc1d48c63a1ba7b1ebf446e0847fdd7409dec3d409af8998291ed,True,appendix/support
outputs/lava_5/diagnostic_100/robustness/compression/aac_96k/efficientnet_b0_lstm/summary.json,.json,662,0e7f19c233744e73ccd1f65e223e59024b26cbf153fd0cc987973f0f086fe54b,True,appendix/support
outputs/lava_5/diagnostic_100/robustness/compression/aac_96k/mnasnet_lstm/scores.csv,.csv,7096,7a331ff60d898b3c5154fe134dcbcb4a9138d24ec4b39f04598df190b3479f8f,True,appendix/support
outputs/lava_5/diagnostic_100/robustness/compression/aac_96k/mnasnet_lstm/summary.json,.json,647,cf8b42d7f47a517cb8cde724a04b5a5ee87e0e1a4936c07c97e82b6f5cc27241,True,appendix/support
outputs/lava_5/diagnostic_100/robustness/compression/aac_96k/mobilenetv3_lstm/scores.csv,.csv,5813,56d3f2f42937084288d12dd6d7c824d097eec81b096e9ca12a7d4d15ef1f15e3,True,appendix/support
outputs/lava_5/diagnostic_100/robustness/compression/aac_96k/mobilenetv3_lstm/summary.json,.json,641,5a32d45212dad04032e00f31ed464fb8620113fb768e1e550237c8260047c8a3,True,appendix/support
outputs/lava_5/diagnostic_100/robustness/compression/aac_96k/rawnet2/scores.csv,.csv,5607,dbb93e5e16aa1606e029821562cc59155a887d64d27f0679c77036d36bc4d93a,True,appendix/support
outputs/lava_5/diagnostic_100/robustness/compression/aac_96k/rawnet2/summary.json,.json,637,eb41cf1115573e02853780d11ff07fe10efe9aaeba5fa7bb947add7c42da5080,True,appendix/support
outputs/lava_5/diagnostic_100/robustness/compression/mp3_128k/aasist/scores.csv,.csv,5652,6f40ed8993e85a138b2f494f1b6d10d3eaa1bd54a3348f56116daa14fa441b29,True,appendix/support
outputs/lava_5/diagnostic_100/robustness/compression/mp3_128k/aasist/summary.json,.json,634,2d3b7553a353583d846067ecd46f8de1011d5c37c73b272dc39305f912aa1ab8,True,appendix/support
outputs/lava_5/diagnostic_100/robustness/compression/mp3_128k/efficientnet_b0_lstm/scores.csv,.csv,7142,97181d501a0925d96b11427a8c9cfe5dc2faccc7368e19863100e74444e7fd0a,True,appendix/support
outputs/lava_5/diagnostic_100/robustness/compression/mp3_128k/efficientnet_b0_lstm/summary.json,.json,663,bbae53305b00c6d53e84e6fb38db93803d79f60ff4349eb58316bfb1f9264710,True,appendix/support
outputs/lava_5/diagnostic_100/robustness/compression/mp3_128k/mnasnet_lstm/scores.csv,.csv,7082,8dd11a614319d2a18fd5c6167f800e84621249281951fc3a5c4a2e0e049d448d,True,appendix/support
outputs/lava_5/diagnostic_100/robustness/compression/mp3_128k/mnasnet_lstm/summary.json,.json,663,0a545a1d30bdfd1e5d5cba028d3454ea49c90cbd3da1bc67cd90ecfdd035b934,True,appendix/support
outputs/lava_5/diagnostic_100/robustness/compression/mp3_128k/mobilenetv3_lstm/scores.csv,.csv,5825,fff772c066c4b6aa6ef0779b496400e9549a29dc633dfa4da63c6520edd68758,True,appendix/support
outputs/lava_5/diagnostic_100/robustness/compression/mp3_128k/mobilenetv3_lstm/summary.json,.json,642,99b5192745f172993dc0fc2cf37fe7b6747946957d2671af25074c7500c7dfdd,True,appendix/support
outputs/lava_5/diagnostic_100/robustness/compression/mp3_128k/rawnet2/scores.csv,.csv,5606,981d4547bef00667f0b6c7c1f10fa3e41403dc917f2338ea19ae2cba737f1d01,True,appendix/support
outputs/lava_5/diagnostic_100/robustness/compression/mp3_128k/rawnet2/summary.json,.json,652,2049ca65297a9e1f94f7b95505940dc8abb167e792627979062950ecf93328d8,True,appendix/support
outputs/lava_5/diagnostic_100/robustness/compression/mp3_64k/aasist/scores.csv,.csv,5636,d941c43a9e5f35334e327c42b68b2a83abf64e4e4001184fe49307e9458a84bd,True,appendix/support
outputs/lava_5/diagnostic_100/robustness/compression/mp3_64k/aasist/summary.json,.json,633,79fb904897312082db8a367f3da4c0c36bc4be4e21b1bc34e37513974c70af04,True,appendix/support
outputs/lava_5/diagnostic_100/robustness/compression/mp3_64k/efficientnet_b0_lstm/scores.csv,.csv,7147,afbb00a4b5f3f94647e0a65df38b9a8dfa3d9d71dda24ccf403c84855a164440,True,appendix/support
outputs/lava_5/diagnostic_100/robustness/compression/mp3_64k/efficientnet_b0_lstm/summary.json,.json,663,8ebb37e2d20bd626928db694804b35c36432644bb08974fcc07d7d09bf79c1ca,True,appendix/support
outputs/lava_5/diagnostic_100/robustness/compression/mp3_64k/mnasnet_lstm/scores.csv,.csv,7087,7405baff3cd4b63ea002db9fb676e668042fb4500fcb1599792b074971be1736,True,appendix/support
outputs/lava_5/diagnostic_100/robustness/compression/mp3_64k/mnasnet_lstm/summary.json,.json,663,357560dd1f0fc68a3b28fb056cd8f38f8b58799b2e1689d005b4122f82b10473,True,appendix/support
outputs/lava_5/diagnostic_100/robustness/compression/mp3_64k/mobilenetv3_lstm/scores.csv,.csv,5820,3613561ba6ac8e637b68a1f3ccc30fdf08921afd2faba8cd579f214d1f595f83,True,appendix/support
outputs/lava_5/diagnostic_100/robustness/compression/mp3_64k/mobilenetv3_lstm/summary.json,.json,641,7ccddccd16ae8dc19ffb1eec1da650ddedd743fb74b08df0b7d7c33fd1083585,True,appendix/support
outputs/lava_5/diagnostic_100/robustness/compression/mp3_64k/rawnet2/scores.csv,.csv,5610,0b2802aa735208008878617eac4c88c434e27c0574871896190872c2be78c205,True,appendix/support
outputs/lava_5/diagnostic_100/robustness/compression/mp3_64k/rawnet2/summary.json,.json,648,5ea1a747c0a3d47e29eed8e0c1a0c7d289cfdff6f35d7881acd40bb1e3b3518e,True,appendix/support
outputs/lava_5/diagnostic_100/robustness/compression/opus_64k/aasist/scores.csv,.csv,5641,14ad697febb46839cc48a3c4542ef8586d29112350a2a21fb6c44f7f2c484399,True,appendix/support
outputs/lava_5/diagnostic_100/robustness/compression/opus_64k/aasist/summary.json,.json,649,4aee875ae1bca0753653332248d1687b93b61da09b7f34b75d2c1acce3eb14d6,True,appendix/support
outputs/lava_5/diagnostic_100/robustness/compression/opus_64k/efficientnet_b0_lstm/scores.csv,.csv,7152,962ec4b8e4b3b20c484bd752d4ea1063defb74ac5e8ab5a994e35adf92360f57,True,appendix/support
outputs/lava_5/diagnostic_100/robustness/compression/opus_64k/efficientnet_b0_lstm/summary.json,.json,665,9f662183d31c0bab1439703eee1d6be55ec020296bc3543df84f63a49da42eb8,True,appendix/support
outputs/lava_5/diagnostic_100/robustness/compression/opus_64k/mnasnet_lstm/scores.csv,.csv,7093,c6626b40a631b1586c8ccdd45e19d8f2660c2e2e7b32d12d0bce01187847ad9d,True,appendix/support
outputs/lava_5/diagnostic_100/robustness/compression/opus_64k/mnasnet_lstm/summary.json,.json,650,bc35e11c3f8d4c4c254dff39ea3b69d2e504bf8416e5367abcfe96dee4f65574,True,appendix/support
outputs/lava_5/diagnostic_100/robustness/compression/opus_64k/mobilenetv3_lstm/scores.csv,.csv,5807,f5bfbddc9010da1c0aea9b9e459c33f8794539c367af05df43825b5d6c710ccb,True,appendix/support
outputs/lava_5/diagnostic_100/robustness/compression/opus_64k/mobilenetv3_lstm/summary.json,.json,641,a83a3431b318eada6315a2b0b3ef2ec68cdaa5b83dd73b5838f07c0e4934ef45,True,appendix/support
outputs/lava_5/diagnostic_100/robustness/compression/opus_64k/rawnet2/scores.csv,.csv,5606,3665cccfd94b58798d840d8ef6ca80fcb88d78ef014d36b411b9d7a834d08322,True,appendix/support
outputs/lava_5/diagnostic_100/robustness/compression/opus_64k/rawnet2/summary.json,.json,649,8afea986a50be9c3e54ed88e6517414756c4cafdc6af935e6d06a2009d41b07d,True,appendix/support
outputs/lava_5/diagnostic_100/robustness/noise/snr_0/aasist/scores.csv,.csv,5558,8a155815a5a9ee133aff57a577ca72888c485e348a057c566eb3e144518681f3,True,appendix/support
outputs/lava_5/diagnostic_100/robustness/noise/snr_0/aasist/summary.json,.json,635,197528e1adce5f935e9757e070601fdb56f70e28eda2501fda1c490afe1eb9ab,True,appendix/support
outputs/lava_5/diagnostic_100/robustness/noise/snr_0/efficientnet_b0_lstm/scores.csv,.csv,7151,559506b87902999c6fb76a5eeccd264d99329b138d875d02a943b4c2ddc99c53,True,appendix/support
outputs/lava_5/diagnostic_100/robustness/noise/snr_0/efficientnet_b0_lstm/summary.json,.json,633,a7034156ec746f8a0004696c3c5b2625fa24c290866a7cd482a62a68115366e8,True,appendix/support
outputs/lava_5/diagnostic_100/robustness/noise/snr_0/mnasnet_lstm/scores.csv,.csv,7049,f6a4c2c3847f68f95453e7c44bbb06c0d076c82f67ab17cb135ba800f3a7ad76,True,appendix/support
outputs/lava_5/diagnostic_100/robustness/noise/snr_0/mnasnet_lstm/summary.json,.json,615,c10da61da4811c7f4f8aca9dde6906dc088a900e51980000cfa8f8e9f2849b4d,True,appendix/support
outputs/lava_5/diagnostic_100/robustness/noise/snr_0/mobilenetv3_lstm/scores.csv,.csv,5777,61368410c763a14a467ac7a65e9c93ca011fbac431de3f0c65d4d5f0b8e7a874,True,appendix/support
outputs/lava_5/diagnostic_100/robustness/noise/snr_0/mobilenetv3_lstm/summary.json,.json,642,ff2a6fbf75cb3c8d81ab0ebca65f9bff0eb441a58213fe843623520dbde94279,True,appendix/support
outputs/lava_5/diagnostic_100/robustness/noise/snr_0/rawnet2/scores.csv,.csv,5822,90867fc7651439593a1e6c1129ff14825476c50ce2bbaeca06cdee8c4de6b971,True,appendix/support
outputs/lava_5/diagnostic_100/robustness/noise/snr_0/rawnet2/summary.json,.json,602,b4b2b66e2a24f32b4bab536805f6adc48e9e5f8f2f249dd527b2d3c229e86f6a,True,appendix/support
outputs/lava_5/diagnostic_100/robustness/noise/snr_10/aasist/scores.csv,.csv,5604,69b7ecd1d88f8279d8894c5567911bd8808762c0568b04ac1c66a74282b5405d,True,appendix/support
outputs/lava_5/diagnostic_100/robustness/noise/snr_10/aasist/summary.json,.json,646,4d4ff118896aab52036b13ce5d3c108b6f3cfddf713c3294443d12933e437b61,True,appendix/support
outputs/lava_5/diagnostic_100/robustness/noise/snr_10/efficientnet_b0_lstm/scores.csv,.csv,7134,3ee5b19b0c2a72c22d4914723389a67ee1f9b2c951f1f6a68d49fa3db35f720d,True,appendix/support
outputs/lava_5/diagnostic_100/robustness/noise/snr_10/efficientnet_b0_lstm/summary.json,.json,663,a4fa0f9e7e2eca7b4131f579f8c614b888ee25e20140f604a37d7f1e77387c29,True,appendix/support
outputs/lava_5/diagnostic_100/robustness/noise/snr_10/mnasnet_lstm/scores.csv,.csv,7056,75589c67f811db5f6b7f48b4c03e93d800bcc3058f0c2468cfcedbf9b3a4a205,True,appendix/support
outputs/lava_5/diagnostic_100/robustness/noise/snr_10/mnasnet_lstm/summary.json,.json,663,728a44f7306bd1036b688c23f5a28c779c48895375de79de03a26c0ce67a23e8,True,appendix/support
outputs/lava_5/diagnostic_100/robustness/noise/snr_10/mobilenetv3_lstm/scores.csv,.csv,5772,112046a6679b5ce04b06f5385a8df15c85d3bc7c0632303c076a67a4b334bd8d,True,appendix/support
outputs/lava_5/diagnostic_100/robustness/noise/snr_10/mobilenetv3_lstm/summary.json,.json,655,ed44b0d879c01c483f8fe1b7fdd8870b422ec0e52bb7005513c160235110c5ae,True,appendix/support
outputs/lava_5/diagnostic_100/robustness/noise/snr_10/rawnet2/scores.csv,.csv,5854,aba141c67b40d2bb948d7c044722e92b9fe21126544036cea3aed654b56b409f,True,appendix/support
outputs/lava_5/diagnostic_100/robustness/noise/snr_10/rawnet2/summary.json,.json,602,6edd2273bc268138b28864ac6e534879b6ff583e0dcd1ebc43b3f93b5e6c7e82,True,appendix/support
outputs/lava_5/diagnostic_100/robustness/noise/snr_20/aasist/scores.csv,.csv,5626,24cbb7f54c5e654d45e4217f8f350721874f92a9d0ac653633f771caaecbd073,True,appendix/support
outputs/lava_5/diagnostic_100/robustness/noise/snr_20/aasist/summary.json,.json,648,ebef3db9964d3bfc9087ffe22be51e99996ec7b8a221d2414c4ab381c8b0ff8e,True,appendix/support
outputs/lava_5/diagnostic_100/robustness/noise/snr_20/efficientnet_b0_lstm/scores.csv,.csv,7116,397ba2b6a05a34eaaca560cf02a275def0b19321204a2f121a548fc92a59e969,True,appendix/support
outputs/lava_5/diagnostic_100/robustness/noise/snr_20/efficientnet_b0_lstm/summary.json,.json,679,205e93d5d2740252cf9cf57f103950fe4a2d6bea23536ba3b3c2826af214bb5b,True,appendix/support
outputs/lava_5/diagnostic_100/robustness/noise/snr_20/mnasnet_lstm/scores.csv,.csv,7059,df28b9af35b6169fcacee42af8eb8810507e266025f633a434f24951b8b71543,True,appendix/support
outputs/lava_5/diagnostic_100/robustness/noise/snr_20/mnasnet_lstm/summary.json,.json,662,5761f19e86a2ac6ae550a5e40489757382057db8fafbc2f0269c5528a1374ee7,True,appendix/support
outputs/lava_5/diagnostic_100/robustness/noise/snr_20/mobilenetv3_lstm/scores.csv,.csv,5769,81540ac91eec6ee9cb2b583c97b23fc540f8be7f3c60670622e706006a980d80,True,appendix/support
outputs/lava_5/diagnostic_100/robustness/noise/snr_20/mobilenetv3_lstm/summary.json,.json,654,ef7b3ba77408965285a7b536340d4cf88a11ef678d13912d34fc8fd202f891be,True,appendix/support
outputs/lava_5/diagnostic_100/robustness/noise/snr_20/rawnet2/scores.csv,.csv,5729,a01e3ae0627b74fae56eb5ac47584dbf9bfa46f266a259743b3f03ee2820d9a6,True,appendix/support
outputs/lava_5/diagnostic_100/robustness/noise/snr_20/rawnet2/summary.json,.json,634,7a7e8e7e3f436ac730a776f0c8688e2fb1dfcaa3c263bc94e1ebd398425813c4,True,appendix/support
outputs/lava_5/diagnostic_100/robustness/noise/snr_5/aasist/scores.csv,.csv,5586,453d45dc7d66f80c87e0826e57bdd3e7ad15c10c1dbed1d45883b93cb66860d6,True,appendix/support
outputs/lava_5/diagnostic_100/robustness/noise/snr_5/aasist/summary.json,.json,647,27ecab21f753cf33d7d8ede15044c415d76568ea1df8f0face6c88438fc6cb1e,True,appendix/support
outputs/lava_5/diagnostic_100/robustness/noise/snr_5/efficientnet_b0_lstm/scores.csv,.csv,7127,301ffae70dc089a6decf6bba728be1b33b2bcec894ee63bf5373e52c7a173d5a,True,appendix/support
outputs/lava_5/diagnostic_100/robustness/noise/snr_5/efficientnet_b0_lstm/summary.json,.json,633,0313feac8d7e5d1b110028ae50a3bd3cf62af3720af25e6315bc88f36cfc20ef,True,appendix/support
outputs/lava_5/diagnostic_100/robustness/noise/snr_5/mnasnet_lstm/scores.csv,.csv,7049,483281911460d510a6cb76f9431dab9a0ebd5ba710cbc92bacafcaf7663edaad,True,appendix/support
outputs/lava_5/diagnostic_100/robustness/noise/snr_5/mnasnet_lstm/summary.json,.json,630,5bb5b3080176e8e1e7dc4d0961399c9a2c2f8c6d1a9121b4b972c24ddf5e51c9,True,appendix/support
outputs/lava_5/diagnostic_100/robustness/noise/snr_5/mobilenetv3_lstm/scores.csv,.csv,5764,736ca9b23150d718356d174381b61af4d30e99b9944d86227ee906e3eb6ff477,True,appendix/support
outputs/lava_5/diagnostic_100/robustness/noise/snr_5/mobilenetv3_lstm/summary.json,.json,640,061d20568198dc4fb0e704f3c8ace67625e623e44820c472184e6b3df5e0152a,True,appendix/support
outputs/lava_5/diagnostic_100/robustness/noise/snr_5/rawnet2/scores.csv,.csv,5856,dfe2cecd9eb80f8cbfbc159fa9f5fcb78766321623f8c6a81135c6cb322c7eda,True,appendix/support
outputs/lava_5/diagnostic_100/robustness/noise/snr_5/rawnet2/summary.json,.json,602,1600c2d9c765e3572fe354859881c7f00f74991964a19532a92045cbdde927a2,True,appendix/support
outputs/lava_5/diagnostic_100/robustness/replay/synthetic_channel/aasist/scores.csv,.csv,5596,80881e6ddea514d4127e24f63dfc3ce3ea20e42c4f873f4a541dd083fc637154,True,appendix/support
outputs/lava_5/diagnostic_100/robustness/replay/synthetic_channel/aasist/summary.json,.json,656,5776206c809e63f3a5f3c2cc114ee6dc93961242fd5a7ca59da73f0bfdb9f6f7,True,appendix/support
outputs/lava_5/diagnostic_100/robustness/replay/synthetic_channel/efficientnet_b0_lstm/scores.csv,.csv,7091,ccbf3a1f7d7d3da8e357d860a0244aed335e9fd0dbe0a76919c98e9bad242fad,True,appendix/support
outputs/lava_5/diagnostic_100/robustness/replay/synthetic_channel/efficientnet_b0_lstm/summary.json,.json,685,99697c4c2399bdc12e1901d79c00b1c6cc90237df3f9c17a2edfd13e572e6f4e,True,appendix/support
outputs/lava_5/diagnostic_100/robustness/replay/synthetic_channel/mnasnet_lstm/scores.csv,.csv,7089,57fbd2ee518cfd2439fdf20023b4b71f049c8320ecbb304f31b2359738a55700,True,appendix/support
outputs/lava_5/diagnostic_100/robustness/replay/synthetic_channel/mnasnet_lstm/summary.json,.json,670,8d39e94a6153f9b01320c175153039a6b358c1920af5ea9e14280773efec72f4,True,appendix/support
outputs/lava_5/diagnostic_100/robustness/replay/synthetic_channel/mobilenetv3_lstm/scores.csv,.csv,5771,9a66d26ab31bf0003584cc664fe64669a6ccac8c8d0010c9fadbb41bd27c0680,True,appendix/support
outputs/lava_5/diagnostic_100/robustness/replay/synthetic_channel/mobilenetv3_lstm/summary.json,.json,666,8dcd64a5906a6eead499f9d8fd7538fb111a4974f65eabc225372a903c638b00,True,appendix/support
outputs/lava_5/diagnostic_100/robustness/replay/synthetic_channel/rawnet2/scores.csv,.csv,5604,edaa48c899b9775d41110885a5d60797556dde7cb0212c2df059ec5b32751473,True,appendix/support
outputs/lava_5/diagnostic_100/robustness/replay/synthetic_channel/rawnet2/summary.json,.json,659,6818033c07c7b3a4347eb5cf02be206aa10b45f4623779e4d02a851f25238e69,True,appendix/support
outputs/lava_5/diagnostic_100/stress_audio/compression/aac_96k/07d9b5deb47c8c4f7a4add8f.json,.json,269,a02812ed103f34c4b8dc340d3b3e77fca2e2658de24d5bc048f720bbe591b17d,True,appendix/support
outputs/lava_5/diagnostic_100/stress_audio/compression/aac_96k/07d9b5deb47c8c4f7a4add8f.wav,.wav,266332,e2d36524ed27040ca3a3b7e57201f531c8d1d36a3b501ce3bc9ac9bdbfff1d5c,True,appendix/support
outputs/lava_5/diagnostic_100/stress_audio/compression/aac_96k/0820dd3eab813b0e27b93e8e.json,.json,269,7db7a4ffca97dfd1dd5b5697ecede43666b62f0b1daa1297092cd3abcc479001,True,appendix/support
outputs/lava_5/diagnostic_100/stress_audio/compression/aac_96k/0820dd3eab813b0e27b93e8e.wav,.wav,143452,3c2c8a5c4ec8f9ae04863e50c5c8549d999ff1d20840af0d92ce18dc1fe25a9f,True,appendix/support
outputs/lava_5/diagnostic_100/stress_audio/compression/aac_96k/0899cf09f6d50c7d88ac7f41.json,.json,269,a8655190ce959acf8b87a9cb8e1a5bcb4ba4e0eece835e079d051331690a2391,True,appendix/support
outputs/lava_5/diagnostic_100/stress_audio/compression/aac_96k/0899cf09f6d50c7d88ac7f41.wav,.wav,266332,d6ecc96f1e769e75794d2230eb03649d17d1a316a2fd2ed6bb50095c96a95911,True,appendix/support
outputs/lava_5/diagnostic_100/stress_audio/compression/aac_96k/0b64d54b2ad1c742cfce0b3b.json,.json,269,b0e32ca2f4c427f0c1bcfc1c66c9924b154efbbaac182aabc152b6d2668fc187,True,appendix/support
outputs/lava_5/diagnostic_100/stress_audio/compression/aac_96k/0b64d54b2ad1c742cfce0b3b.wav,.wav,237660,8721be085ad09bcf8c57b174873373329ab71790b560fb99d8875dd34250ba9d,True,appendix/support
outputs/lava_5/diagnostic_100/stress_audio/compression/aac_96k/0ec75ca5547a5dceafb10cde.json,.json,269,20ed2d7756f2a840546ec08edeb911c47d58af25e4aab16be64487d33e443396,True,appendix/support
outputs/lava_5/diagnostic_100/stress_audio/compression/aac_96k/0ec75ca5547a5dceafb10cde.wav,.wav,118876,d1bfa4e87511284744bfe1cc3feda7c2701c2ab2791feb6b99f0fed05b2f20cb,True,appendix/support
outputs/lava_5/diagnostic_100/stress_audio/compression/aac_96k/0f5e87bc674a0d76952aba00.json,.json,269,36c451d18a0828d14b66bb81e16342ecd162bed0a3af27f8201c41bb1d1ac5ab,True,appendix/support
outputs/lava_5/diagnostic_100/stress_audio/compression/aac_96k/0f5e87bc674a0d76952aba00.wav,.wav,266332,49f1433b3339d50fc12aac5e2d198ee24cf14aa9c8a7a155c0c1b734475f94a8,True,appendix/support
outputs/lava_5/diagnostic_100/stress_audio/compression/aac_96k/0fe6868f97e611c23992d12c.json,.json,269,3df1e791f8b48085abb352111e63db0e71a9c88ddffcd3bae130aa31eee07ddd,True,appendix/support
outputs/lava_5/diagnostic_100/stress_audio/compression/aac_96k/0fe6868f97e611c23992d12c.wav,.wav,77916,a1812125e4f863163feca5e93f06275f0dcdd1691c01d79d2c4c01e03f794a3b,True,appendix/support
outputs/lava_5/diagnostic_100/stress_audio/compression/aac_96k/12838c2d174bf0558d7fc31b.json,.json,269,bb65bc0885519880d69d8f8a021d29bf559bca6eea63b5501aeb57878c78b7fa,True,appendix/support
outputs/lava_5/diagnostic_100/stress_audio/compression/aac_96k/12838c2d174bf0558d7fc31b.wav,.wav,180316,5efd548482f99c1b25c8264a2d03bb39039a0f60c70d424ffe36460f8e4c7c9d,True,appendix/support
outputs/lava_5/diagnostic_100/stress_audio/compression/aac_96k/13803178f8dd8668d906ee39.json,.json,269,f6ec5ba65a231f849e1dbc4b5360cce4d3a8aefc5ba2ade8a88f84d417b3625e,True,appendix/support
outputs/lava_5/diagnostic_100/stress_audio/compression/aac_96k/13803178f8dd8668d906ee39.wav,.wav,221276,d5d95559221308ab38eb07b651bc0ae185e508489201b9525455314945f3786e,True,appendix/support
outputs/lava_5/diagnostic_100/stress_audio/compression/aac_96k/14d80c96a6550873915015e8.json,.json,269,25207458a29c9fd9bb5743ec69631dc8e63d69c98d6f62758a2bee05a515f364,True,appendix/support
outputs/lava_5/diagnostic_100/stress_audio/compression/aac_96k/14d80c96a6550873915015e8.wav,.wav,262236,6702a6e27dc3c54e5c3b8ed31f2e36cd7890f186b5de978b4d3b9f6a7ebc7c96,True,appendix/support
outputs/lava_5/diagnostic_100/stress_audio/compression/aac_96k/15b5d69cacf815ece2d95caa.json,.json,269,1dc773cbd798694003472b8e1e624c3f10e0b9edbaecc58aa3e38ae7650ed849,True,appendix/support
outputs/lava_5/diagnostic_100/stress_audio/compression/aac_96k/15b5d69cacf815ece2d95caa.wav,.wav,184412,ca3ed4f930e608072cccc5812d086384d7761f0042b04702cfc9487d5d9c6fe2,True,appendix/support
outputs/lava_5/diagnostic_100/stress_audio/compression/aac_96k/16519131f339da12045af5e8.json,.json,269,e743639a103452c3f9817f4743558472e4ef1a9f9ae37991ffc739579da8930a,True,appendix/support
outputs/lava_5/diagnostic_100/stress_audio/compression/aac_96k/16519131f339da12045af5e8.wav,.wav,184412,aeff98ab880e3a9a7663c5cd94d8a2d21aba7637a3c8ddc00a552135c4b3cc22,True,appendix/support
outputs/lava_5/diagnostic_100/stress_audio/compression/aac_96k/1663a8d5bb42d6a2e8c8cdc0.json,.json,269,becb2cd511dfdc2588f3a5d773e7b9c28c23d967f0fd690eefb75ca32c4df9bd,True,appendix/support
outputs/lava_5/diagnostic_100/stress_audio/compression/aac_96k/1663a8d5bb42d6a2e8c8cdc0.wav,.wav,188508,be0952a425aee78404795e5b123c8403f0a0d8bd0dea5f2e91d69f8699242003,True,appendix/support
outputs/lava_5/diagnostic_100/stress_audio/compression/aac_96k/1cc0f44320dd697c694c2416.json,.json,269,b8015e4f8a0fe78ef6b3389d4ae9500dc6ea9b05415c50b8f32fbb55a662f97c,True,appendix/support
outputs/lava_5/diagnostic_100/stress_audio/compression/aac_96k/1cc0f44320dd697c694c2416.wav,.wav,266332,3f4cd31b12b947f0165ec6fcf31121ab402357722530c3ca5951f8335db20c9e,True,appendix/support
outputs/lava_5/diagnostic_100/stress_audio/compression/aac_96k/1d05f3056ab84f705cb3db4f.json,.json,269,a970363b7c53332e940abe823a55394498e8ac7962a8015bb55fc334a2669c30,True,appendix/support
outputs/lava_5/diagnostic_100/stress_audio/compression/aac_96k/1d05f3056ab84f705cb3db4f.wav,.wav,266332,acc8eb7bbe27dbcc6170d4d91b6248a485697326bee86db5197d67a84617fb2d,True,appendix/support
outputs/lava_5/diagnostic_100/stress_audio/compression/aac_96k/20e3ba6ea5ae847fc7730906.json,.json,269,09c9c4657e7bf4725a9d088257d52cfd8e246f7ad8887ec9068773e0028ba548,True,appendix/support
outputs/lava_5/diagnostic_100/stress_audio/compression/aac_96k/20e3ba6ea5ae847fc7730906.wav,.wav,266332,b22f26aaee75c0336020419beb6618b18f63ea9836573ae31de5eef5bbe5575d,True,appendix/support
outputs/lava_5/diagnostic_100/stress_audio/compression/aac_96k/22a52105eeb8604387537fc8.json,.json,269,f3e6b389b3ea2baa98b70f272524db42cd4a0b4b075f0c49107f7bbf6fbd78d5,True,appendix/support
outputs/lava_5/diagnostic_100/stress_audio/compression/aac_96k/22a52105eeb8604387537fc8.wav,.wav,184412,0af26707de01760f74c53b55b83f76559f1fde16083fb53c5295cdaf19afa440,True,appendix/support
outputs/lava_5/diagnostic_100/stress_audio/compression/aac_96k/2312c3f3be831c56c2f7d6f9.json,.json,269,dbf68fc6ba9ac2654c6510a5a0fc1ff50f5072286bc4331a2f3ce07c94042585,True,appendix/support
outputs/lava_5/diagnostic_100/stress_audio/compression/aac_96k/2312c3f3be831c56c2f7d6f9.wav,.wav,266332,7fa4d7e895d675625f81bae6d130717a9b95079f68d427c0d1b0526f172a4dd8,True,appendix/support
outputs/lava_5/diagnostic_100/stress_audio/compression/aac_96k/23fdfd933236da9fc18b9698.json,.json,269,ea402b17402f14e7b24405740807357e2d4cb32f7c4dc1e16308c58f3cfba58b,True,appendix/support
outputs/lava_5/diagnostic_100/stress_audio/compression/aac_96k/23fdfd933236da9fc18b9698.wav,.wav,208988,8834d8b7fbe374c643544f21a8dd4e0d963973ba8337a239177a7940de0a394f,True,appendix/support
outputs/lava_5/diagnostic_100/stress_audio/compression/aac_96k/27cc7329c4e34012808006bd.json,.json,269,170f1072c04417e6fc5a9c10af8f4e254834daf7addca1bed40245f1e4a88178,True,appendix/support
outputs/lava_5/diagnostic_100/stress_audio/compression/aac_96k/27cc7329c4e34012808006bd.wav,.wav,49244,747b9e993c70a900a44971800ac8b402acd40a7bdfcc46ade9ac095b52f9590a,True,appendix/support
outputs/lava_5/diagnostic_100/stress_audio/compression/aac_96k/2bda1970d459fecae0012370.json,.json,269,a859b41658191f8a0f423c2b7795f0019c81edc0beb138e8e2925f8e46d44597,True,appendix/support
outputs/lava_5/diagnostic_100/stress_audio/compression/aac_96k/2bda1970d459fecae0012370.wav,.wav,266332,5d46a106b1f24bc3f5d2088e1aa352529d1eb01de72fbd0fce66b0461a3e11f8,True,appendix/support
outputs/lava_5/diagnostic_100/stress_audio/compression/aac_96k/2c8db8a471cc4054151aa683.json,.json,269,d07f7cb83ce5d8e8d5e96de779c80f42d5533b0e6a1822e698189774639b3d61,True,appendix/support
outputs/lava_5/diagnostic_100/stress_audio/compression/aac_96k/2c8db8a471cc4054151aa683.wav,.wav,266332,f3dcf56483104ab316e622cf39969db7cc684cd529df5f822a4d9c6331e4ba4a,True,appendix/support
outputs/lava_5/diagnostic_100/stress_audio/compression/aac_96k/32bd098cdbd1405bc95276d7.json,.json,269,3479e36daa544ed9204f5ea0cd6165cb1dbafd6d28198c624f5e7d6b0cac9d54,True,appendix/support
outputs/lava_5/diagnostic_100/stress_audio/compression/aac_96k/32bd098cdbd1405bc95276d7.wav,.wav,266332,00dd63bcd3e41e1c733ebed3f85508166ca4dca0b0d32b022d6d5fb19e2a1025,True,appendix/support
outputs/lava_5/diagnostic_100/stress_audio/compression/aac_96k/388612050711ea476f656661.json,.json,269,fdf990744ea61110730c78295e8106157c35cd185a833462ccf5117a2b3e8a10,True,appendix/support
outputs/lava_5/diagnostic_100/stress_audio/compression/aac_96k/388612050711ea476f656661.wav,.wav,266332,ed045866f172dbe49c8bd94eb970580d021342563e565f8c1a8d753a7857b3a9,True,appendix/support
outputs/lava_5/diagnostic_100/stress_audio/compression/aac_96k/3d9931154b09db0ada390088.json,.json,269,c3d81495d8429af26923e3c2ecf6409c09ecfc029464c04d47aae27bdc4453eb,True,appendix/support
outputs/lava_5/diagnostic_100/stress_audio/compression/aac_96k/3d9931154b09db0ada390088.wav,.wav,45148,3cfac8f97ec85ead07258a442fb3a2fe108945083947824f6d4b05d67c157ab1,True,appendix/support
outputs/lava_5/diagnostic_100/stress_audio/compression/aac_96k/3e590da85ff04392bf1190fa.json,.json,269,46a97f7757b342f9ab0ad11d8fa82ab18bec19a6353780aa23d18993d79acdb2,True,appendix/support
outputs/lava_5/diagnostic_100/stress_audio/compression/aac_96k/3e590da85ff04392bf1190fa.wav,.wav,163932,9f37867261073792dccab1a3b27932cbb79ced6edddb359392b14509a7404881,True,appendix/support
outputs/lava_5/diagnostic_100/stress_audio/compression/aac_96k/3fe55cd5eebb79613297438d.json,.json,269,9530999c6b43c962a8bd888505b3417bafc8cdeed047193ff6e31bec1c8fc726,True,appendix/support
outputs/lava_5/diagnostic_100/stress_audio/compression/aac_96k/3fe55cd5eebb79613297438d.wav,.wav,266332,7cd6d86a1818961ff97c45ef28c13a104815e536719179f660ab18b22588498e,True,appendix/support
outputs/lava_5/diagnostic_100/stress_audio/compression/aac_96k/496c1972636422a85f2e070a.json,.json,269,5f586c25c9796d827483d00179454efb51b3cb69eb99c0f3046a767dc1ea8a9c,True,appendix/support
outputs/lava_5/diagnostic_100/stress_audio/compression/aac_96k/496c1972636422a85f2e070a.wav,.wav,266332,aa12d78c4eef02c16853a120693b68f7cbab26db3fad23569fb5c1a5c390480c,True,appendix/support
outputs/lava_5/diagnostic_100/stress_audio/compression/aac_96k/4afd285ddaa5f0fcd4005176.json,.json,269,105b1098bf871df74f7044ed90a5bf705f48ce4f90c23566147b6d90d57073db,True,appendix/support
outputs/lava_5/diagnostic_100/stress_audio/compression/aac_96k/4afd285ddaa5f0fcd4005176.wav,.wav,98396,6273d3fc90e3358305b92cace29971f3238272efa3ec7224b3944668a7652d03,True,appendix/support
outputs/lava_5/diagnostic_100/stress_audio/compression/aac_96k/4f39ef17a122a3d2d30b79b8.json,.json,269,6261ea388d42d2db0f5a0fc63317239d4884459194624ce5ecb95c890d26a0ea,True,appendix/support
outputs/lava_5/diagnostic_100/stress_audio/compression/aac_96k/4f39ef17a122a3d2d30b79b8.wav,.wav,266332,6b6756b07595af67c4802f2fb67d72c542e74eed369d666f027f83c570d65b20,True,appendix/support
outputs/lava_5/diagnostic_100/stress_audio/compression/aac_96k/5192c39d22744c82e8f05ebc.json,.json,269,f88a867ea14f33749912c435f019b1194d358f451ac331b8bc6db20d9a5a6177,True,appendix/support
outputs/lava_5/diagnostic_100/stress_audio/compression/aac_96k/5192c39d22744c82e8f05ebc.wav,.wav,184412,48ca0e8516192f28f96dd6e01a8b7940bddf84b765ebe64ea588a1ba16e1f6cf,True,appendix/support
outputs/lava_5/diagnostic_100/stress_audio/compression/aac_96k/5351182494dd9c7262224149.json,.json,269,5b6e669819a834620865d51c8e973499b70fdd9441fd1d61227dcf5e98e31957,True,appendix/support
outputs/lava_5/diagnostic_100/stress_audio/compression/aac_96k/5351182494dd9c7262224149.wav,.wav,725084,f54625b64348dbd5b32eb5af1ec04033769a8554b0fc89901491f61abd9600e2,True,appendix/support
outputs/lava_5/diagnostic_100/stress_audio/compression/aac_96k/5625dac162e4cd16afe7ec00.json,.json,269,361a97584eb31e072d825d93689b85bbd319ab39c8d6081a839fb6c74d86b0fe,True,appendix/support
outputs/lava_5/diagnostic_100/stress_audio/compression/aac_96k/5625dac162e4cd16afe7ec00.wav,.wav,102492,474192b0eadf88ef312fcbac80473046ae541e0c46d11982e43c1fcb36f72ae0,True,appendix/support
outputs/lava_5/diagnostic_100/stress_audio/compression/aac_96k/563cfc6338490ec7146f4047.json,.json,269,8af6a279a061283f72a78fcc85b3f2ab84b88dcf11e46463f3bb0e3f3e680e2c,True,appendix/support
outputs/lava_5/diagnostic_100/stress_audio/compression/aac_96k/563cfc6338490ec7146f4047.wav,.wav,266332,e9202a7fe2e051be162583010ca4f0a7ee59addaa0645ad3413a8b3eae36609b,True,appendix/support
outputs/lava_5/diagnostic_100/stress_audio/compression/aac_96k/5c43dec240130e4c8e1f5af1.json,.json,269,8f90c24468f396cf1adedf10fc46219b8018d8f6ddb0cfbf89d53ad9c075144c,True,appendix/support
outputs/lava_5/diagnostic_100/stress_audio/compression/aac_96k/5c43dec240130e4c8e1f5af1.wav,.wav,188508,688d4e8afad31950cd48548fb638bb7ecd1ca24ef1de8a87f961b54ca97cd0a5,True,appendix/support
outputs/lava_5/diagnostic_100/stress_audio/compression/aac_96k/5f00cfa3ef4f1bc1c7af915f.json,.json,269,e9efae02c5e79176bf87343cf580ada069e320e0bbe92d05c4396a4b12d10f04,True,appendix/support
outputs/lava_5/diagnostic_100/stress_audio/compression/aac_96k/5f00cfa3ef4f1bc1c7af915f.wav,.wav,196700,acb5d7de523046c9abee025995435c1683708b0aaef5515d8f35bb8b03c463ae,True,appendix/support
outputs/lava_5/diagnostic_100/stress_audio/compression/aac_96k/65fa114084c78e3fa2ccb4c4.json,.json,269,44f8656829c72b1993782c0aa607001acc0de1223821415d2424e8473c9be20d,True,appendix/support
outputs/lava_5/diagnostic_100/stress_audio/compression/aac_96k/65fa114084c78e3fa2ccb4c4.wav,.wav,49244,5ec20c32d22f1979eaf3d488bbe5ae71bf69ab2c05103fba4c2bdb03260a37e0,True,appendix/support
outputs/lava_5/diagnostic_100/stress_audio/compression/aac_96k/670e2ee7e3a1b0b302c5c029.json,.json,269,aae92dfd41e638e253aa07a0752077506e3c58da8b3021e50ffbbb47c06ef540,True,appendix/support
outputs/lava_5/diagnostic_100/stress_audio/compression/aac_96k/670e2ee7e3a1b0b302c5c029.wav,.wav,192604,26bec35886216f92486da4d0753b2a887d2bf6fe05817be359caa40b33075e56,True,appendix/support
outputs/lava_5/diagnostic_100/stress_audio/compression/aac_96k/69e58b63212e94fad9531cf8.json,.json,269,fb760aa68faa7297d2f8e1220e824dabeba7d4ef2a71c1462436d49d51fbb038,True,appendix/support
outputs/lava_5/diagnostic_100/stress_audio/compression/aac_96k/69e58b63212e94fad9531cf8.wav,.wav,266332,a22dde572bd9dddc740bc78c8e74e8343b4852b214f64e5aa8fa8f2823921723,True,appendix/support
outputs/lava_5/diagnostic_100/stress_audio/compression/aac_96k/6a6744f2df1e37d04b424700.json,.json,269,96759053f96aa5076ae0c2665d476f37c87e3c1f524c2cb48035d7320b43ed92,True,appendix/support
outputs/lava_5/diagnostic_100/stress_audio/compression/aac_96k/6a6744f2df1e37d04b424700.wav,.wav,73820,6330f7497db2518f4365f9d773f9e5443802877a5de126b71e21b95f2404fe01,True,appendix/support
outputs/lava_5/diagnostic_100/stress_audio/compression/aac_96k/6b25544eba298359a41e3cda.json,.json,269,d66c3c483db6680fd8a54dea3ef4cab3a76df427fef3a9e1fc722c096eea9a90,True,appendix/support
outputs/lava_5/diagnostic_100/stress_audio/compression/aac_96k/6b25544eba298359a41e3cda.wav,.wav,45148,f546a1f207d7175bab9e304cb7a254c6dc0071bc563afdb1b26331ad4f1443e2,True,appendix/support
outputs/lava_5/diagnostic_100/stress_audio/compression/aac_96k/6ba0bdb847ca9a4ac515e0b3.json,.json,269,4c53bb5cb0c5e10673ebe855827e5fe017f5f09cc4ab74c37afe7851ee455aa4,True,appendix/support
outputs/lava_5/diagnostic_100/stress_audio/compression/aac_96k/6ba0bdb847ca9a4ac515e0b3.wav,.wav,65628,c294f9af33244be396e5cf5ffe70e0f4aa54f7316b50c3223f996724628cfe98,True,appendix/support
outputs/lava_5/diagnostic_100/stress_audio/compression/aac_96k/70acb10251feb1ba60704d3d.json,.json,269,2292db500b99d3ef0c8be0d1e3eea604f99e8ea7f8e9ff9fdbe6da4ba9b61ca3,True,appendix/support
outputs/lava_5/diagnostic_100/stress_audio/compression/aac_96k/70acb10251feb1ba60704d3d.wav,.wav,110684,3717431ba0c298b553be550a66af65c5dc4409920abc7e7d9b294b2c6f15708b,True,appendix/support
outputs/lava_5/diagnostic_100/stress_audio/compression/aac_96k/716d883d011d7ae890ad651a.json,.json,269,b428b8ec2adbfc9b3a28214e11d74528b0958ccc37dc025f93b28389ca548e7a,True,appendix/support
outputs/lava_5/diagnostic_100/stress_audio/compression/aac_96k/716d883d011d7ae890ad651a.wav,.wav,266332,963befd91cd5fc25988901c88264aa12bb3c8f4158a6dc6f35c362282da367f9,True,appendix/support
outputs/lava_5/diagnostic_100/stress_audio/compression/aac_96k/71efb74aba0dbca8edbaf96d.json,.json,269,bcb38d5d2ad96c63d0d523dca9f152a47f8f291e27d3244126dc71f97b6b4f1f,True,appendix/support
outputs/lava_5/diagnostic_100/stress_audio/compression/aac_96k/71efb74aba0dbca8edbaf96d.wav,.wav,266332,d1c8eb5ff776e6c176fb386364338254a8316eaab049691dfe68b13e6e9546c3,True,appendix/support
outputs/lava_5/diagnostic_100/stress_audio/compression/aac_96k/724688588871a9e8ec972876.json,.json,269,c2fd6bcef24ff69502574eebbf9b5e8075882528e6664fd115feaf9582a62dab,True,appendix/support
outputs/lava_5/diagnostic_100/stress_audio/compression/aac_96k/724688588871a9e8ec972876.wav,.wav,262236,f8661bfb150678f4aed580fb2a2f801fec2189228c626b73e48ea7e4664d845a,True,appendix/support
outputs/lava_5/diagnostic_100/stress_audio/compression/aac_96k/76db2453d9db2a13cbb2ac04.json,.json,269,e14d31a00b343374622cc97a828a01128823f85acbde4b289b22ed4c9f7beac6,True,appendix/support
outputs/lava_5/diagnostic_100/stress_audio/compression/aac_96k/76db2453d9db2a13cbb2ac04.wav,.wav,225372,5dab498597979d38c415f6efa20b92d6536a775409d6b7276559c0357ce87818,True,appendix/support
outputs/lava_5/diagnostic_100/stress_audio/compression/aac_96k/774af2f26f8eed3ad5281fe7.json,.json,269,ec9dcea41b305f91c381e2e9f60e377babffc6cb572f49e3392e24819d36a20f,True,appendix/support
outputs/lava_5/diagnostic_100/stress_audio/compression/aac_96k/774af2f26f8eed3ad5281fe7.wav,.wav,176220,f9023ab18f41c121530de68772665618313e14bd9010a0abce0748e6b9b2f1d3,True,appendix/support
outputs/lava_5/diagnostic_100/stress_audio/compression/aac_96k/78e5829afd3e6864e5e71c73.json,.json,269,9d0872965ad107af8c5fa72bbe08fee9724332b31eba6dc5716eae38fa8d6c24,True,appendix/support
outputs/lava_5/diagnostic_100/stress_audio/compression/aac_96k/78e5829afd3e6864e5e71c73.wav,.wav,184412,30a5dfeb5f5c1d7a3b2d336a5ecaa0a41ca4aa497a4074a670d18e135ffa5e4a,True,appendix/support
outputs/lava_5/diagnostic_100/stress_audio/compression/aac_96k/7a17be8240fb81d00748f3f1.json,.json,269,29c9dc155858e4cd9274dd7604af84a76f7e3e2529a8d291c462090583a4dbdb,True,appendix/support
outputs/lava_5/diagnostic_100/stress_audio/compression/aac_96k/7a17be8240fb81d00748f3f1.wav,.wav,90204,e21404f0dc264f2a6b35fdd237ce05c1e3c91aba3e642ceb4e71bd934b60071c,True,appendix/support
outputs/lava_5/diagnostic_100/stress_audio/compression/aac_96k/7d3533480083913870e624e1.json,.json,269,b22941c4c417bb80208c0b9cfc494992aaf5fa7181e9860f9fc37cc27fb037be,True,appendix/support
outputs/lava_5/diagnostic_100/stress_audio/compression/aac_96k/7d3533480083913870e624e1.wav,.wav,217180,1eb690506f1950405307ca653b18035cf41b161a906d0fd69d0bd7b8f360bbd8,True,appendix/support
outputs/lava_5/diagnostic_100/stress_audio/compression/aac_96k/84dc75fc1ebb7bb994ab3928.json,.json,269,4a357277d6e4b6f5e6a35c88090f7680ea0fe5231ef718e19488ee496b04059a,True,appendix/support
outputs/lava_5/diagnostic_100/stress_audio/compression/aac_96k/84dc75fc1ebb7bb994ab3928.wav,.wav,53340,97d657674fb286847fd18f3507fdcefd127ac70a3710e653bbcb91d37817a318,True,appendix/support
outputs/lava_5/diagnostic_100/stress_audio/compression/aac_96k/8837468e1872f56406fb42eb.json,.json,269,d35ecd6d6fd1a03de0b563663f37120d2ac51a60f27ee20010cbd640baaac340,True,appendix/support
outputs/lava_5/diagnostic_100/stress_audio/compression/aac_96k/8837468e1872f56406fb42eb.wav,.wav,131164,e9183d2e0d50a8853fdd13f1f170439f289ee77ee46a698674640d0df94f45e6,True,appendix/support
outputs/lava_5/diagnostic_100/stress_audio/compression/aac_96k/8dfea62bd956d74432a23ebe.json,.json,269,0dfb9a13c22d643cce77db485e5691f81170705779deb7af846155111f96a832,True,appendix/support
outputs/lava_5/diagnostic_100/stress_audio/compression/aac_96k/8dfea62bd956d74432a23ebe.wav,.wav,266332,b6245fcd2ca9a39f3d62d733957dfed5b22b39b796a4688488808930c6ece62f,True,appendix/support
outputs/lava_5/diagnostic_100/stress_audio/compression/aac_96k/8f4b5a526d8509d6c28e4e1f.json,.json,269,718b352cc21d220775a39c86742b153d19b4851957370837a1a7a7ae879a32ce,True,appendix/support
outputs/lava_5/diagnostic_100/stress_audio/compression/aac_96k/8f4b5a526d8509d6c28e4e1f.wav,.wav,266332,bc189a9e48279fd7f44629024da5692ee85a32088e09dec779a0fbef52b847a1,True,appendix/support
outputs/lava_5/diagnostic_100/stress_audio/compression/aac_96k/8f733fb9d55b72bc5f2eed54.json,.json,269,49aec067d27b72cbb3793be3499bedd1c4758ddaa9211d3e05ac1f0ff46a9fbb,True,appendix/support
outputs/lava_5/diagnostic_100/stress_audio/compression/aac_96k/8f733fb9d55b72bc5f2eed54.wav,.wav,196700,0fefb46ba1c517859f54a652ddf7c4453c60e44c661f3d704f41d00ad3dd953a,True,appendix/support
outputs/lava_5/diagnostic_100/stress_audio/compression/aac_96k/8f7ceda91962e32fc2b5f66e.json,.json,269,8418a481d7b0ce68611b525c1aacf1317fffad2389aea43c189efa939abdf243,True,appendix/support
outputs/lava_5/diagnostic_100/stress_audio/compression/aac_96k/8f7ceda91962e32fc2b5f66e.wav,.wav,73820,dac08521820368a71f5eb36654bc908c28672800a8e3233be115a3416c380b30,True,appendix/support
outputs/lava_5/diagnostic_100/stress_audio/compression/aac_96k/90d03bb99515f26ce1227834.json,.json,269,97edabcfddf0f192d8ba9f98475fd792757fe228596ed075eff3746abec76e60,True,appendix/support
outputs/lava_5/diagnostic_100/stress_audio/compression/aac_96k/90d03bb99515f26ce1227834.wav,.wav,110684,1e3f17bc687d0477daf435c76a5063a2ffd54284999f767e2416f443ac7791b5,True,appendix/support
outputs/lava_5/diagnostic_100/stress_audio/compression/aac_96k/9333e9dd36bcb45439be4efc.json,.json,269,5ac6ff0e3cb3605f34a194e5dc136f89eac44c88db2249880b6cff5ae6909d45,True,appendix/support
outputs/lava_5/diagnostic_100/stress_audio/compression/aac_96k/9333e9dd36bcb45439be4efc.wav,.wav,266332,0e11a4ad64ba5cac1fcedcd6bbc4d70defb8fe4f94d6ea6c9a4ee700eea4db3a,True,appendix/support
outputs/lava_5/diagnostic_100/stress_audio/compression/aac_96k/9b28a9b42c335e11e04f958e.json,.json,269,13a401484c50260ac029eb93d50b185423ea9ad7922b94eceb9b9cbccc5d1f5a,True,appendix/support
outputs/lava_5/diagnostic_100/stress_audio/compression/aac_96k/9b28a9b42c335e11e04f958e.wav,.wav,213084,701b62256e6f165a7bbd4dc6737682c0559841988d22e180c6ee86f7f330c1ca,True,appendix/support
outputs/lava_5/diagnostic_100/stress_audio/compression/aac_96k/9d179165adfea51f5cd4e20f.json,.json,269,a6987908dc7bc5ca61dba396d9540e39dcbbd4584c374da69891067d99e33895,True,appendix/support
outputs/lava_5/diagnostic_100/stress_audio/compression/aac_96k/9d179165adfea51f5cd4e20f.wav,.wav,192604,368e84081e0c3c471dcfc9d442e4073f258f84f80cb8ffd4e78d072bbe20cb34,True,appendix/support
outputs/lava_5/diagnostic_100/stress_audio/compression/aac_96k/9f0918d28116126e7269f4e6.json,.json,269,2a9d151bf84d9ef67a2a96567e0a6bbc319c96f3bc16a092b4834dbec3da56bc,True,appendix/support
outputs/lava_5/diagnostic_100/stress_audio/compression/aac_96k/9f0918d28116126e7269f4e6.wav,.wav,266332,4ec21e3e97969b32868ff94c9cc134ae06964bb2a9b4000097a50eabd229c10b,True,appendix/support
outputs/lava_5/diagnostic_100/stress_audio/compression/aac_96k/9f1fdcfd9d149c9f93a019bb.json,.json,269,53c60fc6047763bee206d787b2ac3ae6a736f6e739c09e43d4fc300ab85cb090,True,appendix/support
outputs/lava_5/diagnostic_100/stress_audio/compression/aac_96k/9f1fdcfd9d149c9f93a019bb.wav,.wav,90204,8c1831b8ca29a6557a1d96f456b311b5dec2f408e39cb51e19e545518dd1d843,True,appendix/support
outputs/lava_5/diagnostic_100/stress_audio/compression/aac_96k/a2b6797ebeaec85e9f2f606b.json,.json,269,2b1e57506e981b9179db02c7c0e0a64912777c27f80ba19b7e76ccfd51629e60,True,appendix/support
outputs/lava_5/diagnostic_100/stress_audio/compression/aac_96k/a2b6797ebeaec85e9f2f606b.wav,.wav,266332,3455bf8d39954aacfb607f21263e4526ea0d5b94ac56b5c9343832e804f6258f,True,appendix/support
outputs/lava_5/diagnostic_100/stress_audio/compression/aac_96k/a81ba9f3564487c5c5ad6083.json,.json,269,2a739cdefe909a52cef4789ccd62836b615e2e59045782c8adc27af9665adcbb,True,appendix/support
outputs/lava_5/diagnostic_100/stress_audio/compression/aac_96k/a81ba9f3564487c5c5ad6083.wav,.wav,114780,4855690b9c3eceee3af6dd109da0e3e606ea18d8ac93bdef9496736558d26ecf,True,appendix/support
outputs/lava_5/diagnostic_100/stress_audio/compression/aac_96k/a9dfa080432da2cb38c10a36.json,.json,269,17b3ccfb68ad1f04b7764135fc3cf7b78db425ca0e0633294e1fa1af2a9113c8,True,appendix/support
outputs/lava_5/diagnostic_100/stress_audio/compression/aac_96k/a9dfa080432da2cb38c10a36.wav,.wav,196700,0f7a3101c4982879c47993782bf552b88a0abb45f388d1a7d766f52061583f52,True,appendix/support
outputs/lava_5/diagnostic_100/stress_audio/compression/aac_96k/aa175eb8bb09da4aca353fbc.json,.json,269,7eb53a41c2cc347750eacdaaedf55a42a42c6017597f0fb188a356a8895a4b71,True,appendix/support
outputs/lava_5/diagnostic_100/stress_audio/compression/aac_96k/aa175eb8bb09da4aca353fbc.wav,.wav,479324,272c3c5232ebba8c966c0508b9bf5e167e8a0ca46b24b212216dae80d4361edb,True,appendix/support
outputs/lava_5/diagnostic_100/stress_audio/compression/aac_96k/ab8e4cf7200bdca9d708710c.json,.json,269,fc48c4b3fcd8246d225c7e2f61dc9eec695fe0345cb7e2b73668407c26834cc8,True,appendix/support
outputs/lava_5/diagnostic_100/stress_audio/compression/aac_96k/ab8e4cf7200bdca9d708710c.wav,.wav,266332,e5cbe4cdbbabb51fed76e4b6fb86385c45e543e6dddd768427854336b0b6df00,True,appendix/support
outputs/lava_5/diagnostic_100/stress_audio/compression/aac_96k/ae905c6b72d158aeaf1cf62e.json,.json,269,4c6543f14dbc67fab0722fbd4fccfef887c9badf04f2cd2bc48cad60149dc17d,True,appendix/support
outputs/lava_5/diagnostic_100/stress_audio/compression/aac_96k/ae905c6b72d158aeaf1cf62e.wav,.wav,192604,85af30b8e2f406764addf47a5951be876dad29eb86936d1b63771d23e8a680d4,True,appendix/support
outputs/lava_5/diagnostic_100/stress_audio/compression/aac_96k/af4a5345e3991cecef3aae8a.json,.json,269,16d6eac99551fba62ed0cd0c2cfe800c1a7c85736118d15c473796554531c760,True,appendix/support
outputs/lava_5/diagnostic_100/stress_audio/compression/aac_96k/af4a5345e3991cecef3aae8a.wav,.wav,172124,f3d6e1caa2ad18da4bae7452efd4e96fedf36500bc913190d88cddecc8780591,True,appendix/support
outputs/lava_5/diagnostic_100/stress_audio/compression/aac_96k/b119d883b5c17cd91903587c.json,.json,269,8117de69cefb69f3440c5a8dcd475b3fae98909f6a7a0d959f9982ac28125b5d,True,appendix/support
outputs/lava_5/diagnostic_100/stress_audio/compression/aac_96k/b119d883b5c17cd91903587c.wav,.wav,143452,6cab47103a3697554823898faa34c22682fd99cb3c6852d43692d102c945290b,True,appendix/support
outputs/lava_5/diagnostic_100/stress_audio/compression/aac_96k/b48e5c014630e6e9fd9b8663.json,.json,269,b05e6ead2b743e87a8ad7afe873d515fbf4c4176b257894e5ea1ecdfb5568683,True,appendix/support
outputs/lava_5/diagnostic_100/stress_audio/compression/aac_96k/b48e5c014630e6e9fd9b8663.wav,.wav,147548,3bbb4c786276125022f936e2e93dd0f671a04b66aee97d5f74018c6b3bdfda21,True,appendix/support
outputs/lava_5/diagnostic_100/stress_audio/compression/aac_96k/bb4a298808e45fe2abc20548.json,.json,269,68ba4bfde89559f1c7ef53c9e1aa23c0c28219440f661d047bcd592f3351df3e,True,appendix/support
outputs/lava_5/diagnostic_100/stress_audio/compression/aac_96k/bb4a298808e45fe2abc20548.wav,.wav,229468,0d04cfe2faf68d935110cb82f25368f29eff6ded4c6b5a714f3d69fd596cfe5f,True,appendix/support
outputs/lava_5/diagnostic_100/stress_audio/compression/aac_96k/bca256c04342e6f21518f4ed.json,.json,269,c59e4f9c54007e97a693419939718f7c13e04e8bf0dcea2a7fad0423b54d03f9,True,appendix/support
outputs/lava_5/diagnostic_100/stress_audio/compression/aac_96k/bca256c04342e6f21518f4ed.wav,.wav,266332,0b818788ceaa803ca8a629b5c95a2a81dbc2cd5ee736df081d73f358cc1a88fe,True,appendix/support
outputs/lava_5/diagnostic_100/stress_audio/compression/aac_96k/bcf90da5d8f365547625d06e.json,.json,269,e09b9bb45b99bffdda680dcd2ec798fcccc8670d8307c293b8d0da949c2a4cfc,True,appendix/support
outputs/lava_5/diagnostic_100/stress_audio/compression/aac_96k/bcf90da5d8f365547625d06e.wav,.wav,139356,05faa2bcbbff5b912986b6249492a06ce62bd90c8fbae1594d0b5d97839630e4,True,appendix/support
outputs/lava_5/diagnostic_100/stress_audio/compression/aac_96k/be23031a7c89418cd367d2b6.json,.json,269,42329579dfac25653057dfb4d9b135fc90544beb0e54b03f2761106730c3f1f2,True,appendix/support
outputs/lava_5/diagnostic_100/stress_audio/compression/aac_96k/be23031a7c89418cd367d2b6.wav,.wav,266332,2ec4fd56f7298f8408c7cf987c58a94419b9b591735cbd6f74e4167ae5b97079,True,appendix/support
outputs/lava_5/diagnostic_100/stress_audio/compression/aac_96k/bf79c7858fa88bf58a01c563.json,.json,269,458ecda53fde03cdff271fb6616201b85d819a20e6103ec8d66a389ecffc1f3e,True,appendix/support
outputs/lava_5/diagnostic_100/stress_audio/compression/aac_96k/bf79c7858fa88bf58a01c563.wav,.wav,266332,27de99c8b901b0e7c3486001b02a241ad49ee1eadb24361ad03688c37a8e2998,True,appendix/support
outputs/lava_5/diagnostic_100/stress_audio/compression/aac_96k/c19a55980675a8655f10cb86.json,.json,269,2801adc0ebb6b8b54749a6becd39b9f8178abb9fec4e0093a630b5e6370ba7b7,True,appendix/support
outputs/lava_5/diagnostic_100/stress_audio/compression/aac_96k/c19a55980675a8655f10cb86.wav,.wav,86108,bed71c6da07c2286a047a7250ed54b8b443b3b54a2dfef3129072c294e089ca1,True,appendix/support
outputs/lava_5/diagnostic_100/stress_audio/compression/aac_96k/c31e2f1d29e4bd849b1979ec.json,.json,269,3459b213fb02ca03e9ccbf9df5a7373bb7b955f048a3e6cb90909d7eb69d24d1,True,appendix/support
outputs/lava_5/diagnostic_100/stress_audio/compression/aac_96k/c31e2f1d29e4bd849b1979ec.wav,.wav,266332,ffdafc9d281ed5b73b880b0cff46151171447915af77507473b3e7f8e7a9bf1f,True,appendix/support
outputs/lava_5/diagnostic_100/stress_audio/compression/aac_96k/c8fc323333c786b01aee38cc.json,.json,269,bdbdb45c64736e15049f8ced09d57d72ec237dc458a4a557396a14e1f8fa39e7,True,appendix/support
outputs/lava_5/diagnostic_100/stress_audio/compression/aac_96k/c8fc323333c786b01aee38cc.wav,.wav,266332,7882a9ead9d1beb74ae7c75852dab42bde44e2729bc090f0a1861333c0610804,True,appendix/support
outputs/lava_5/diagnostic_100/stress_audio/compression/aac_96k/cb0d4895cd4931043d5add9a.json,.json,269,cfd69855b5d707ddc3c058142260715d67f09b24cf4c6e708547ab1f15574970,True,appendix/support
outputs/lava_5/diagnostic_100/stress_audio/compression/aac_96k/cb0d4895cd4931043d5add9a.wav,.wav,176220,569f63eb6325babb31a706713eee27b198c8af87848c2c4b8cb6ceb6159603f7,True,appendix/support
outputs/lava_5/diagnostic_100/stress_audio/compression/aac_96k/cb2b10d7e455110be82f03cf.json,.json,269,c1646aacee0416b12eaaec9d7b2159487468aaed6d2b0fb17bdde1e504929b0f,True,appendix/support
outputs/lava_5/diagnostic_100/stress_audio/compression/aac_96k/cb2b10d7e455110be82f03cf.wav,.wav,176220,e8739b1d2b179d59d9636272172928eba16310ae31708c4a30c8df37b060eb77,True,appendix/support
outputs/lava_5/diagnostic_100/stress_audio/compression/aac_96k/cb5fcbd2d9232dd2c54d2bae.json,.json,269,9591d674ad94e8dce7c9546e153b31f6ec1fd8b7023821206a100f0fea098350,True,appendix/support
outputs/lava_5/diagnostic_100/stress_audio/compression/aac_96k/cb5fcbd2d9232dd2c54d2bae.wav,.wav,266332,c4bb95ee0804cda0249b1e97e682d54e4b1bece0cea27e44d5e27577d7614de9,True,appendix/support
outputs/lava_5/diagnostic_100/stress_audio/compression/aac_96k/ced0cb1635b69f6c2589670f.json,.json,269,51196067f82d5bfe52a44c895e399af26af8e5ec0f754304d373039510b4b7ae,True,appendix/support
outputs/lava_5/diagnostic_100/stress_audio/compression/aac_96k/ced0cb1635b69f6c2589670f.wav,.wav,106588,881fb1fabb95095522ad31f9e4a88c753e671439ed6af08c8efdc008fce00b02,True,appendix/support
outputs/lava_5/diagnostic_100/stress_audio/compression/aac_96k/d30113a70f2a4f16402cc05f.json,.json,269,1dc0d874c5a1be16f2617848895291a36709d9b8ec6262dbc4f6ee992c42effb,True,appendix/support
outputs/lava_5/diagnostic_100/stress_audio/compression/aac_96k/d30113a70f2a4f16402cc05f.wav,.wav,135260,d1da7681cde12a56bba287a384c7942b6d007f5df178cb71d79e2669ddbf9b03,True,appendix/support
outputs/lava_5/diagnostic_100/stress_audio/compression/aac_96k/d4fffc838ec52ffb01ade537.json,.json,269,b66a8eb70d43e5e7d480a890160303abc32de02e3ec948371fe8636e2dc8f420,True,appendix/support
outputs/lava_5/diagnostic_100/stress_audio/compression/aac_96k/d4fffc838ec52ffb01ade537.wav,.wav,266332,f6d013ed079ce99aeb8cf2ed397ebee499c8552506f4acfb676fad51d989e1e4,True,appendix/support
outputs/lava_5/diagnostic_100/stress_audio/compression/aac_96k/d97f1a7e17bce81dfa7ddefb.json,.json,269,6fa25655597ed24cd06b9a992800a56448008c82888f7fecef7695d4c7e2351b,True,appendix/support
outputs/lava_5/diagnostic_100/stress_audio/compression/aac_96k/d97f1a7e17bce81dfa7ddefb.wav,.wav,266332,2a11e2d1f658213d90d9f38068738e2d75f9718e17e4d5b5687fbbb2edd70733,True,appendix/support
outputs/lava_5/diagnostic_100/stress_audio/compression/aac_96k/dbac3f24169ab38ddd09387d.json,.json,269,cb4d214329a483d14f2072be4bcd6218170e08db5d8fae69ffb69e8cc20e52eb,True,appendix/support
outputs/lava_5/diagnostic_100/stress_audio/compression/aac_96k/dbac3f24169ab38ddd09387d.wav,.wav,188508,8fbeab9cbbf00993ea4999e150a4ac544072b0cbf8e7ccb49a3af187c8fa8cb9,True,appendix/support
outputs/lava_5/diagnostic_100/stress_audio/compression/aac_96k/dc3988b11610bdb46c372125.json,.json,269,f1948e58db6342ef348c98e4e7baf3c2105478226ac5b0df7d9eddb6645e2be6,True,appendix/support
outputs/lava_5/diagnostic_100/stress_audio/compression/aac_96k/dc3988b11610bdb46c372125.wav,.wav,266332,6c2823611068b326dd0363a57c4c707596258ec941e088846ab4640252f7ad79,True,appendix/support
outputs/lava_5/diagnostic_100/stress_audio/compression/aac_96k/dcf8f370f478257688c620d9.json,.json,269,d7657639425bd288699b5dd20e30cdca4a74059051d95ee8356b58848f342b68,True,appendix/support
outputs/lava_5/diagnostic_100/stress_audio/compression/aac_96k/dcf8f370f478257688c620d9.wav,.wav,266332,4ab3d85929bbf51e540824b7a1ef82926f2f2b6256d05a45d3e64124965af213,True,appendix/support
outputs/lava_5/diagnostic_100/stress_audio/compression/aac_96k/deefebbe516b3ac9ac603f38.json,.json,269,c1be1514ac790b8ba8fb92d74d4e9ab79853ff365e65c921798912f87250b6fd,True,appendix/support
outputs/lava_5/diagnostic_100/stress_audio/compression/aac_96k/deefebbe516b3ac9ac603f38.wav,.wav,249948,d6e8292384cbd4ed88a0e354112fddcf361e8942e2a1f03d032b2742b48720ec,True,appendix/support
outputs/lava_5/diagnostic_100/stress_audio/compression/aac_96k/e5271133037754a97eb8f3b6.json,.json,269,2fb595d6feb6c99d39855c9cada5ba594e9c97ffa931d532c5209f808a0c9ca3,True,appendix/support
outputs/lava_5/diagnostic_100/stress_audio/compression/aac_96k/e5271133037754a97eb8f3b6.wav,.wav,65628,fd3355b25a33cd0bac059b9980760638229a15649f6bfbb403bed2ca1cf16a3e,True,appendix/support
outputs/lava_5/diagnostic_100/stress_audio/compression/aac_96k/ead81e3391bff14cdf44d151.json,.json,269,ff914aa6da624ab69a67d2e4513a9d5895e0e7d8755744724c0410ed0310b8b4,True,appendix/support
outputs/lava_5/diagnostic_100/stress_audio/compression/aac_96k/ead81e3391bff14cdf44d151.wav,.wav,135260,a5864602dcd70fa3f5d3214f22e2475654742fe890724dc6cef3a8eeb0b4d370,True,appendix/support
outputs/lava_5/diagnostic_100/stress_audio/compression/aac_96k/eff7b7f3f65d718535f7ce56.json,.json,269,a2f187519a7897506e8e9cb9e9f7c1aa95ceb3fbe3785c3742a3084845255dee,True,appendix/support
outputs/lava_5/diagnostic_100/stress_audio/compression/aac_96k/eff7b7f3f65d718535f7ce56.wav,.wav,266332,031025d25eb2d39a99bd73b6655919c0377b251d3834c0af73e4112b0d07fc31,True,appendix/support
outputs/lava_5/diagnostic_100/stress_audio/compression/aac_96k/f44a45f391f773d5b6f872e4.json,.json,269,cc62c65d0e960b780f226c2a5f9db1bccf935174f72e612088260a7f079eb05d,True,appendix/support
outputs/lava_5/diagnostic_100/stress_audio/compression/aac_96k/f44a45f391f773d5b6f872e4.wav,.wav,180316,6f4f837fa67e354eb335ed8147c9e159f62e07bb6194994333db4b5f09037cfe,True,appendix/support
outputs/lava_5/diagnostic_100/stress_audio/compression/aac_96k/f7de6bfe58bdc0a31adfd6e8.json,.json,269,f136798b2e3ed605df9e8aa154da02ccda4e870ac1664bbb10e40bc334f70fb9,True,appendix/support
outputs/lava_5/diagnostic_100/stress_audio/compression/aac_96k/f7de6bfe58bdc0a31adfd6e8.wav,.wav,266332,128b4272c259c64b05a2bb8ea6db63b7f815ef16061a6c8c4158e39cfbe67889,True,appendix/support
outputs/lava_5/diagnostic_100/stress_audio/compression/aac_96k/faeb6ad107da2060ac39986a.json,.json,269,90c30edfd62b0a6b873cd6399c1dcb46c47c07a4ba7f4b95c5eb455e7dd26d6c,True,appendix/support
outputs/lava_5/diagnostic_100/stress_audio/compression/aac_96k/faeb6ad107da2060ac39986a.wav,.wav,122972,451576c638c930977e327d103436ba982640f3e2dcc55c6c06e0cdc74f40022c,True,appendix/support
outputs/lava_5/diagnostic_100/stress_audio/compression/aac_96k/fc60038e77e10940ab63c824.json,.json,269,c58f979a24ee8c5bc75ef43d800ba976789e74b3af23b2aadde192696e5726af,True,appendix/support
outputs/lava_5/diagnostic_100/stress_audio/compression/aac_96k/fc60038e77e10940ab63c824.wav,.wav,266332,0c63559615bda3aa1ca7f5d6cf0a4db7448ccf56669fa88522b927aeec16b317,True,appendix/support
outputs/lava_5/diagnostic_100/stress_audio/compression/aac_96k/fd1036b8f7b4966e96e2c8c7.json,.json,269,8b8b2fbea981d19c73daf0730af3bb5ec47138e386a029fbbb9b027d9dc6e824,True,appendix/support
outputs/lava_5/diagnostic_100/stress_audio/compression/aac_96k/fd1036b8f7b4966e96e2c8c7.wav,.wav,266332,b513b3fcd8e936e49207bc084be08122c6c8380592b00631259464d4f8f15412,True,appendix/support
outputs/lava_5/diagnostic_100/stress_audio/compression/aac_96k/ffdce661a5cdb9c355d86f3c.json,.json,269,97e28de3cef7faec945623b10562a73fd7493dcae5be27dc2a647a06c03d29a6,True,appendix/support
outputs/lava_5/diagnostic_100/stress_audio/compression/aac_96k/ffdce661a5cdb9c355d86f3c.wav,.wav,266332,c3d22b839abc0366e9035246f39a121b0e989fa0858aa92801a29325191a1d3f,True,appendix/support
outputs/lava_5/diagnostic_100/stress_audio/compression/mp3_128k/07d9b5deb47c8c4f7a4add8f.json,.json,269,a5e9810b0132859eb877899d7b0bf1e4b60af0c287dbe480992d7774b953910a,True,appendix/support
outputs/lava_5/diagnostic_100/stress_audio/compression/mp3_128k/07d9b5deb47c8c4f7a4add8f.wav,.wav,262492,0a04bd17e3b92ac15c17b5277b19c6e596ba6b7326cf4d1329817ad33cc0c6c4,True,appendix/support
outputs/lava_5/diagnostic_100/stress_audio/compression/mp3_128k/0820dd3eab813b0e27b93e8e.json,.json,269,c5617ca68610571bf730a2fe5b30de5c6a7d3de23e8c7ab6e0db2fed5f1b0c25,True,appendix/support
outputs/lava_5/diagnostic_100/stress_audio/compression/mp3_128k/0820dd3eab813b0e27b93e8e.wav,.wav,142112,28001a6de64e53f0ae95574989cd75b212122de124e911cec6bdb26ebeb5f14b,True,appendix/support
outputs/lava_5/diagnostic_100/stress_audio/compression/mp3_128k/0899cf09f6d50c7d88ac7f41.json,.json,269,764d1d65a993b004ea9b95ac31ece3fa0e5dc3a006fcb0c1a0c67e7d90db3c56,True,appendix/support
outputs/lava_5/diagnostic_100/stress_audio/compression/mp3_128k/0899cf09f6d50c7d88ac7f41.wav,.wav,262492,5005470ff2908458482f03e71158a36fabd9f37fcfaa0e6b77cd9bf44217af4f,True,appendix/support
outputs/lava_5/diagnostic_100/stress_audio/compression/mp3_128k/0b64d54b2ad1c742cfce0b3b.json,.json,269,c001e1ce26b9534c987cfa00ad1cf5b3f367f12843c0b67100a8d2c019748152,True,appendix/support
outputs/lava_5/diagnostic_100/stress_audio/compression/mp3_128k/0b64d54b2ad1c742cfce0b3b.wav,.wav,235996,8b2dfd9fea433339d0ce22ca211a32221f8cbc98bf5def67039f2998cd46f392,True,appendix/support
outputs/lava_5/diagnostic_100/stress_audio/compression/mp3_128k/0ec75ca5547a5dceafb10cde.json,.json,269,7b848e0bb15058f7bdf93c8644cbc85f9bfd22dd3211a0ec4f13f7993b62ca11,True,appendix/support
outputs/lava_5/diagnostic_100/stress_audio/compression/mp3_128k/0ec75ca5547a5dceafb10cde.wav,.wav,118108,a79a2603939b82bbcbafc03869d915b5957cb01dd69075b8e678d0d71832f1ca,True,appendix/support
outputs/lava_5/diagnostic_100/stress_audio/compression/mp3_128k/0f5e87bc674a0d76952aba00.json,.json,269,590847c90f634e746a067caa695dc2f170bc9209560593f77b94e49209682015,True,appendix/support
outputs/lava_5/diagnostic_100/stress_audio/compression/mp3_128k/0f5e87bc674a0d76952aba00.wav,.wav,262492,6beb420cc76c13584b15c9673e3adf47bbe2aca71cee2242983aabf7df96c498,True,appendix/support
outputs/lava_5/diagnostic_100/stress_audio/compression/mp3_128k/0fe6868f97e611c23992d12c.json,.json,269,cb4f47ecb0ff4b1d6da787fbfeb0429c9d04f5c2818d2795687d369e33ab3cdc,True,appendix/support
outputs/lava_5/diagnostic_100/stress_audio/compression/mp3_128k/0fe6868f97e611c23992d12c.wav,.wav,77148,5d9134c8fedb7b4353220b3f68e1d0a2df35f64c9b693605f8935660070bd050,True,appendix/support
outputs/lava_5/diagnostic_100/stress_audio/compression/mp3_128k/12838c2d174bf0558d7fc31b.json,.json,269,d3408b53fbbc61e4b3d80b5e6436eb7d829299ab1d51f399884cacb6789864ff,True,appendix/support
outputs/lava_5/diagnostic_100/stress_audio/compression/mp3_128k/12838c2d174bf0558d7fc31b.wav,.wav,179232,77ed2f8dfd3cab07f5a3fcac751fa2b71cfcfaa71b666ce622429b3c2fcab198,True,appendix/support
outputs/lava_5/diagnostic_100/stress_audio/compression/mp3_128k/13803178f8dd8668d906ee39.json,.json,269,f7498545ee7ab92fef1b48b6580928c57232dd9fee1a2c9cadb992e2eb10325d,True,appendix/support
outputs/lava_5/diagnostic_100/stress_audio/compression/mp3_128k/13803178f8dd8668d906ee39.wav,.wav,221024,6410dd8f0b6b98b7eef33a686afa50c4948783b3da3bf503de04ad74b1dc5747,True,appendix/support
outputs/lava_5/diagnostic_100/stress_audio/compression/mp3_128k/14d80c96a6550873915015e8.json,.json,269,22c066ffeb86887946175b69249b954304d4ec0f2e3ae6b7f89b77bcc6941ecd,True,appendix/support
outputs/lava_5/diagnostic_100/stress_audio/compression/mp3_128k/14d80c96a6550873915015e8.wav,.wav,259164,81fb957804f9d64405e0cf3abf93da4de1f2c13e749d981fe19b630179a75f4d,True,appendix/support
outputs/lava_5/diagnostic_100/stress_audio/compression/mp3_128k/15b5d69cacf815ece2d95caa.json,.json,269,a7a9c27d15765e2234564bbcc21a87548f1c0aca2cf4f0180df896b36b7ad0d8,True,appendix/support
outputs/lava_5/diagnostic_100/stress_audio/compression/mp3_128k/15b5d69cacf815ece2d95caa.wav,.wav,184160,7a13a899fb4f735a9d4fda9f45a762a5086dd46652fe6b01cddd1864ca1f890a,True,appendix/support
outputs/lava_5/diagnostic_100/stress_audio/compression/mp3_128k/16519131f339da12045af5e8.json,.json,269,426c46b3e31682fd0155f33fbe259e4692ead7ea18d3235f397a0a91188dc452,True,appendix/support
outputs/lava_5/diagnostic_100/stress_audio/compression/mp3_128k/16519131f339da12045af5e8.wav,.wav,183644,d3ffe488a69d0f158ec876668e9bd3e5d777876a8d0c5f976ef78d9cc51b41c2,True,appendix/support
outputs/lava_5/diagnostic_100/stress_audio/compression/mp3_128k/1663a8d5bb42d6a2e8c8cdc0.json,.json,269,3dc17be9cb136aa7faf7437be05e99522fdf784e88abd2b979bad1fed4ff89bb,True,appendix/support
outputs/lava_5/diagnostic_100/stress_audio/compression/mp3_128k/1663a8d5bb42d6a2e8c8cdc0.wav,.wav,185184,01f6e57ae4f06ff930fa34e22a44d76d997dbdb024ea1d72265c698f41d8a842,True,appendix/support
outputs/lava_5/diagnostic_100/stress_audio/compression/mp3_128k/1cc0f44320dd697c694c2416.json,.json,269,d5eacd8041910cd24132aad64bc89861a6c409a397d499005be5b5594168e9ac,True,appendix/support
outputs/lava_5/diagnostic_100/stress_audio/compression/mp3_128k/1cc0f44320dd697c694c2416.wav,.wav,262492,45cc777a791c376a8a97b746fb093ec3deb64dbcba4eeac1e631320abc853f76,True,appendix/support
outputs/lava_5/diagnostic_100/stress_audio/compression/mp3_128k/1d05f3056ab84f705cb3db4f.json,.json,269,b3db8c59df77f021f87cf2ef4a9199a55b90e7fd496efaea0028571b85862147,True,appendix/support
outputs/lava_5/diagnostic_100/stress_audio/compression/mp3_128k/1d05f3056ab84f705cb3db4f.wav,.wav,262492,a9e0b974c2a4a8f691f0b377d0e61fcdd24a9118374930fb46b4e4f0ec97c891,True,appendix/support
outputs/lava_5/diagnostic_100/stress_audio/compression/mp3_128k/20e3ba6ea5ae847fc7730906.json,.json,269,19d4be9bae01975f7c167fd67f78e766b4e6c6319c71121bbb9c0f19d036da3e,True,appendix/support
outputs/lava_5/diagnostic_100/stress_audio/compression/mp3_128k/20e3ba6ea5ae847fc7730906.wav,.wav,262492,8e1a3c842dddca4e0a2b092eb7bf0a81f8d7a2e67f1356c144ae7b60295259e6,True,appendix/support
outputs/lava_5/diagnostic_100/stress_audio/compression/mp3_128k/22a52105eeb8604387537fc8.json,.json,269,076aa2d1e5bda59fd476318c1378e5c5e77ba42698df343d9dc101d54ce1bb04,True,appendix/support
outputs/lava_5/diagnostic_100/stress_audio/compression/mp3_128k/22a52105eeb8604387537fc8.wav,.wav,182688,651ed99af42fd0b623399d08f8257469daad30c1b4d00dace8df4137f6f8513d,True,appendix/support
outputs/lava_5/diagnostic_100/stress_audio/compression/mp3_128k/2312c3f3be831c56c2f7d6f9.json,.json,269,929a8d97cce33cfcb776f80f7cc2772c3cdd44e42924d721f34c37d9c6997ad5,True,appendix/support
outputs/lava_5/diagnostic_100/stress_audio/compression/mp3_128k/2312c3f3be831c56c2f7d6f9.wav,.wav,262492,f54c2b952afb620c8b6d3fa12cb2d5ab6f2124ab8a881fa2126bd9e570750f98,True,appendix/support
outputs/lava_5/diagnostic_100/stress_audio/compression/mp3_128k/23fdfd933236da9fc18b9698.json,.json,269,26b167f11b97b73a73bc27067a96bd5eb79d253c3af05a9081004ddace0be85e,True,appendix/support
outputs/lava_5/diagnostic_100/stress_audio/compression/mp3_128k/23fdfd933236da9fc18b9698.wav,.wav,208988,9db27a62d8be99ddce976afc3d79cc5f499f5682151501d5f29cc8c412e1ef9a,True,appendix/support
outputs/lava_5/diagnostic_100/stress_audio/compression/mp3_128k/27cc7329c4e34012808006bd.json,.json,269,88c23ddc729ae36a137921804da5922e0c9c8e57937f3f00a5ec74b7efd4f505,True,appendix/support
outputs/lava_5/diagnostic_100/stress_audio/compression/mp3_128k/27cc7329c4e34012808006bd.wav,.wav,47072,56c3335570467670b0882b3f1f33a7e08217985ee1fddcacf3298ef9f0f71c75,True,appendix/support
outputs/lava_5/diagnostic_100/stress_audio/compression/mp3_128k/2bda1970d459fecae0012370.json,.json,269,ccfd79ec05c6ae4ec9fb0fee40d2827426173766b69dfc9b30ca26ba07d58ec0,True,appendix/support
outputs/lava_5/diagnostic_100/stress_audio/compression/mp3_128k/2bda1970d459fecae0012370.wav,.wav,262492,fe0ae90be2d14a1aeb01940e114a11c1279c7120eedb8cbab1ded5e4fd8a3956,True,appendix/support
outputs/lava_5/diagnostic_100/stress_audio/compression/mp3_128k/2c8db8a471cc4054151aa683.json,.json,269,c9f6a4caf35a23489ddbc06af222481ff9343d6b848f3eaf590761c8013ff7e0,True,appendix/support
outputs/lava_5/diagnostic_100/stress_audio/compression/mp3_128k/2c8db8a471cc4054151aa683.wav,.wav,262492,254bacd636fc17e74d5260106764ac2068610b49c17bd2576c841d6d4bd0427f,True,appendix/support
outputs/lava_5/diagnostic_100/stress_audio/compression/mp3_128k/32bd098cdbd1405bc95276d7.json,.json,269,e4fd3b6c29f72adb1ce9483ea46d0f8b339100e9dd3ce0d9bde40e22202c1b3f,True,appendix/support
outputs/lava_5/diagnostic_100/stress_audio/compression/mp3_128k/32bd098cdbd1405bc95276d7.wav,.wav,262492,1011835342b7ddeb450c67b79b5465bfa075a486c54dacc05f9ed8f9b105aa4a,True,appendix/support
outputs/lava_5/diagnostic_100/stress_audio/compression/mp3_128k/388612050711ea476f656661.json,.json,269,143eb825440cce468e3a7230457cc7e1039674b11e3e18337210d45f0b9110af,True,appendix/support
outputs/lava_5/diagnostic_100/stress_audio/compression/mp3_128k/388612050711ea476f656661.wav,.wav,262492,da327138e267ecc0b1ae35b3fa48c7f3edfc18baea181edd1ac621b3961149a0,True,appendix/support
outputs/lava_5/diagnostic_100/stress_audio/compression/mp3_128k/3d9931154b09db0ada390088.json,.json,269,73a4a55fa0f6d725dbf2eb3b9351210d38e6985a9c6d6ec226d4343e846b0eb2,True,appendix/support
outputs/lava_5/diagnostic_100/stress_audio/compression/mp3_128k/3d9931154b09db0ada390088.wav,.wav,43100,1430932763d2fe6674c148dfd85a6a1318345be8ded2992e78676d1ac659e455,True,appendix/support
outputs/lava_5/diagnostic_100/stress_audio/compression/mp3_128k/3e590da85ff04392bf1190fa.json,.json,269,a6bd232d2814d4088ceb626d7bcc3ad8e50c828d93e2b125436c7ea6af4046d3,True,appendix/support
outputs/lava_5/diagnostic_100/stress_audio/compression/mp3_128k/3e590da85ff04392bf1190fa.wav,.wav,160220,61f3fbe515fff26f6bab3b6ec90ca32f1d3d5370c6bd8aba9a37fcb41a1d7744,True,appendix/support
outputs/lava_5/diagnostic_100/stress_audio/compression/mp3_128k/3fe55cd5eebb79613297438d.json,.json,269,88d28fbcb71320811df8a61c0255007b6922dcf0af2d6a97777f7320f686418d,True,appendix/support
outputs/lava_5/diagnostic_100/stress_audio/compression/mp3_128k/3fe55cd5eebb79613297438d.wav,.wav,262492,fceb9abfb62812cd6c249779e1d038f90edb7b3f54b4e6576baa480e94914256,True,appendix/support
outputs/lava_5/diagnostic_100/stress_audio/compression/mp3_128k/496c1972636422a85f2e070a.json,.json,269,a9f8571a1abf8f6bf842af184c3649f243a4cf5e4f5d96e2d70e2b20181e6761,True,appendix/support
outputs/lava_5/diagnostic_100/stress_audio/compression/mp3_128k/496c1972636422a85f2e070a.wav,.wav,262492,5ef38093e3ebce4d0c8691a63b35c1251b37a7e76cd6c961f1d269b2e2a45fca,True,appendix/support
outputs/lava_5/diagnostic_100/stress_audio/compression/mp3_128k/4afd285ddaa5f0fcd4005176.json,.json,269,4282331a3718401c135dbe98ee3c73acd0dd64c9446c9fbef7255edb83558275,True,appendix/support
outputs/lava_5/diagnostic_100/stress_audio/compression/mp3_128k/4afd285ddaa5f0fcd4005176.wav,.wav,96672,6821b73af46b61fc005888c18de66c2cc51ffa61d2c675fc57b92660aadd4ece,True,appendix/support
outputs/lava_5/diagnostic_100/stress_audio/compression/mp3_128k/4f39ef17a122a3d2d30b79b8.json,.json,269,4f9727709049b0eb095a42813bbc19c86f9552b0476ff1ba0bbfab991d2ab0b1,True,appendix/support
outputs/lava_5/diagnostic_100/stress_audio/compression/mp3_128k/4f39ef17a122a3d2d30b79b8.wav,.wav,262492,b58cc1536acd3dfe82760b01bfe0286187a85ea6bba09c16b021231b9aa612a7,True,appendix/support
outputs/lava_5/diagnostic_100/stress_audio/compression/mp3_128k/5192c39d22744c82e8f05ebc.json,.json,269,76f64fc56d3fc5329469a8c3d246f12e9083e78787deec651a8cf063a2641526,True,appendix/support
outputs/lava_5/diagnostic_100/stress_audio/compression/mp3_128k/5192c39d22744c82e8f05ebc.wav,.wav,182496,b41dda3e8d093f12840d8459ceec017f92d8932e47d0e297eed119bc5681a424,True,appendix/support
outputs/lava_5/diagnostic_100/stress_audio/compression/mp3_128k/5351182494dd9c7262224149.json,.json,269,2a4d2410748cc79a2ac8236810df495d2b63190f95400cf3680605f262ddcd9e,True,appendix/support
outputs/lava_5/diagnostic_100/stress_audio/compression/mp3_128k/5351182494dd9c7262224149.wav,.wav,723332,ff140e4f70bad6ae82c9a67209e94d314e8acc0de935b9d0d7cb191b8f72c60e,True,appendix/support
outputs/lava_5/diagnostic_100/stress_audio/compression/mp3_128k/5625dac162e4cd16afe7ec00.json,.json,269,de93c1c713b0dc10a8f15927f1270470b49d0df004e271f8889c74ce73bc4f5b,True,appendix/support
outputs/lava_5/diagnostic_100/stress_audio/compression/mp3_128k/5625dac162e4cd16afe7ec00.wav,.wav,100700,0b5020c6cc1a286711045be0736ab00159c827d581e34037e3c2a639ee3cb767,True,appendix/support
outputs/lava_5/diagnostic_100/stress_audio/compression/mp3_128k/563cfc6338490ec7146f4047.json,.json,269,80c72652554eb9e894c2c3d0de6ddf673a3b9fdf2c162b79bbf3ddc87f3844d1,True,appendix/support
outputs/lava_5/diagnostic_100/stress_audio/compression/mp3_128k/563cfc6338490ec7146f4047.wav,.wav,262492,21dd44ecdbafdefe406dbc70595e294e66cc614460b1a1ba69f610d0e377fe0a,True,appendix/support
outputs/lava_5/diagnostic_100/stress_audio/compression/mp3_128k/5c43dec240130e4c8e1f5af1.json,.json,269,7582bba2f07add1558936a21f33044f10a2c28a3bd9fcf9f6f3d0721a9d27fbf,True,appendix/support
outputs/lava_5/diagnostic_100/stress_audio/compression/mp3_128k/5c43dec240130e4c8e1f5af1.wav,.wav,187164,b8466a99e1fd74ae578241ca217440b618b28c0915e9f4bb6c0fc50d53bd0137,True,appendix/support
outputs/lava_5/diagnostic_100/stress_audio/compression/mp3_128k/5f00cfa3ef4f1bc1c7af915f.json,.json,269,c23368052f0620cacf3c080e2598ff6aa2d0bf8d8ae0da1a4f1909938272c188,True,appendix/support
outputs/lava_5/diagnostic_100/stress_audio/compression/mp3_128k/5f00cfa3ef4f1bc1c7af915f.wav,.wav,195552,ed0008fbba567e1dc4b8c2313c8248ab0defed1cedf45db64a3c5e56026981b8,True,appendix/support
outputs/lava_5/diagnostic_100/stress_audio/compression/mp3_128k/65fa114084c78e3fa2ccb4c4.json,.json,269,06cc7acb655edf0528df1f46d3622f9276744455d69a231b002e048bc187abd1,True,appendix/support
outputs/lava_5/diagnostic_100/stress_audio/compression/mp3_128k/65fa114084c78e3fa2ccb4c4.wav,.wav,47264,bce4f2e8c8be3161b42d1f013e86cd145ac76b34444aed99d027b7b02dffa561,True,appendix/support
outputs/lava_5/diagnostic_100/stress_audio/compression/mp3_128k/670e2ee7e3a1b0b302c5c029.json,.json,269,00703e7e23277439110297be640469d1772e7de359efdb679a66b4ae36e25aa0,True,appendix/support
outputs/lava_5/diagnostic_100/stress_audio/compression/mp3_128k/670e2ee7e3a1b0b302c5c029.wav,.wav,191324,7077e30a247358340a07e7bbe575622c1aec55ce9c2fb579627f97ddaa84c8a6,True,appendix/support
outputs/lava_5/diagnostic_100/stress_audio/compression/mp3_128k/69e58b63212e94fad9531cf8.json,.json,269,d1ce23cfdd6417b1acb2c49ce7d6a88b012d9ecfa9dab48f305de2ce93db709c,True,appendix/support
outputs/lava_5/diagnostic_100/stress_audio/compression/mp3_128k/69e58b63212e94fad9531cf8.wav,.wav,262492,18a28a63acdd6cf40580da50c44925a93f44d1bc536502436ed529ad73b4d67e,True,appendix/support
outputs/lava_5/diagnostic_100/stress_audio/compression/mp3_128k/6a6744f2df1e37d04b424700.json,.json,269,a3159ead2ac09de1086544a433eb958400d56a4c4c8365f5bde381aaab61d568,True,appendix/support
outputs/lava_5/diagnostic_100/stress_audio/compression/mp3_128k/6a6744f2df1e37d04b424700.wav,.wav,72028,f044432bd31e4474ab3234fff305b4bf2e0bb12493a3efc032cbbc109f849250,True,appendix/support
outputs/lava_5/diagnostic_100/stress_audio/compression/mp3_128k/6b25544eba298359a41e3cda.json,.json,269,777bd1ffac45992efb7954dc5cdd308161d18e9133f741188308827e2d475a9f,True,appendix/support
outputs/lava_5/diagnostic_100/stress_audio/compression/mp3_128k/6b25544eba298359a41e3cda.wav,.wav,42780,77e11a1289e81e164c54e9bec86c067474c9de61c74c03d5e2583e7a0b9c9b85,True,appendix/support
outputs/lava_5/diagnostic_100/stress_audio/compression/mp3_128k/6ba0bdb847ca9a4ac515e0b3.json,.json,269,94a5b7abff6c02e55fe2b8e920029238e9010ee954c6d26b861ff863450637c2,True,appendix/support
outputs/lava_5/diagnostic_100/stress_audio/compression/mp3_128k/6ba0bdb847ca9a4ac515e0b3.wav,.wav,65052,b9521672d9bf0717eba996e0efad53a8838e52ddd02279d5d9a9fb9a7e1a5abc,True,appendix/support
outputs/lava_5/diagnostic_100/stress_audio/compression/mp3_128k/70acb10251feb1ba60704d3d.json,.json,269,a51713eb068f42027ea3b33d98470d0a03f4eec9e16bd8cb0c8d33cbc169e1ee,True,appendix/support
outputs/lava_5/diagnostic_100/stress_audio/compression/mp3_128k/70acb10251feb1ba60704d3d.wav,.wav,110684,4ba0a97ffa1927b63764460792a572cecd478c8ba0cd31ffb2aa978ae1789e11,True,appendix/support
outputs/lava_5/diagnostic_100/stress_audio/compression/mp3_128k/716d883d011d7ae890ad651a.json,.json,269,244ef72d01f85cc4241fc4dd30fd9605445eb0dae0626786f0b3f101ed963ea7,True,appendix/support
outputs/lava_5/diagnostic_100/stress_audio/compression/mp3_128k/716d883d011d7ae890ad651a.wav,.wav,262492,614e9ee37dcfb36ee3f9aee868da69afb9f54ea5d1e415a73237379690156833,True,appendix/support
outputs/lava_5/diagnostic_100/stress_audio/compression/mp3_128k/71efb74aba0dbca8edbaf96d.json,.json,269,f16aac546a70113eecc88900fd16a551c4b6e0394375d58825b27d5533fee575,True,appendix/support
outputs/lava_5/diagnostic_100/stress_audio/compression/mp3_128k/71efb74aba0dbca8edbaf96d.wav,.wav,262492,187bf2311ab77108c19e23f3fce8373af95e9f287578ede6c8e60135912b190c,True,appendix/support
outputs/lava_5/diagnostic_100/stress_audio/compression/mp3_128k/724688588871a9e8ec972876.json,.json,269,e395f7fc37e0fe7aa5c7709b6505b4aca90a66742be3a7933f3779bf55ced833,True,appendix/support
outputs/lava_5/diagnostic_100/stress_audio/compression/mp3_128k/724688588871a9e8ec972876.wav,.wav,259036,fcbd4b1b80c18a43f10e0bdda4c15e6270b597b49243d0db1c8368f1bf07fabc,True,appendix/support
outputs/lava_5/diagnostic_100/stress_audio/compression/mp3_128k/76db2453d9db2a13cbb2ac04.json,.json,269,92740510ef0a3f073c30f8c4b337a821b76015c0061696d843828ce8b99654e4,True,appendix/support
outputs/lava_5/diagnostic_100/stress_audio/compression/mp3_128k/76db2453d9db2a13cbb2ac04.wav,.wav,222688,fac9cd739a23f15583205f7203f0ff1b64e1a320cf49fdea6b81796f5448ff3a,True,appendix/support
outputs/lava_5/diagnostic_100/stress_audio/compression/mp3_128k/774af2f26f8eed3ad5281fe7.json,.json,269,e2763b82e3264a980ae1685698e64ba35d21c8ae6a63fb3f276f563ff7bc12bf,True,appendix/support
outputs/lava_5/diagnostic_100/stress_audio/compression/mp3_128k/774af2f26f8eed3ad5281fe7.wav,.wav,175452,61639ffa99b1a6b4cb6fbfc78ba4ef4135dd0aba14531f0a8550aeb3657cfe17,True,appendix/support
outputs/lava_5/diagnostic_100/stress_audio/compression/mp3_128k/78e5829afd3e6864e5e71c73.json,.json,269,ae821e97923dd32555908ca9e2926764d3ff62c2ad70c91af6ccb486c8b5d16f,True,appendix/support
outputs/lava_5/diagnostic_100/stress_audio/compression/mp3_128k/78e5829afd3e6864e5e71c73.wav,.wav,183196,e7b2c830259c7dfb34c1ae2f10684ccb9289a5954b44269702b87ac15b321ca3,True,appendix/support
outputs/lava_5/diagnostic_100/stress_audio/compression/mp3_128k/7a17be8240fb81d00748f3f1.json,.json,269,ee595db57aac607a394e48703fa4f78dfaf998847c87b934b42a8ce3ae9df0d7,True,appendix/support
outputs/lava_5/diagnostic_100/stress_audio/compression/mp3_128k/7a17be8240fb81d00748f3f1.wav,.wav,89632,39af08a8c37b4302839f0386102b2cb24c415c434676cef3a7ab3af4489142f9,True,appendix/support
outputs/lava_5/diagnostic_100/stress_audio/compression/mp3_128k/7d3533480083913870e624e1.json,.json,269,4572107472127b16a7d7b9e0ed754e65faa2ee5eed7c1366634f515a440f66c7,True,appendix/support
outputs/lava_5/diagnostic_100/stress_audio/compression/mp3_128k/7d3533480083913870e624e1.wav,.wav,213472,17f2c39eb62b8e53e3049d36b728ce0269e7d5ba357c6ee4777bcee8424e9a41,True,appendix/support
outputs/lava_5/diagnostic_100/stress_audio/compression/mp3_128k/84dc75fc1ebb7bb994ab3928.json,.json,269,f7b2332f4b8ecdc9a57e84f63072088f92b2e7d734fab1992cdebba563afdee7,True,appendix/support
outputs/lava_5/diagnostic_100/stress_audio/compression/mp3_128k/84dc75fc1ebb7bb994ab3928.wav,.wav,51676,fd67b28f8556a0e3c1a811da3713da88dd40823ff19d31c364e857dba2fce9bf,True,appendix/support
outputs/lava_5/diagnostic_100/stress_audio/compression/mp3_128k/8837468e1872f56406fb42eb.json,.json,269,8ced8f5dc5b376af1dbb425fb13f52eea8a8a3a2c42e92722226946fdfd8fd74,True,appendix/support
outputs/lava_5/diagnostic_100/stress_audio/compression/mp3_128k/8837468e1872f56406fb42eb.wav,.wav,128860,5a230af02bedcaf5a7b1a00fe3c8bf238cdc951fb7177e4a13a300a19f9fa87e,True,appendix/support
outputs/lava_5/diagnostic_100/stress_audio/compression/mp3_128k/8dfea62bd956d74432a23ebe.json,.json,269,90fddef59abb75b933a3869f87c2ebc6e87f5029ccb37fae2725434ca24360d7,True,appendix/support
outputs/lava_5/diagnostic_100/stress_audio/compression/mp3_128k/8dfea62bd956d74432a23ebe.wav,.wav,262492,457517eea45ad2163a597ae6ce6b6f739e58ff34d9c3c2d148f36b7614ba5148,True,appendix/support
outputs/lava_5/diagnostic_100/stress_audio/compression/mp3_128k/8f4b5a526d8509d6c28e4e1f.json,.json,269,9629f174fb44d855b8d1600ba1ff0bbb110c338d955d8337393ce3a1c8c0327e,True,appendix/support
outputs/lava_5/diagnostic_100/stress_audio/compression/mp3_128k/8f4b5a526d8509d6c28e4e1f.wav,.wav,262492,98cea35d23d1589e7b82dc6565908998769b052e75ec6db84ae57a79c1f0fe00,True,appendix/support
outputs/lava_5/diagnostic_100/stress_audio/compression/mp3_128k/8f733fb9d55b72bc5f2eed54.json,.json,269,17593a5713493357ca10b0cb25ec3e204fb53a5f966a86dd67164f661e21787c,True,appendix/support
outputs/lava_5/diagnostic_100/stress_audio/compression/mp3_128k/8f733fb9d55b72bc5f2eed54.wav,.wav,193816,72bb735314649c4f27a131725e747d73dfbe9db600f7d733e3ee5de6f86355de,True,appendix/support
outputs/lava_5/diagnostic_100/stress_audio/compression/mp3_128k/8f7ceda91962e32fc2b5f66e.json,.json,269,ff15f49cdfdc98eee351fa920363521a597461930235546ab4ee2f55c1a190be,True,appendix/support
outputs/lava_5/diagnostic_100/stress_audio/compression/mp3_128k/8f7ceda91962e32fc2b5f66e.wav,.wav,72544,914ce9ae942f466425af3971323bab786a1082f43bf0f9cd5b7e379f1c005596,True,appendix/support
outputs/lava_5/diagnostic_100/stress_audio/compression/mp3_128k/90d03bb99515f26ce1227834.json,.json,269,d16601431f682eed94dbfbaec2c4ae59a758b510056fefc757069d62bd8bc4e8,True,appendix/support
outputs/lava_5/diagnostic_100/stress_audio/compression/mp3_128k/90d03bb99515f26ce1227834.wav,.wav,109340,cfce7a17c644159ef1d432d4552c59888cb881a3db16e44c1d32a997bbb699b7,True,appendix/support
outputs/lava_5/diagnostic_100/stress_audio/compression/mp3_128k/9333e9dd36bcb45439be4efc.json,.json,269,82099959a9b9f38503452009a756fbbc216ca536574dab9a8d4b4796d3782ada,True,appendix/support
outputs/lava_5/diagnostic_100/stress_audio/compression/mp3_128k/9333e9dd36bcb45439be4efc.wav,.wav,262492,9b1ea397d4d0c58cce56ff08a71a9c8af2027e5c643c246975a2163dfc2f2594,True,appendix/support
outputs/lava_5/diagnostic_100/stress_audio/compression/mp3_128k/9b28a9b42c335e11e04f958e.json,.json,269,fc3f8a8e7b9891bce681aecfe1a08a16ff82a77ce5b52e596e0ab8a5b65980ec,True,appendix/support
outputs/lava_5/diagnostic_100/stress_audio/compression/mp3_128k/9b28a9b42c335e11e04f958e.wav,.wav,212828,85df705b3fb1c71c94e6b8f24e6424e29cc5aba0265dc5123353606bbc7afd1c,True,appendix/support
outputs/lava_5/diagnostic_100/stress_audio/compression/mp3_128k/9d179165adfea51f5cd4e20f.json,.json,269,2a092903bbcfee62fd22f0dc283f4c7a5dcb9663c35ddd8640d9f27f80193396,True,appendix/support
outputs/lava_5/diagnostic_100/stress_audio/compression/mp3_128k/9d179165adfea51f5cd4e20f.wav,.wav,190940,a1997bb8ab2c31bf4be27bf3a73dbef3f965b77cd8385a7ee43d928200214f6e,True,appendix/support
outputs/lava_5/diagnostic_100/stress_audio/compression/mp3_128k/9f0918d28116126e7269f4e6.json,.json,269,83102b7f77030d02ffcd148637d1bc973cdb1797a32b508a8a368764ddf428ad,True,appendix/support
outputs/lava_5/diagnostic_100/stress_audio/compression/mp3_128k/9f0918d28116126e7269f4e6.wav,.wav,262492,311fd8d6ab92b7b6ef16017abc07c5f27cb47afe68dd128156768cdd0da1dd48,True,appendix/support
outputs/lava_5/diagnostic_100/stress_audio/compression/mp3_128k/9f1fdcfd9d149c9f93a019bb.json,.json,269,0f0be25f7665e45d6b381f9ff5398a4199792ab0a1a5cd731d975a1ef1e6cf53,True,appendix/support
outputs/lava_5/diagnostic_100/stress_audio/compression/mp3_128k/9f1fdcfd9d149c9f93a019bb.wav,.wav,89756,b277435f70bf07334abc66e8d8af1921bb3938e8e0749aed97bb6fc30978b3c9,True,appendix/support
outputs/lava_5/diagnostic_100/stress_audio/compression/mp3_128k/a2b6797ebeaec85e9f2f606b.json,.json,269,b5b5847ab3a8449465eaa57cd049f8fb1d561fb9b89ebfde4a5245847064e045,True,appendix/support
outputs/lava_5/diagnostic_100/stress_audio/compression/mp3_128k/a2b6797ebeaec85e9f2f606b.wav,.wav,262492,b81660bd5e7e07b5d304e7287dc7894c51530c54d4f658901f38405383dc1efd,True,appendix/support
outputs/lava_5/diagnostic_100/stress_audio/compression/mp3_128k/a81ba9f3564487c5c5ad6083.json,.json,269,13c3c9468e0eda3b42b99d4ccd8840dd0e3d5bdabe4428c9ad872c4189c7d37a,True,appendix/support
outputs/lava_5/diagnostic_100/stress_audio/compression/mp3_128k/a81ba9f3564487c5c5ad6083.wav,.wav,111516,e55b533af2ba3bd0a81f8eda14199195205cfb69d31b172bdb868be787ffbf3b,True,appendix/support
outputs/lava_5/diagnostic_100/stress_audio/compression/mp3_128k/a9dfa080432da2cb38c10a36.json,.json,269,b7b9237a0489ba40d7b78269231cabb87e8ad6fce0c1f9b864a162ca27ca24ca,True,appendix/support
outputs/lava_5/diagnostic_100/stress_audio/compression/mp3_128k/a9dfa080432da2cb38c10a36.wav,.wav,195164,d41717142ab3f2d781cc81dadcf1383199585b2ec3049aef3211c84bce25ddd7,True,appendix/support
outputs/lava_5/diagnostic_100/stress_audio/compression/mp3_128k/aa175eb8bb09da4aca353fbc.json,.json,269,67588acc673f6a37ec4e57747a17620ff0b6bb0cb9a12994347baa80fae2b730,True,appendix/support
outputs/lava_5/diagnostic_100/stress_audio/compression/mp3_128k/aa175eb8bb09da4aca353fbc.wav,.wav,478136,0d1a6f744d4d07294b6bb5fd52b76517e561cd100f4c92a7cc413d1f600afc0e,True,appendix/support
outputs/lava_5/diagnostic_100/stress_audio/compression/mp3_128k/ab8e4cf7200bdca9d708710c.json,.json,269,d7d2f9b304c94850ab7421e898c46c19e194bf1f38f930edbaf6362986e2b317,True,appendix/support
outputs/lava_5/diagnostic_100/stress_audio/compression/mp3_128k/ab8e4cf7200bdca9d708710c.wav,.wav,262492,a1c4d0907d547ad2457f2cea588ee5e7622b96fd9d6763ee05c4593e0778f6fc,True,appendix/support
outputs/lava_5/diagnostic_100/stress_audio/compression/mp3_128k/ae905c6b72d158aeaf1cf62e.json,.json,269,0adcf98ddaf0f2873689434ceb2f8fae913b135f00898111e91100749c951d57,True,appendix/support
outputs/lava_5/diagnostic_100/stress_audio/compression/mp3_128k/ae905c6b72d158aeaf1cf62e.wav,.wav,191712,c01efd983dd1a0306bdd9770c5e7d22b8e283e82d8192d53159607cb54eac29e,True,appendix/support
outputs/lava_5/diagnostic_100/stress_audio/compression/mp3_128k/af4a5345e3991cecef3aae8a.json,.json,269,207e0f15377ff478c9a9991fed2f07f5df552f965edbe8238388b9449e11cfa1,True,appendix/support
outputs/lava_5/diagnostic_100/stress_audio/compression/mp3_128k/af4a5345e3991cecef3aae8a.wav,.wav,171296,86feebbcfa52416c14090cbd3bb559cd435b3ea465df1b3cbe7e9e9856c7c93b,True,appendix/support
outputs/lava_5/diagnostic_100/stress_audio/compression/mp3_128k/b119d883b5c17cd91903587c.json,.json,269,270cceb73d732fb8f62392c7393e11741f5e192c263d611c93065331ca3574a9,True,appendix/support
outputs/lava_5/diagnostic_100/stress_audio/compression/mp3_128k/b119d883b5c17cd91903587c.wav,.wav,139612,48ea193e17a31085d9a90c8e458457d2b176c542a81b4a733a4c3025c9423b83,True,appendix/support
outputs/lava_5/diagnostic_100/stress_audio/compression/mp3_128k/b48e5c014630e6e9fd9b8663.json,.json,269,d3a12da2ed916766a7e332cbbdf7f15ae6465c78a3866d7a5c165c5d9f1aec13,True,appendix/support
outputs/lava_5/diagnostic_100/stress_audio/compression/mp3_128k/b48e5c014630e6e9fd9b8663.wav,.wav,145824,caabc5a88120755b96b9c8f59f1f3825050d8c9b1e64373848980033cb6ccec3,True,appendix/support
outputs/lava_5/diagnostic_100/stress_audio/compression/mp3_128k/bb4a298808e45fe2abc20548.json,.json,269,74da9275aca1b68a93f91737a02893cdebb536f5567e9449316c666753a0380f,True,appendix/support
outputs/lava_5/diagnostic_100/stress_audio/compression/mp3_128k/bb4a298808e45fe2abc20548.wav,.wav,226072,62d92d958233fff133b12a83768f18581051b21862b5bb26bd91ac5d061448d9,True,appendix/support
outputs/lava_5/diagnostic_100/stress_audio/compression/mp3_128k/bca256c04342e6f21518f4ed.json,.json,269,6f04cb8ad9cf94ed8d8f53cff004937b5a8363fdd9f91ddee81d4206941644ce,True,appendix/support
outputs/lava_5/diagnostic_100/stress_audio/compression/mp3_128k/bca256c04342e6f21518f4ed.wav,.wav,262492,82d1a49218d43ed7eed31ed03ee76732f802fd82674955bfb6c8bc72e303b251,True,appendix/support
outputs/lava_5/diagnostic_100/stress_audio/compression/mp3_128k/bcf90da5d8f365547625d06e.json,.json,269,a702f023c483edc52fb293a5318ce598dc679f50334215afcd32f0633ae89a87,True,appendix/support
outputs/lava_5/diagnostic_100/stress_audio/compression/mp3_128k/bcf90da5d8f365547625d06e.wav,.wav,137244,35f50fa0c33045eca1fb68db7f46710cb862a0b6704b986c0d80a1ca64f79f3d,True,appendix/support
outputs/lava_5/diagnostic_100/stress_audio/compression/mp3_128k/be23031a7c89418cd367d2b6.json,.json,269,5bb887b66cd0f761d4af7577c56aae2213e8031e168f9de387bd72a4693234f3,True,appendix/support
outputs/lava_5/diagnostic_100/stress_audio/compression/mp3_128k/be23031a7c89418cd367d2b6.wav,.wav,262492,b1084fdfcef9292055192b7a5e0fa6d0c4c6c706050e500a75bdad7f3bc53d24,True,appendix/support
outputs/lava_5/diagnostic_100/stress_audio/compression/mp3_128k/bf79c7858fa88bf58a01c563.json,.json,269,a90b253b5c533d20df268151340edc16d292dcb8c04cec6d853a0f45ebe4aeaa,True,appendix/support
outputs/lava_5/diagnostic_100/stress_audio/compression/mp3_128k/bf79c7858fa88bf58a01c563.wav,.wav,262492,393b12e1dee1d02352b46958691142b85932ada5c17f110efd1dff982c172c00,True,appendix/support
outputs/lava_5/diagnostic_100/stress_audio/compression/mp3_128k/c19a55980675a8655f10cb86.json,.json,269,b0875c32c5c9ef0a30298da76902a8221d29bb33c442a031a01c1c7ea5b92ea5,True,appendix/support
outputs/lava_5/diagnostic_100/stress_audio/compression/mp3_128k/c19a55980675a8655f10cb86.wav,.wav,82976,b77c9af369f66db7905e77eb27faa323d0cd753097c9f6b73847d2ba5c84d7d9,True,appendix/support
outputs/lava_5/diagnostic_100/stress_audio/compression/mp3_128k/c31e2f1d29e4bd849b1979ec.json,.json,269,7e6726ca2cf3959834a52b1fffe7dff2462a66cf4034182a77000d3bc6ff4f5f,True,appendix/support
outputs/lava_5/diagnostic_100/stress_audio/compression/mp3_128k/c31e2f1d29e4bd849b1979ec.wav,.wav,262492,1c299cda94b394618b2b2b10c12a9c2547eebc3134159701c52b230933fc458e,True,appendix/support
outputs/lava_5/diagnostic_100/stress_audio/compression/mp3_128k/c8fc323333c786b01aee38cc.json,.json,269,be08a30b904fc417714504e4494c13ede00dbb87aab95b348a13c4aa52e5c526,True,appendix/support
outputs/lava_5/diagnostic_100/stress_audio/compression/mp3_128k/c8fc323333c786b01aee38cc.wav,.wav,262492,e333e755d74210f093a5b33ee1663989607ce1a4ad80db9046a80d220992efc7,True,appendix/support
outputs/lava_5/diagnostic_100/stress_audio/compression/mp3_128k/cb0d4895cd4931043d5add9a.json,.json,269,18f695eb12cea208c902581217dae71c600b4e1cf77f31f30a914b2fac557ac3,True,appendix/support
outputs/lava_5/diagnostic_100/stress_audio/compression/mp3_128k/cb0d4895cd4931043d5add9a.wav,.wav,176220,15c3a193c88898dcd1ce37439830e61db3b482d0aa035dadd902c0459db3c251,True,appendix/support
outputs/lava_5/diagnostic_100/stress_audio/compression/mp3_128k/cb2b10d7e455110be82f03cf.json,.json,269,a03ffd99c84d28a85c96768980bf898f19612228cb03f2ebdd95b090037d2a8b,True,appendix/support
outputs/lava_5/diagnostic_100/stress_audio/compression/mp3_128k/cb2b10d7e455110be82f03cf.wav,.wav,172380,49512e735f2c798f579b6b2e29e3161da5a34a98ca405e3f777ee729b48003ba,True,appendix/support
outputs/lava_5/diagnostic_100/stress_audio/compression/mp3_128k/cb5fcbd2d9232dd2c54d2bae.json,.json,269,35ed8fbde57e16b90c4f6b5d40cd1daecee29d6fe19bd830eb629083b651dde5,True,appendix/support
outputs/lava_5/diagnostic_100/stress_audio/compression/mp3_128k/cb5fcbd2d9232dd2c54d2bae.wav,.wav,262492,5eb537d3ce9c834ca911bbcc6ebb6c3dceadff3b0f9cd9f6142403a0517e68a3,True,appendix/support
outputs/lava_5/diagnostic_100/stress_audio/compression/mp3_128k/ced0cb1635b69f6c2589670f.json,.json,269,17f50a8028d391133bcabe74822fe7df51dcfc622040746171cd6518537ac1a7,True,appendix/support
outputs/lava_5/diagnostic_100/stress_audio/compression/mp3_128k/ced0cb1635b69f6c2589670f.wav,.wav,103200,141c56508b8c61e7b1218a1d50d561b9f3e16e6b3e503c1e7d83aeb185ea899b,True,appendix/support
outputs/lava_5/diagnostic_100/stress_audio/compression/mp3_128k/d30113a70f2a4f16402cc05f.json,.json,269,e08ceb9f642eb044c195487e37b020ce720e97572f428b41e5e4777d4be81ded,True,appendix/support
outputs/lava_5/diagnostic_100/stress_audio/compression/mp3_128k/d30113a70f2a4f16402cc05f.wav,.wav,133024,2cc63e4a93f65a5a8465d734feee51cae04cdc873724871a72de392974e3f312,True,appendix/support
outputs/lava_5/diagnostic_100/stress_audio/compression/mp3_128k/d4fffc838ec52ffb01ade537.json,.json,269,e13067274b07409283705dfe28fb7b74fc06ccd9c585ee38d971a719f56ed650,True,appendix/support
outputs/lava_5/diagnostic_100/stress_audio/compression/mp3_128k/d4fffc838ec52ffb01ade537.wav,.wav,262492,549053541b0ea741563a473e762da8514741747d12a72031c71bdacb6f3578d4,True,appendix/support
outputs/lava_5/diagnostic_100/stress_audio/compression/mp3_128k/d97f1a7e17bce81dfa7ddefb.json,.json,269,1f6f3fe98565fa4e0d5778bdd736b68ba6faa1f48f75b637620c4ada0507ddf7,True,appendix/support
outputs/lava_5/diagnostic_100/stress_audio/compression/mp3_128k/d97f1a7e17bce81dfa7ddefb.wav,.wav,262492,6bf13f318a09fc220dea5d7dc8ac8409a356afbed0b58a2f1bd560f45bd9a9f2,True,appendix/support
outputs/lava_5/diagnostic_100/stress_audio/compression/mp3_128k/dbac3f24169ab38ddd09387d.json,.json,269,c387eaafbe2f4e3adb9b25b7e201dbfcbfaed76fa91447b2493b1a94ad82582d,True,appendix/support
outputs/lava_5/diagnostic_100/stress_audio/compression/mp3_128k/dbac3f24169ab38ddd09387d.wav,.wav,186904,c09d0af12981f2a9cebfd4f9ee7a74fadbf96feed93b4c8e3b08f44cfe3fecf3,True,appendix/support
outputs/lava_5/diagnostic_100/stress_audio/compression/mp3_128k/dc3988b11610bdb46c372125.json,.json,269,ce3254c1ef60c85f6ee74e68147d50f3025c5ccbb33f254893f38f740fbb2161,True,appendix/support
outputs/lava_5/diagnostic_100/stress_audio/compression/mp3_128k/dc3988b11610bdb46c372125.wav,.wav,262492,08ae4ee8d80b17702a7b2d85ef5996a2537ddc6ed1aaa8245ce5bc0ecf6d4ba8,True,appendix/support
outputs/lava_5/diagnostic_100/stress_audio/compression/mp3_128k/dcf8f370f478257688c620d9.json,.json,269,426907d8b850de63bdc12b077efb65b200f2a575367c7561e4723a0fffac8400,True,appendix/support
outputs/lava_5/diagnostic_100/stress_audio/compression/mp3_128k/dcf8f370f478257688c620d9.wav,.wav,262492,721f77ea3462ce16fed8a9c9dd6182b902bc52559f0ca453e21e430dbd3a5ccb,True,appendix/support
outputs/lava_5/diagnostic_100/stress_audio/compression/mp3_128k/deefebbe516b3ac9ac603f38.json,.json,269,a5ba2b2fa885498b31d1010e0c47514ae4417f4cde984f09a8eb2c5b634a6ae8,True,appendix/support
outputs/lava_5/diagnostic_100/stress_audio/compression/mp3_128k/deefebbe516b3ac9ac603f38.wav,.wav,248540,9121400fee972b013da876bd525276877ad77fcd9d8e0202f33bf31d7b5c2993,True,appendix/support
outputs/lava_5/diagnostic_100/stress_audio/compression/mp3_128k/e5271133037754a97eb8f3b6.json,.json,269,bc0efd7a2859e438c7349fde1be00dc552de5508e2097b617990a9589f5b3de1,True,appendix/support
outputs/lava_5/diagnostic_100/stress_audio/compression/mp3_128k/e5271133037754a97eb8f3b6.wav,.wav,62748,02999e4cc2cf56b0f8b74f2057f2b3c87e0eaa42d748796b25e0d79c261b9e36,True,appendix/support
outputs/lava_5/diagnostic_100/stress_audio/compression/mp3_128k/ead81e3391bff14cdf44d151.json,.json,269,53798ccd105b4f24e34bb5c42d424447ba83293827059072a5b326360eb63b12,True,appendix/support
outputs/lava_5/diagnostic_100/stress_audio/compression/mp3_128k/ead81e3391bff14cdf44d151.wav,.wav,133664,51318b74bb001e4cffa03f478e4bb2bb2b33cdf243d453c48382dc760c1e4192,True,appendix/support
outputs/lava_5/diagnostic_100/stress_audio/compression/mp3_128k/eff7b7f3f65d718535f7ce56.json,.json,269,9cef363875de969143ceda312afab92966fd76b11192ebcd11444d2d5fd560c1,True,appendix/support
outputs/lava_5/diagnostic_100/stress_audio/compression/mp3_128k/eff7b7f3f65d718535f7ce56.wav,.wav,262492,eb970d06582a15b95d3acaeffc61f5aab324713fef6eb2acc320503e32682420,True,appendix/support
outputs/lava_5/diagnostic_100/stress_audio/compression/mp3_128k/f44a45f391f773d5b6f872e4.json,.json,269,d12fb012041e948cf51db5016626872c5efb05763a4e8ad67b347cce85c3a23a,True,appendix/support
outputs/lava_5/diagnostic_100/stress_audio/compression/mp3_128k/f44a45f391f773d5b6f872e4.wav,.wav,178784,6b87c5cfba4f497704530f1fb2afa569eba8325462d01c42b399c7f2e4c22a47,True,appendix/support
outputs/lava_5/diagnostic_100/stress_audio/compression/mp3_128k/f7de6bfe58bdc0a31adfd6e8.json,.json,269,f7259cafd629f19e5ba5d646cda220b653093cc3f07c074e121132ff53c59b43,True,appendix/support
outputs/lava_5/diagnostic_100/stress_audio/compression/mp3_128k/f7de6bfe58bdc0a31adfd6e8.wav,.wav,262492,26c1f4533afdf1ce859d9e16a41c4ea081d539e528bd114696c4780f605e30ae,True,appendix/support
outputs/lava_5/diagnostic_100/stress_audio/compression/mp3_128k/faeb6ad107da2060ac39986a.json,.json,269,0ac208dd898f0e4c28eb332120339e4138f51c2e71ed1535da38d6cbbb80c78c,True,appendix/support
outputs/lava_5/diagnostic_100/stress_audio/compression/mp3_128k/faeb6ad107da2060ac39986a.wav,.wav,120412,fd3ceef2c5077b30fbc611d9636832172242d2147cebca562caed31088fbf35e,True,appendix/support
outputs/lava_5/diagnostic_100/stress_audio/compression/mp3_128k/fc60038e77e10940ab63c824.json,.json,269,baab5a1ad6b1480c66882db1c4e1cb9e8a7780bca9943874bca2eb68bf079903,True,appendix/support
outputs/lava_5/diagnostic_100/stress_audio/compression/mp3_128k/fc60038e77e10940ab63c824.wav,.wav,262492,1df352d5a4306b3aef65ea65c16ca62451ee55a010225feb94f002276b0022d7,True,appendix/support
outputs/lava_5/diagnostic_100/stress_audio/compression/mp3_128k/fd1036b8f7b4966e96e2c8c7.json,.json,269,f625207a34b371da1ad97b953ac80471ba9cc96126eca6e22a0809b0d12e8a4b,True,appendix/support
outputs/lava_5/diagnostic_100/stress_audio/compression/mp3_128k/fd1036b8f7b4966e96e2c8c7.wav,.wav,262492,1389fb19112a92a7081782dba7e7489b67c31631c073467902a494e24de9ceed,True,appendix/support
outputs/lava_5/diagnostic_100/stress_audio/compression/mp3_128k/ffdce661a5cdb9c355d86f3c.json,.json,269,bd47953ba978acdeac15a8b78f990fab4e5388cd22ae9f88a924ef3b9a5c027e,True,appendix/support
outputs/lava_5/diagnostic_100/stress_audio/compression/mp3_128k/ffdce661a5cdb9c355d86f3c.wav,.wav,262492,6b5420662a1209245b6244af957ab25dfbf7db01eaf563426e1e58db1cb17676,True,appendix/support
outputs/lava_5/diagnostic_100/stress_audio/compression/mp3_64k/07d9b5deb47c8c4f7a4add8f.json,.json,269,6f495249449436ab2417d48f1e1c4469f982bda05ab9afea9d557a67495d3004,True,appendix/support
outputs/lava_5/diagnostic_100/stress_audio/compression/mp3_64k/07d9b5deb47c8c4f7a4add8f.wav,.wav,262492,2b9207eca572468a2f01a5822d3de3b9a13a8e8671ba4a9f1151101083c75b4f,True,appendix/support
outputs/lava_5/diagnostic_100/stress_audio/compression/mp3_64k/0820dd3eab813b0e27b93e8e.json,.json,269,218262d3b92fd65db4cd75db0407aa51163ab54bfde733f69c6774b15445987a,True,appendix/support
outputs/lava_5/diagnostic_100/stress_audio/compression/mp3_64k/0820dd3eab813b0e27b93e8e.wav,.wav,142112,22f6ca982f412c28b0ee2e618bbd3a5dc03da46fa9d5199d1e475513b433f4c8,True,appendix/support
outputs/lava_5/diagnostic_100/stress_audio/compression/mp3_64k/0899cf09f6d50c7d88ac7f41.json,.json,269,ec3f94c3cddb1012e072177a47946ebaf8c172fd8e6e343d611892dd04e96f2c,True,appendix/support
outputs/lava_5/diagnostic_100/stress_audio/compression/mp3_64k/0899cf09f6d50c7d88ac7f41.wav,.wav,262492,70efedd57d8c93841a7f554b1eae4dafd8f51bd17c779b4794847138e7709a93,True,appendix/support
outputs/lava_5/diagnostic_100/stress_audio/compression/mp3_64k/0b64d54b2ad1c742cfce0b3b.json,.json,269,9e13e6102f50bdedaf7ad7439e53578ca0e621fff7af1ff3c31cf98d96aa0fde,True,appendix/support
outputs/lava_5/diagnostic_100/stress_audio/compression/mp3_64k/0b64d54b2ad1c742cfce0b3b.wav,.wav,235996,d8aed3b4943c5aba61c7cb1a11c0589d626916a452f984b990bf44abca37071f,True,appendix/support
outputs/lava_5/diagnostic_100/stress_audio/compression/mp3_64k/0ec75ca5547a5dceafb10cde.json,.json,269,0b638e7649c7fc57f688e69e202b81e6763e18833ae79eab6c1aae944b682986,True,appendix/support
outputs/lava_5/diagnostic_100/stress_audio/compression/mp3_64k/0ec75ca5547a5dceafb10cde.wav,.wav,118108,3e0ef5e8d30afe0a03beac7ea06e01aea6b73c1195d87379eff57dd15466668e,True,appendix/support
outputs/lava_5/diagnostic_100/stress_audio/compression/mp3_64k/0f5e87bc674a0d76952aba00.json,.json,269,f56d4d6839a3b8a6439f02357e492b6fccecd567ab6bbbeb1e71c75c0c339088,True,appendix/support
outputs/lava_5/diagnostic_100/stress_audio/compression/mp3_64k/0f5e87bc674a0d76952aba00.wav,.wav,262492,871159ffd094028a191b11ef8e46bd0673d26b21556becb1720971912b2edaff,True,appendix/support
outputs/lava_5/diagnostic_100/stress_audio/compression/mp3_64k/0fe6868f97e611c23992d12c.json,.json,269,245a5d3b6e6fe5379bdc836a431f89558084f8fd9ce30da5f4463e32904de644,True,appendix/support
outputs/lava_5/diagnostic_100/stress_audio/compression/mp3_64k/0fe6868f97e611c23992d12c.wav,.wav,77148,120129088c132b30b3f92d9e0ac817e2118337b29492ad8b2071a32c7f33ff02,True,appendix/support
outputs/lava_5/diagnostic_100/stress_audio/compression/mp3_64k/12838c2d174bf0558d7fc31b.json,.json,269,ad839ffdd8ce22d4d83a264f355b9e53b345fd4505157b7288e09580ea07ffb4,True,appendix/support
outputs/lava_5/diagnostic_100/stress_audio/compression/mp3_64k/12838c2d174bf0558d7fc31b.wav,.wav,179232,5f39281931516d9406412711ff9504c231b2ccd428f6acbf4854e9bb9f9a93a5,True,appendix/support
outputs/lava_5/diagnostic_100/stress_audio/compression/mp3_64k/13803178f8dd8668d906ee39.json,.json,269,13fdb7c238d92c70be7722a4fa776f955ebae8b4d3b0b732a7f145e9fb5d1831,True,appendix/support
outputs/lava_5/diagnostic_100/stress_audio/compression/mp3_64k/13803178f8dd8668d906ee39.wav,.wav,221024,6176686ef8209bbff7d96b33f158bcd14145ef4cd16b33798e2efff980bc46f8,True,appendix/support
outputs/lava_5/diagnostic_100/stress_audio/compression/mp3_64k/14d80c96a6550873915015e8.json,.json,269,9c90e9855a4e27788a90aa20cd1c5ea52d4a015d0429a03e8a245ce76d621e19,True,appendix/support
outputs/lava_5/diagnostic_100/stress_audio/compression/mp3_64k/14d80c96a6550873915015e8.wav,.wav,259164,ea9b5c67a424d6d4c8792586d04d735a6ff1499bedc7624ca9d209d37b31106a,True,appendix/support
outputs/lava_5/diagnostic_100/stress_audio/compression/mp3_64k/15b5d69cacf815ece2d95caa.json,.json,269,3862483e6021d698635da0d70ae3e4e70ece1926d089204d8f7278c7914988aa,True,appendix/support
outputs/lava_5/diagnostic_100/stress_audio/compression/mp3_64k/15b5d69cacf815ece2d95caa.wav,.wav,184160,3ede9a73614e215593ee7cd8f2acbd440f29c3a385168ac70d898dbbb62c6b40,True,appendix/support
outputs/lava_5/diagnostic_100/stress_audio/compression/mp3_64k/16519131f339da12045af5e8.json,.json,269,51bd9b4051dc5bb1eeaff874ec2f68ae7cf1a84fb7acaf95b7f09b632809f909,True,appendix/support
outputs/lava_5/diagnostic_100/stress_audio/compression/mp3_64k/16519131f339da12045af5e8.wav,.wav,183644,ea98c0c53db563fccf54412869863874b34072459d734557c8056e04da9b4cf6,True,appendix/support
outputs/lava_5/diagnostic_100/stress_audio/compression/mp3_64k/1663a8d5bb42d6a2e8c8cdc0.json,.json,269,1fe677a2c222fdc16aa0d4520dd4087766b9efdbe78d5dbee42b3f65fcbc4cdf,True,appendix/support
outputs/lava_5/diagnostic_100/stress_audio/compression/mp3_64k/1663a8d5bb42d6a2e8c8cdc0.wav,.wav,185184,5f340540e062a283184c81a59de0982172d1e1313a1707d4352fa273be217380,True,appendix/support
outputs/lava_5/diagnostic_100/stress_audio/compression/mp3_64k/1cc0f44320dd697c694c2416.json,.json,269,8998e663835376b6d5c1c214f4caa0b54c836f0ce424fd08bec8c82a02b8942d,True,appendix/support
outputs/lava_5/diagnostic_100/stress_audio/compression/mp3_64k/1cc0f44320dd697c694c2416.wav,.wav,262492,00bb1ddbbc5464b4120e89b23e06d37732e2f13a7d93407098faa9ec7a598b50,True,appendix/support
outputs/lava_5/diagnostic_100/stress_audio/compression/mp3_64k/1d05f3056ab84f705cb3db4f.json,.json,269,f8bfa0624b2ee80c7de67bc77e9bb2b4c4d04219e5184d5c11f324dbee8d2080,True,appendix/support
outputs/lava_5/diagnostic_100/stress_audio/compression/mp3_64k/1d05f3056ab84f705cb3db4f.wav,.wav,262492,5bfb63e1ef1139b558d5a1b4e769a48aa29edf0299ccac414275e2c923abc9e7,True,appendix/support
outputs/lava_5/diagnostic_100/stress_audio/compression/mp3_64k/20e3ba6ea5ae847fc7730906.json,.json,269,a3bea12398ce5afb49de748254228354874adb90f5db19754dd7ee15ad5e3007,True,appendix/support
outputs/lava_5/diagnostic_100/stress_audio/compression/mp3_64k/20e3ba6ea5ae847fc7730906.wav,.wav,262492,3378062304026b431e8cd52bf80cc38e7f5f03826f19b39c0439b1b95ca267b1,True,appendix/support
outputs/lava_5/diagnostic_100/stress_audio/compression/mp3_64k/22a52105eeb8604387537fc8.json,.json,269,0bd003e44e6d8e2394c44a1b7278d59a1a3487eabd7495c8b53a9766a223982f,True,appendix/support
outputs/lava_5/diagnostic_100/stress_audio/compression/mp3_64k/22a52105eeb8604387537fc8.wav,.wav,182688,f741315478d88a5c02b1218a777d234c9fabcd7ca9904e6782ff077d92e5d42a,True,appendix/support
outputs/lava_5/diagnostic_100/stress_audio/compression/mp3_64k/2312c3f3be831c56c2f7d6f9.json,.json,269,724c0e38c42ac87a5ff82bfe8ddcd9d0a25999cb0d450493ccaf69b6a1eb665d,True,appendix/support
outputs/lava_5/diagnostic_100/stress_audio/compression/mp3_64k/2312c3f3be831c56c2f7d6f9.wav,.wav,262492,24f1f1dbf69b911f5c8b75e176d47d11d96d0fee0dc015a93c57ecbe3f1551d0,True,appendix/support
outputs/lava_5/diagnostic_100/stress_audio/compression/mp3_64k/23fdfd933236da9fc18b9698.json,.json,269,ece2cd411d6e82a477a3746aaf90a0dd8821339e9794f389ec7d58b67bc14d9f,True,appendix/support
outputs/lava_5/diagnostic_100/stress_audio/compression/mp3_64k/23fdfd933236da9fc18b9698.wav,.wav,208988,49bcf33842a41ad86f4c65d1a451f1b616349bbb15da6c2635e3ecd5d8a2a5c7,True,appendix/support
outputs/lava_5/diagnostic_100/stress_audio/compression/mp3_64k/27cc7329c4e34012808006bd.json,.json,269,6c04a09ee464b73bd48960781374c7bc3d218d7e07aa72a4562495654ffa34ce,True,appendix/support
outputs/lava_5/diagnostic_100/stress_audio/compression/mp3_64k/27cc7329c4e34012808006bd.wav,.wav,47072,94edcb140cb462732267e26768e72b1f5320d50fa32930af64f6b1c08ec781c3,True,appendix/support
outputs/lava_5/diagnostic_100/stress_audio/compression/mp3_64k/2bda1970d459fecae0012370.json,.json,269,5cdf887a5305ab30cba1cca9eeeeff0888e4c86efc49e0c7131bcfaa5d640772,True,appendix/support
outputs/lava_5/diagnostic_100/stress_audio/compression/mp3_64k/2bda1970d459fecae0012370.wav,.wav,262492,a4cfaf45626a9087ef7f69bcf9e8ba197c0898b5ffaa84b2c476bd4646b41b40,True,appendix/support
outputs/lava_5/diagnostic_100/stress_audio/compression/mp3_64k/2c8db8a471cc4054151aa683.json,.json,269,a08856a3a8bb60c0c63cffe18f4c3e93dc95855c2b913caa039e62c27410f38a,True,appendix/support
outputs/lava_5/diagnostic_100/stress_audio/compression/mp3_64k/2c8db8a471cc4054151aa683.wav,.wav,262492,c0db6f436c041274885a45a21a57b67d45967d745cd83ac0662c8d9807de371d,True,appendix/support
outputs/lava_5/diagnostic_100/stress_audio/compression/mp3_64k/32bd098cdbd1405bc95276d7.json,.json,269,30f8c2076621583924142ffe60816d2d07b436d1573e18c7226995d4b3650624,True,appendix/support
outputs/lava_5/diagnostic_100/stress_audio/compression/mp3_64k/32bd098cdbd1405bc95276d7.wav,.wav,262492,d2d7832390754935d6dfdd8202457002a8e11dfae1b53391c5923f1c589b5990,True,appendix/support
outputs/lava_5/diagnostic_100/stress_audio/compression/mp3_64k/388612050711ea476f656661.json,.json,269,9c714c45c9f0f0310a06cd28ad3f2af28589b021d171d16db5b7b973a03eb419,True,appendix/support
outputs/lava_5/diagnostic_100/stress_audio/compression/mp3_64k/388612050711ea476f656661.wav,.wav,262492,964e89011b422675c7cacf3d7666f4c80e217978ab785644c957994c339382b1,True,appendix/support
outputs/lava_5/diagnostic_100/stress_audio/compression/mp3_64k/3d9931154b09db0ada390088.json,.json,269,bfbdb6d1e6240fb59b709daf5fe8f9d9597317be2eb232437cfac7f4b17c759f,True,appendix/support
outputs/lava_5/diagnostic_100/stress_audio/compression/mp3_64k/3d9931154b09db0ada390088.wav,.wav,43100,38dc046654821b254fb7edbe5b852b6bb4170a3329c00bbe7b02646cde13b4f3,True,appendix/support
outputs/lava_5/diagnostic_100/stress_audio/compression/mp3_64k/3e590da85ff04392bf1190fa.json,.json,269,3b7bbf657aa738671a6297e2790dbf1c1a33d63492b434410291fcbb7f74dc9c,True,appendix/support
outputs/lava_5/diagnostic_100/stress_audio/compression/mp3_64k/3e590da85ff04392bf1190fa.wav,.wav,160220,189cedea2c5193300aefb90bb85e6ce3e1c557e2c3b4832a1d1139ba2004c6fe,True,appendix/support
outputs/lava_5/diagnostic_100/stress_audio/compression/mp3_64k/3fe55cd5eebb79613297438d.json,.json,269,e0d57d0986bcfba9e477af0171382a80d78e4f7b0dd268350c7fcd89857b9017,True,appendix/support
outputs/lava_5/diagnostic_100/stress_audio/compression/mp3_64k/3fe55cd5eebb79613297438d.wav,.wav,262492,c1617f1b18167617c1034bde28686f3c312065e3835853fac019104b6c74989f,True,appendix/support
outputs/lava_5/diagnostic_100/stress_audio/compression/mp3_64k/496c1972636422a85f2e070a.json,.json,269,1bdf6bf4032d92ef370252cea9bba089bf104eedd5b8794b6e27edddbe2028fa,True,appendix/support
outputs/lava_5/diagnostic_100/stress_audio/compression/mp3_64k/496c1972636422a85f2e070a.wav,.wav,262492,51c67761974aa0c51a3be961435c641006885610bcd43bcc52ffbb2fbaac285f,True,appendix/support
outputs/lava_5/diagnostic_100/stress_audio/compression/mp3_64k/4afd285ddaa5f0fcd4005176.json,.json,269,bef818feb5b3aaf742e87dc40a767e0b6ad6870d625f5a2b35d173df2261aa62,True,appendix/support
outputs/lava_5/diagnostic_100/stress_audio/compression/mp3_64k/4afd285ddaa5f0fcd4005176.wav,.wav,96672,683f3ccd5cd76de8dbceb9eb358fb46e0aaf058fb8e884fd43f742344c42a16f,True,appendix/support
outputs/lava_5/diagnostic_100/stress_audio/compression/mp3_64k/4f39ef17a122a3d2d30b79b8.json,.json,269,281b5298fccc744a8231607c14cf53fcb0a1c0bf69821bd1eb8dca67a1292686,True,appendix/support
outputs/lava_5/diagnostic_100/stress_audio/compression/mp3_64k/4f39ef17a122a3d2d30b79b8.wav,.wav,262492,18f62c1dafd5f370db4bc3d2fabff673e1f458978102333f065944f875867284,True,appendix/support
outputs/lava_5/diagnostic_100/stress_audio/compression/mp3_64k/5192c39d22744c82e8f05ebc.json,.json,269,a6c1c48392668351f587bf4adcae65f52fa550a4018196a4208bd3ba03bdd3d5,True,appendix/support
outputs/lava_5/diagnostic_100/stress_audio/compression/mp3_64k/5192c39d22744c82e8f05ebc.wav,.wav,182496,fcda38f4476f41604200819ed0fbb25c27c6fb1db7e83abd42b7d46b809e48ee,True,appendix/support
outputs/lava_5/diagnostic_100/stress_audio/compression/mp3_64k/5351182494dd9c7262224149.json,.json,269,e9de6891037e6aa699ce35eb97bc63407206b35c8bc7c7e45b2fe154a4f91e35,True,appendix/support
outputs/lava_5/diagnostic_100/stress_audio/compression/mp3_64k/5351182494dd9c7262224149.wav,.wav,723332,efaef137879988e41dc318af61b9a58f7d56625553571d67bed4e93ebb6d4726,True,appendix/support
outputs/lava_5/diagnostic_100/stress_audio/compression/mp3_64k/5625dac162e4cd16afe7ec00.json,.json,269,74b6f57680b0ba6b87490ab012a2925549fb3e273c5ab2642e1146a67778a9c6,True,appendix/support
outputs/lava_5/diagnostic_100/stress_audio/compression/mp3_64k/5625dac162e4cd16afe7ec00.wav,.wav,100700,04b644e92537f7ed647ebe6469802a6aadd7fe9509d68e989a8fe099983f9e54,True,appendix/support
outputs/lava_5/diagnostic_100/stress_audio/compression/mp3_64k/563cfc6338490ec7146f4047.json,.json,269,36f821de87a6d30b13926625485fd370176f8af05455ba659af50fbf2746575a,True,appendix/support
outputs/lava_5/diagnostic_100/stress_audio/compression/mp3_64k/563cfc6338490ec7146f4047.wav,.wav,262492,ce0e3cc7d63507e2958088c714bedbc79f0dfbc2d4733cf4e2674e431b9b01ad,True,appendix/support
outputs/lava_5/diagnostic_100/stress_audio/compression/mp3_64k/5c43dec240130e4c8e1f5af1.json,.json,269,52feeef5784436ea599d0e12191f97a078e5f525891f0c4d6b33af8da2b47144,True,appendix/support
outputs/lava_5/diagnostic_100/stress_audio/compression/mp3_64k/5c43dec240130e4c8e1f5af1.wav,.wav,187164,4ac80dc1194a33823912cecf1087e4b9b09734b1d411decb9960f04d436f7967,True,appendix/support
outputs/lava_5/diagnostic_100/stress_audio/compression/mp3_64k/5f00cfa3ef4f1bc1c7af915f.json,.json,269,89ae75aeaf9adf162b5e39e6a894f01d7701e6cdc156bcbed02b37c257a40340,True,appendix/support
outputs/lava_5/diagnostic_100/stress_audio/compression/mp3_64k/5f00cfa3ef4f1bc1c7af915f.wav,.wav,195552,097a9e25beed5d3b10317d7a9c7e7dde4a1bed716896912d660d24b39d50dd00,True,appendix/support
outputs/lava_5/diagnostic_100/stress_audio/compression/mp3_64k/65fa114084c78e3fa2ccb4c4.json,.json,269,54cc85192b780fb93ef0191746f73a1c50ef56d193510b1b91f19820a9fe4f09,True,appendix/support
outputs/lava_5/diagnostic_100/stress_audio/compression/mp3_64k/65fa114084c78e3fa2ccb4c4.wav,.wav,47264,6c3027c2065ea50501afdf75632b39ebf5b532e8ac47417cb08f92d2e6f15e7d,True,appendix/support
outputs/lava_5/diagnostic_100/stress_audio/compression/mp3_64k/670e2ee7e3a1b0b302c5c029.json,.json,269,18773e006bbf1aca9fe872ecc11a447f91234f4e04627a08434bb1e297725e13,True,appendix/support
outputs/lava_5/diagnostic_100/stress_audio/compression/mp3_64k/670e2ee7e3a1b0b302c5c029.wav,.wav,191324,5684d627107de1029f44327c353f2269191f995f2df755e18f1b9a9c05a02d19,True,appendix/support
outputs/lava_5/diagnostic_100/stress_audio/compression/mp3_64k/69e58b63212e94fad9531cf8.json,.json,269,a1bf19003e7d2c7722dff2c0985209242ba2b2dfe0b3e029bbd82f3302a67b68,True,appendix/support
outputs/lava_5/diagnostic_100/stress_audio/compression/mp3_64k/69e58b63212e94fad9531cf8.wav,.wav,262492,5a0e8e75138c0e79625d98d4227ffa2987bd0742c9806ee3510cf784eba9081c,True,appendix/support
outputs/lava_5/diagnostic_100/stress_audio/compression/mp3_64k/6a6744f2df1e37d04b424700.json,.json,269,9352336885b537cb937011c30299550a6995372433eb7dc2c09e8c92a0ddf208,True,appendix/support
outputs/lava_5/diagnostic_100/stress_audio/compression/mp3_64k/6a6744f2df1e37d04b424700.wav,.wav,72028,47101459f85ea57441d412c7584c9e571d4e1761e529f4c18db2470b971a649a,True,appendix/support
outputs/lava_5/diagnostic_100/stress_audio/compression/mp3_64k/6b25544eba298359a41e3cda.json,.json,269,1a8bfc64819abc84b9e6a46264dc2470ddf4aa4f1aebb4f03ca09fcfe4f1cad8,True,appendix/support
outputs/lava_5/diagnostic_100/stress_audio/compression/mp3_64k/6b25544eba298359a41e3cda.wav,.wav,42780,3a1d906e85e365dc59a8ded2ce76623fb48edc1bc78cc13d37466ac28dd66fe0,True,appendix/support
outputs/lava_5/diagnostic_100/stress_audio/compression/mp3_64k/6ba0bdb847ca9a4ac515e0b3.json,.json,269,025f2925befea35918d1c450a00f30b0c12126662e038dfee6d8d0c3e07f8bc4,True,appendix/support
outputs/lava_5/diagnostic_100/stress_audio/compression/mp3_64k/6ba0bdb847ca9a4ac515e0b3.wav,.wav,65052,cb0feb9e2b0b885563b3a9910fdeaa1a38a189e768f11fe562ff47c92bc76802,True,appendix/support
outputs/lava_5/diagnostic_100/stress_audio/compression/mp3_64k/70acb10251feb1ba60704d3d.json,.json,269,4b21828e0e7858c88c2b33504fa28f3a7acf48daaeb0ba3f7abcf5a1e6dbffa0,True,appendix/support
outputs/lava_5/diagnostic_100/stress_audio/compression/mp3_64k/70acb10251feb1ba60704d3d.wav,.wav,110684,4cbed00ba7313fbc6a81c28993514b4f17d8f71e30a18506fb0ec1610b9c1469,True,appendix/support
outputs/lava_5/diagnostic_100/stress_audio/compression/mp3_64k/716d883d011d7ae890ad651a.json,.json,269,de3c8ebca879b579a84b01000ea886cb8de2bb507106b21d21f14ee73486fc04,True,appendix/support
outputs/lava_5/diagnostic_100/stress_audio/compression/mp3_64k/716d883d011d7ae890ad651a.wav,.wav,262492,ae2a156f9cdb09acddbf5156b39fca16bd2c37ad5ffadc080def39955012ec34,True,appendix/support
outputs/lava_5/diagnostic_100/stress_audio/compression/mp3_64k/71efb74aba0dbca8edbaf96d.json,.json,269,5b5ca8eaf8dd21f81422c1f0ed44d82f8187b2e7e304fe4871d97dacfc81000f,True,appendix/support
outputs/lava_5/diagnostic_100/stress_audio/compression/mp3_64k/71efb74aba0dbca8edbaf96d.wav,.wav,262492,383afca878f85fbc43b1fee7c7403acd311120d116dbc18a7170d244a4788923,True,appendix/support
outputs/lava_5/diagnostic_100/stress_audio/compression/mp3_64k/724688588871a9e8ec972876.json,.json,269,da6fe02bdd4e1cf47044c8402a3f49bdbd3b617b1235ac048e0f748c9034b0ca,True,appendix/support
outputs/lava_5/diagnostic_100/stress_audio/compression/mp3_64k/724688588871a9e8ec972876.wav,.wav,259036,8a94bd3000c3bb097a9b37a654683babc2bdd808999c54c172427c6e817e81a3,True,appendix/support
outputs/lava_5/diagnostic_100/stress_audio/compression/mp3_64k/76db2453d9db2a13cbb2ac04.json,.json,269,9659e410e598d54531e631bb518dfed02e53b32267c61b72e1d75497e8a0f0da,True,appendix/support
outputs/lava_5/diagnostic_100/stress_audio/compression/mp3_64k/76db2453d9db2a13cbb2ac04.wav,.wav,222688,a35986eb2710ce4e03703f10d531408838ddc24ca28231b40be365612ec0a5f4,True,appendix/support
outputs/lava_5/diagnostic_100/stress_audio/compression/mp3_64k/774af2f26f8eed3ad5281fe7.json,.json,269,40b28598926e741d2538ed7b453a189dd7c0a8240d85cb1a73705b0f01bcb524,True,appendix/support
outputs/lava_5/diagnostic_100/stress_audio/compression/mp3_64k/774af2f26f8eed3ad5281fe7.wav,.wav,175452,c945c56eb62f93c3269ab55b1bc573efe18ab426fa1c4370de245a408dc16f91,True,appendix/support
outputs/lava_5/diagnostic_100/stress_audio/compression/mp3_64k/78e5829afd3e6864e5e71c73.json,.json,269,a8ad2de1061dd9a060612acfc0f8a07f678dd24d367f42f286e188036fd0759d,True,appendix/support
outputs/lava_5/diagnostic_100/stress_audio/compression/mp3_64k/78e5829afd3e6864e5e71c73.wav,.wav,183196,b98ef266a2b2209108ce61c944833779289f15dc23cf4594be78c8bb9d25b033,True,appendix/support
outputs/lava_5/diagnostic_100/stress_audio/compression/mp3_64k/7a17be8240fb81d00748f3f1.json,.json,269,709710c35be5abacb652cb961b9be12daaa7bf594cfb407c2dc47980e7b2f4cc,True,appendix/support
outputs/lava_5/diagnostic_100/stress_audio/compression/mp3_64k/7a17be8240fb81d00748f3f1.wav,.wav,89632,084aad2fb530563e31016d3c5bf78d985000dfe61118e2f34782404c2ddfef3b,True,appendix/support
outputs/lava_5/diagnostic_100/stress_audio/compression/mp3_64k/7d3533480083913870e624e1.json,.json,269,f1f15ef8cfbab79af914b7b28fb7bfc1921c1dae85dbb01c82225109db509da2,True,appendix/support
outputs/lava_5/diagnostic_100/stress_audio/compression/mp3_64k/7d3533480083913870e624e1.wav,.wav,213472,db8d1d45f46f7720f784d479b90d8d359d2126dafb7bced78c83ace311d76dd5,True,appendix/support
outputs/lava_5/diagnostic_100/stress_audio/compression/mp3_64k/84dc75fc1ebb7bb994ab3928.json,.json,269,99aacce274214e04542ca411f218d28d17fd854480b0e6139c72922e4edc52ef,True,appendix/support
outputs/lava_5/diagnostic_100/stress_audio/compression/mp3_64k/84dc75fc1ebb7bb994ab3928.wav,.wav,51676,31a738e049a50749f844bb554ba992049a821ad80c0a1f951be32140eda30d4e,True,appendix/support
outputs/lava_5/diagnostic_100/stress_audio/compression/mp3_64k/8837468e1872f56406fb42eb.json,.json,269,58a52bc68e8ecdeec38ecdf3d07cb092c1313894625bd46a3cd1a6f71f4e2ae0,True,appendix/support
outputs/lava_5/diagnostic_100/stress_audio/compression/mp3_64k/8837468e1872f56406fb42eb.wav,.wav,128860,4c34a7998f37b0908bf22223907be23b368cd582ff6620f4e07b23ea5f0d8aeb,True,appendix/support
outputs/lava_5/diagnostic_100/stress_audio/compression/mp3_64k/8dfea62bd956d74432a23ebe.json,.json,269,94985cc2a1d596881a7abf73ec10dfa2827041a8d3e2e25eaad42df6a90cf9f0,True,appendix/support
outputs/lava_5/diagnostic_100/stress_audio/compression/mp3_64k/8dfea62bd956d74432a23ebe.wav,.wav,262492,f09e85c78834a428543d791d936c9555d37c52cf10420c7320b74f4f84dd2171,True,appendix/support
outputs/lava_5/diagnostic_100/stress_audio/compression/mp3_64k/8f4b5a526d8509d6c28e4e1f.json,.json,269,45a3f07ce0a4421eee4fd9214f355c9085fd5a5b6dd465f44ac45cc4718f8837,True,appendix/support
outputs/lava_5/diagnostic_100/stress_audio/compression/mp3_64k/8f4b5a526d8509d6c28e4e1f.wav,.wav,262492,44ded9f6ba5a1352e7774bef4c3333858b12f32ab4d99202a12c01260634fa00,True,appendix/support
outputs/lava_5/diagnostic_100/stress_audio/compression/mp3_64k/8f733fb9d55b72bc5f2eed54.json,.json,269,71c99080bc04292405cc754344e7f152b46c606305b548268d19c15bfada52b1,True,appendix/support
outputs/lava_5/diagnostic_100/stress_audio/compression/mp3_64k/8f733fb9d55b72bc5f2eed54.wav,.wav,193816,aa79faf413b1034b686e6596c0e808a1e9a7d989dfd4b299100efb7963008cde,True,appendix/support
outputs/lava_5/diagnostic_100/stress_audio/compression/mp3_64k/8f7ceda91962e32fc2b5f66e.json,.json,269,45b17d42dffc90f8136e9bfedb216b08eef6a56141d33e0b787ed770a428705b,True,appendix/support
outputs/lava_5/diagnostic_100/stress_audio/compression/mp3_64k/8f7ceda91962e32fc2b5f66e.wav,.wav,72544,da1eadf2e12d3869d5f2247bb08c4b98d53c8abb78c8a7e27b4e4126ca0e871d,True,appendix/support
outputs/lava_5/diagnostic_100/stress_audio/compression/mp3_64k/90d03bb99515f26ce1227834.json,.json,269,5f1b862e87d263904035b0a48395d5182b5cb445f81b662a68f25bec37a197e5,True,appendix/support
outputs/lava_5/diagnostic_100/stress_audio/compression/mp3_64k/90d03bb99515f26ce1227834.wav,.wav,109340,cf5b0b2dacb2652e28c195ea1184a1f939b8853a3df33cb97bb8c35125459481,True,appendix/support
outputs/lava_5/diagnostic_100/stress_audio/compression/mp3_64k/9333e9dd36bcb45439be4efc.json,.json,269,e9114c2d5aacde8ac9e326ac7a263787fab21e359a7eec5a43a9941cd8d8f309,True,appendix/support
outputs/lava_5/diagnostic_100/stress_audio/compression/mp3_64k/9333e9dd36bcb45439be4efc.wav,.wav,262492,747dc535eabd4dfe556ae21068af476d72baf98eba3dc3411543a38d107fee83,True,appendix/support
outputs/lava_5/diagnostic_100/stress_audio/compression/mp3_64k/9b28a9b42c335e11e04f958e.json,.json,269,b048985d76d3f8120e94050eda11bbd23ff4455c8da999e5354aa0d010c4cf90,True,appendix/support
outputs/lava_5/diagnostic_100/stress_audio/compression/mp3_64k/9b28a9b42c335e11e04f958e.wav,.wav,212828,1f209ab09ed2f59e8b27fdc8377b1e9f2907a461ec006cb772ec5e0a79d6842b,True,appendix/support
outputs/lava_5/diagnostic_100/stress_audio/compression/mp3_64k/9d179165adfea51f5cd4e20f.json,.json,269,2fa4ed7cc07cd8b662217c6b85ce3ab70a96e267b31b496e919b0aab88cd1eae,True,appendix/support
outputs/lava_5/diagnostic_100/stress_audio/compression/mp3_64k/9d179165adfea51f5cd4e20f.wav,.wav,190940,ffabb581edd78dc029374e078999aac09957ced45deee4a5295d65dde7af7cf3,True,appendix/support
outputs/lava_5/diagnostic_100/stress_audio/compression/mp3_64k/9f0918d28116126e7269f4e6.json,.json,269,fb3bb7a03175c56f9bb3bc90332d90064e8fa12f5b4bd24a3a147623d8fb9f24,True,appendix/support
outputs/lava_5/diagnostic_100/stress_audio/compression/mp3_64k/9f0918d28116126e7269f4e6.wav,.wav,262492,3ffc2c5fd5609e39ea2c635ef910bf2a503246094fb66d9412700bdf6024c244,True,appendix/support
outputs/lava_5/diagnostic_100/stress_audio/compression/mp3_64k/9f1fdcfd9d149c9f93a019bb.json,.json,269,62626ea4a68d4ce2de73b1424b87686819700456074bf349d943da17e0eeae13,True,appendix/support
outputs/lava_5/diagnostic_100/stress_audio/compression/mp3_64k/9f1fdcfd9d149c9f93a019bb.wav,.wav,89756,b7960e575cd5a3eb2b739c539310d36949146676bf6bf467c014492447d5fe70,True,appendix/support
outputs/lava_5/diagnostic_100/stress_audio/compression/mp3_64k/a2b6797ebeaec85e9f2f606b.json,.json,269,d81c1cf69929fe90dfec0ad23bc428cb126cba8cc056164bda9c511ffec99640,True,appendix/support
outputs/lava_5/diagnostic_100/stress_audio/compression/mp3_64k/a2b6797ebeaec85e9f2f606b.wav,.wav,262492,6ee9e3685c6855cf0e630adb6e21c60279d49507c93edc1a682aa8ea7e943aba,True,appendix/support
outputs/lava_5/diagnostic_100/stress_audio/compression/mp3_64k/a81ba9f3564487c5c5ad6083.json,.json,269,6f527580be28fbdb65912f3c16ad2a3f2644953e2c20d47e8809ae9254abfb6b,True,appendix/support
outputs/lava_5/diagnostic_100/stress_audio/compression/mp3_64k/a81ba9f3564487c5c5ad6083.wav,.wav,111516,40cdb2acfc4e82fb18122ecca83268c97cce2c688606c868122cd63d8dc96f45,True,appendix/support
outputs/lava_5/diagnostic_100/stress_audio/compression/mp3_64k/a9dfa080432da2cb38c10a36.json,.json,269,6b54c15ace1e3b5303d0c72fa95d83d60886436f351719e4ec09a69f45a0dea8,True,appendix/support
outputs/lava_5/diagnostic_100/stress_audio/compression/mp3_64k/a9dfa080432da2cb38c10a36.wav,.wav,195164,ee70466e4e789b6b799bbaf50ff0a9e7d070554090dd64b697130eeabd47d09c,True,appendix/support
outputs/lava_5/diagnostic_100/stress_audio/compression/mp3_64k/aa175eb8bb09da4aca353fbc.json,.json,269,b4acffa811dbcbea8fa534db3fe4b3f12d19c06e47ca81a502ec89b26b21ef9e,True,appendix/support
outputs/lava_5/diagnostic_100/stress_audio/compression/mp3_64k/aa175eb8bb09da4aca353fbc.wav,.wav,478136,de43150dd33cacd2154be6881ef762afb22d214256e616190738057e7a8757c4,True,appendix/support
outputs/lava_5/diagnostic_100/stress_audio/compression/mp3_64k/ab8e4cf7200bdca9d708710c.json,.json,269,70cc9006eea3f0fb42a4a03f11344ab4e17d9eaf4621b1b8ce3e9ac2d23673b1,True,appendix/support
outputs/lava_5/diagnostic_100/stress_audio/compression/mp3_64k/ab8e4cf7200bdca9d708710c.wav,.wav,262492,a3981f7da51c64ec8639d661befc652bd4a504b412daa5f2862ba0c2668a7ef5,True,appendix/support
outputs/lava_5/diagnostic_100/stress_audio/compression/mp3_64k/ae905c6b72d158aeaf1cf62e.json,.json,269,e1fb719d26b9075459673b202ef64d71c90bbc868b8fc128fe4504e9e3810675,True,appendix/support
outputs/lava_5/diagnostic_100/stress_audio/compression/mp3_64k/ae905c6b72d158aeaf1cf62e.wav,.wav,191712,da05bc68ae6ab37d28abb71289bfa63f1f0cc88a34d9927aee3ecad889c5a91a,True,appendix/support
outputs/lava_5/diagnostic_100/stress_audio/compression/mp3_64k/af4a5345e3991cecef3aae8a.json,.json,269,4615c116a948f254e0dd2f5fc4ccee2cec85ccc1e3fffed211ae798d72dbce09,True,appendix/support
outputs/lava_5/diagnostic_100/stress_audio/compression/mp3_64k/af4a5345e3991cecef3aae8a.wav,.wav,171296,c258fcd94e60b587d029175c4be19a0838dfe48979bfbc0882cc69768378619a,True,appendix/support
outputs/lava_5/diagnostic_100/stress_audio/compression/mp3_64k/b119d883b5c17cd91903587c.json,.json,269,55a6b1fa5c666bf871cef96193381e33b50b006479ca07ad900902b72567763b,True,appendix/support
outputs/lava_5/diagnostic_100/stress_audio/compression/mp3_64k/b119d883b5c17cd91903587c.wav,.wav,139612,ce2e948ee725faad1552ff525733b17705391cf27265fa7c32efc462c3a8d0c9,True,appendix/support
outputs/lava_5/diagnostic_100/stress_audio/compression/mp3_64k/b48e5c014630e6e9fd9b8663.json,.json,269,34a5dc61dc66a3ba2eea004cd56ee9bf70612910fe77e4fd6c95f1d8559420aa,True,appendix/support
outputs/lava_5/diagnostic_100/stress_audio/compression/mp3_64k/b48e5c014630e6e9fd9b8663.wav,.wav,145824,02b6a8af4b5bb0b7165624c9ef190b20bd2b2632c4096b8d7a86e1f6a6577dc0,True,appendix/support
outputs/lava_5/diagnostic_100/stress_audio/compression/mp3_64k/bb4a298808e45fe2abc20548.json,.json,269,f3cbe22b874334170f86c73044f9969c57a00394fdac78fadaf4576c9ced1f6b,True,appendix/support
outputs/lava_5/diagnostic_100/stress_audio/compression/mp3_64k/bb4a298808e45fe2abc20548.wav,.wav,226072,3262c2344959dfbdb95fd20bff002be3fd31fb08ff13bd3d37b69f2eb74f41ba,True,appendix/support
outputs/lava_5/diagnostic_100/stress_audio/compression/mp3_64k/bca256c04342e6f21518f4ed.json,.json,269,b473a6306583c861b438eb6ad1fe9a2d062a99318a6b32d3ad7d89108390acc7,True,appendix/support
outputs/lava_5/diagnostic_100/stress_audio/compression/mp3_64k/bca256c04342e6f21518f4ed.wav,.wav,262492,9884180cfb3d54d4cf24062547b483ffba519325650ac31b47eb7ba4e29e1c36,True,appendix/support
outputs/lava_5/diagnostic_100/stress_audio/compression/mp3_64k/bcf90da5d8f365547625d06e.json,.json,269,5d9ab58b3cb8d964baa0a6e0a468b5af2b26bc40734e226a73ed5578fac4052d,True,appendix/support
outputs/lava_5/diagnostic_100/stress_audio/compression/mp3_64k/bcf90da5d8f365547625d06e.wav,.wav,137244,decc307c10776c6ac2419f748fa24018ba527d50ec2843cc941c538036fadb86,True,appendix/support
outputs/lava_5/diagnostic_100/stress_audio/compression/mp3_64k/be23031a7c89418cd367d2b6.json,.json,269,47076e351a093acff22a4ce9fa48c99668a9efa369335675968cdd6d6f0abde1,True,appendix/support
outputs/lava_5/diagnostic_100/stress_audio/compression/mp3_64k/be23031a7c89418cd367d2b6.wav,.wav,262492,ae9db7d882b6a76cf17b8a89ee92c5a5c1292a4fab7596c2e549bf1d3ad67026,True,appendix/support
outputs/lava_5/diagnostic_100/stress_audio/compression/mp3_64k/bf79c7858fa88bf58a01c563.json,.json,269,5ef0ac983e3394b9df59cb8f393b9e60d4da93dcd01d4a58db55fb5c3aac5378,True,appendix/support
outputs/lava_5/diagnostic_100/stress_audio/compression/mp3_64k/bf79c7858fa88bf58a01c563.wav,.wav,262492,f840348a8ad9aad2f47d4dc68df2faf14978f7022576a8497847ceec1002404a,True,appendix/support
outputs/lava_5/diagnostic_100/stress_audio/compression/mp3_64k/c19a55980675a8655f10cb86.json,.json,269,937f2b7a60b651e1e5171bd43d7a5604e662ecb30b1fb7c8b7627dfd104dbdf6,True,appendix/support
outputs/lava_5/diagnostic_100/stress_audio/compression/mp3_64k/c19a55980675a8655f10cb86.wav,.wav,82976,a5808e53c9a82ef53e0e2f40b6a946a7ec92d1b410e9ed25c0bde86c398e63ab,True,appendix/support
outputs/lava_5/diagnostic_100/stress_audio/compression/mp3_64k/c31e2f1d29e4bd849b1979ec.json,.json,269,df2ce23c4aa8b5fb3f0a58f915b02b47d9444625374510272240ceecf4ff5778,True,appendix/support
outputs/lava_5/diagnostic_100/stress_audio/compression/mp3_64k/c31e2f1d29e4bd849b1979ec.wav,.wav,262492,f506c30fd699ff26a29f6bc9ff3d4b209444b8360fcc420091b22b4e2fc08308,True,appendix/support
outputs/lava_5/diagnostic_100/stress_audio/compression/mp3_64k/c8fc323333c786b01aee38cc.json,.json,269,69d964d9a55ca6c850545171b7753dd43e439ee812813c91dcb6d07dbd6b9586,True,appendix/support
outputs/lava_5/diagnostic_100/stress_audio/compression/mp3_64k/c8fc323333c786b01aee38cc.wav,.wav,262492,20ed3fdf5b1f6fc0cca33dfb562e8c7e78f4a136d9e681407062546028229e62,True,appendix/support
outputs/lava_5/diagnostic_100/stress_audio/compression/mp3_64k/cb0d4895cd4931043d5add9a.json,.json,269,e6620f47f28e5cc51b433d88d9fefaaa85e08d574578dc6b0706c864d095d58b,True,appendix/support
outputs/lava_5/diagnostic_100/stress_audio/compression/mp3_64k/cb0d4895cd4931043d5add9a.wav,.wav,176220,e52efb627b5b47dfa94277861416a0de811a535f2325a3c576c597ad561620c5,True,appendix/support
outputs/lava_5/diagnostic_100/stress_audio/compression/mp3_64k/cb2b10d7e455110be82f03cf.json,.json,269,8254042ed9b1003b4d0d75be6e73077606d9508f05a4815b557e8575669e74d7,True,appendix/support
outputs/lava_5/diagnostic_100/stress_audio/compression/mp3_64k/cb2b10d7e455110be82f03cf.wav,.wav,172380,21b90d2b22bf28519fa576f2a22c503fb9597ccff5397ec6c18f40ec6920f436,True,appendix/support
outputs/lava_5/diagnostic_100/stress_audio/compression/mp3_64k/cb5fcbd2d9232dd2c54d2bae.json,.json,269,4da7312eddc28d9aa1026103284477b836a972645917fa15be52955a31fb4017,True,appendix/support
outputs/lava_5/diagnostic_100/stress_audio/compression/mp3_64k/cb5fcbd2d9232dd2c54d2bae.wav,.wav,262492,a8c7b0098a01f101892830690d89778fe1ac83b2a56c56ebcea4edf07ef903d7,True,appendix/support
outputs/lava_5/diagnostic_100/stress_audio/compression/mp3_64k/ced0cb1635b69f6c2589670f.json,.json,269,376e2c85e5d667437c1726be4b18b7ba74a583a1df30dcb6aa772b67dbc6415a,True,appendix/support
outputs/lava_5/diagnostic_100/stress_audio/compression/mp3_64k/ced0cb1635b69f6c2589670f.wav,.wav,103200,3eb0c6ab998b0e78c712969c142675f95a8975b6d1f84113e5d8decd27d5b09c,True,appendix/support
outputs/lava_5/diagnostic_100/stress_audio/compression/mp3_64k/d30113a70f2a4f16402cc05f.json,.json,269,fc8e43bacdd2cb1591b291017d32355358f072fc2b5e519d72a7d38f7ad2e01a,True,appendix/support
outputs/lava_5/diagnostic_100/stress_audio/compression/mp3_64k/d30113a70f2a4f16402cc05f.wav,.wav,133024,7fc99d3b9bbd1979b927335885051acca480bcfe9552666b7e6fdf814e07ef63,True,appendix/support
outputs/lava_5/diagnostic_100/stress_audio/compression/mp3_64k/d4fffc838ec52ffb01ade537.json,.json,269,6d445739d0cfbbd13cff5e4782ad890901c2a1d1f99c197618ec203265e20d8f,True,appendix/support
outputs/lava_5/diagnostic_100/stress_audio/compression/mp3_64k/d4fffc838ec52ffb01ade537.wav,.wav,262492,05c1434853c475fab32222fac9917d6f2c4af632624de6b8449730c7b5e219db,True,appendix/support
outputs/lava_5/diagnostic_100/stress_audio/compression/mp3_64k/d97f1a7e17bce81dfa7ddefb.json,.json,269,1295625b64bbfd9b5f2e2ba42c300f3fd07d495fa3d0db9a46847234154b4620,True,appendix/support
outputs/lava_5/diagnostic_100/stress_audio/compression/mp3_64k/d97f1a7e17bce81dfa7ddefb.wav,.wav,262492,b412f899aad05dd1259bb1ad8334f77b8a8c47f84e6798af878fdccc91c2a58c,True,appendix/support
outputs/lava_5/diagnostic_100/stress_audio/compression/mp3_64k/dbac3f24169ab38ddd09387d.json,.json,269,1bf7a625c6026f436f09b93193c2cfff75bb6114d9c56c3fea56b7bfb8afeef4,True,appendix/support
outputs/lava_5/diagnostic_100/stress_audio/compression/mp3_64k/dbac3f24169ab38ddd09387d.wav,.wav,186904,0a2d7a461eda0e9f947323c964ab8c39866b57cc9ea814027827dce3cd2cb63e,True,appendix/support
outputs/lava_5/diagnostic_100/stress_audio/compression/mp3_64k/dc3988b11610bdb46c372125.json,.json,269,4e1afb43f4ff47f35b9b05621d124fe132ac64cbee52b5b46a51cd47a2ba7ffe,True,appendix/support
outputs/lava_5/diagnostic_100/stress_audio/compression/mp3_64k/dc3988b11610bdb46c372125.wav,.wav,262492,f6679ab41cf9502406b9903eb46abe4351ccfc1334418bb173a6b683453c51b7,True,appendix/support
outputs/lava_5/diagnostic_100/stress_audio/compression/mp3_64k/dcf8f370f478257688c620d9.json,.json,269,b07d2838f232212ed29d475fc0ddd57c461a5e02c8cffb949f713850f464ec31,True,appendix/support
outputs/lava_5/diagnostic_100/stress_audio/compression/mp3_64k/dcf8f370f478257688c620d9.wav,.wav,262492,4a41b7e328b6aa9b8a1d79ff4b996addbd8689c311ec70060c3d75006100d435,True,appendix/support
outputs/lava_5/diagnostic_100/stress_audio/compression/mp3_64k/deefebbe516b3ac9ac603f38.json,.json,269,d1835ba9b12573e1fe50ba011ab1c320673cf44ae9af62f1f30b68a877144bf5,True,appendix/support
outputs/lava_5/diagnostic_100/stress_audio/compression/mp3_64k/deefebbe516b3ac9ac603f38.wav,.wav,248540,d20692ca8ab664750d55477bb3897872a141d4f0c4e4e5e24e95386f2923dc11,True,appendix/support
outputs/lava_5/diagnostic_100/stress_audio/compression/mp3_64k/e5271133037754a97eb8f3b6.json,.json,269,8d39a6ae5faa15fbcb3b15b447658ad95a145b4077a31edde94af0fbec11b99a,True,appendix/support
outputs/lava_5/diagnostic_100/stress_audio/compression/mp3_64k/e5271133037754a97eb8f3b6.wav,.wav,62748,161a3b64be7b65c8e2ae62c5308ba897e13f2a68419438f2723a064cee0fc7d2,True,appendix/support
outputs/lava_5/diagnostic_100/stress_audio/compression/mp3_64k/ead81e3391bff14cdf44d151.json,.json,269,b66ac4f3a7a45e12025fcfcec428d30a3a202a3e14c29a3ea366e2a99861bc38,True,appendix/support
outputs/lava_5/diagnostic_100/stress_audio/compression/mp3_64k/ead81e3391bff14cdf44d151.wav,.wav,133664,6f5b461c891c84a32a5c83fad607d96efa66114714118e4f304a461c9f5abe00,True,appendix/support
outputs/lava_5/diagnostic_100/stress_audio/compression/mp3_64k/eff7b7f3f65d718535f7ce56.json,.json,269,3fcf87e8d6c0f662f486248ed912f62229088099739d47ef5b0bf1d405e31f0e,True,appendix/support
outputs/lava_5/diagnostic_100/stress_audio/compression/mp3_64k/eff7b7f3f65d718535f7ce56.wav,.wav,262492,a3898ac90285395fa87f3cbd094f9e690a122c6c61732224c4210d52d9e4259c,True,appendix/support
outputs/lava_5/diagnostic_100/stress_audio/compression/mp3_64k/f44a45f391f773d5b6f872e4.json,.json,269,e644e50e30fac7c2eeb36c70a625b494627de17fad447e97b06b869c96f9e5fa,True,appendix/support
outputs/lava_5/diagnostic_100/stress_audio/compression/mp3_64k/f44a45f391f773d5b6f872e4.wav,.wav,178784,a0ebcd73f49db00bdac57f841f99f10640c69e11fb36679dc3c541062a9a52ed,True,appendix/support
outputs/lava_5/diagnostic_100/stress_audio/compression/mp3_64k/f7de6bfe58bdc0a31adfd6e8.json,.json,269,94ca9ed87a4f14bb761b2f7013244679d0e176529774791dd0063383a10a04ff,True,appendix/support
outputs/lava_5/diagnostic_100/stress_audio/compression/mp3_64k/f7de6bfe58bdc0a31adfd6e8.wav,.wav,262492,a761f9c4fd399045c49a4a5458d408d456c19354d3eb0f15159f44c2d0f7ed39,True,appendix/support
outputs/lava_5/diagnostic_100/stress_audio/compression/mp3_64k/faeb6ad107da2060ac39986a.json,.json,269,d31cf3d33d3360b0be3f2a279f0fe216dc1919ca82260e622509bd7fe4aaa8f4,True,appendix/support
outputs/lava_5/diagnostic_100/stress_audio/compression/mp3_64k/faeb6ad107da2060ac39986a.wav,.wav,120412,06f1b26d1803d4ae17ec7660a2ee51110c20655f8d77d41650f442c8a7938826,True,appendix/support
outputs/lava_5/diagnostic_100/stress_audio/compression/mp3_64k/fc60038e77e10940ab63c824.json,.json,269,e98ec23d2d8484dc1de00f45ceb33c19516a5495a70e510a7a4d85cc2396d38c,True,appendix/support
outputs/lava_5/diagnostic_100/stress_audio/compression/mp3_64k/fc60038e77e10940ab63c824.wav,.wav,262492,c715ce6bf913af186047fdf0c64add254257178c7df0744124f09e2ac9fa7968,True,appendix/support
outputs/lava_5/diagnostic_100/stress_audio/compression/mp3_64k/fd1036b8f7b4966e96e2c8c7.json,.json,269,ecd28daa2c58c6469c482953892a6cad0e6253a8591b0fcdd9f94dc09af1ee54,True,appendix/support
outputs/lava_5/diagnostic_100/stress_audio/compression/mp3_64k/fd1036b8f7b4966e96e2c8c7.wav,.wav,262492,d1eeff6855589d94c5e09d425ad54a25c078b9f7bd6ebcb1e963409888914f66,True,appendix/support
outputs/lava_5/diagnostic_100/stress_audio/compression/mp3_64k/ffdce661a5cdb9c355d86f3c.json,.json,269,8b15e6ca9c5991df73318f520c67369c8315a10e301f78e742db9f801a004b9e,True,appendix/support
outputs/lava_5/diagnostic_100/stress_audio/compression/mp3_64k/ffdce661a5cdb9c355d86f3c.wav,.wav,262492,40628b9c9780ffcee0739ef13e927f18b21b3b9406de098a69e3b47aa3eff588,True,appendix/support
outputs/lava_5/diagnostic_100/stress_audio/compression/opus_64k/07d9b5deb47c8c4f7a4add8f.json,.json,269,ed8659c21e16e7246877ba21c313d7de79c498a34844774a273fb482adb3fc34,True,appendix/support
outputs/lava_5/diagnostic_100/stress_audio/compression/opus_64k/07d9b5deb47c8c4f7a4add8f.wav,.wav,262492,1739b2c6f33f33d2e3572c375d2ddfd877fdf1ca7d107b468df26fd7c9e85eeb,True,appendix/support
outputs/lava_5/diagnostic_100/stress_audio/compression/opus_64k/0820dd3eab813b0e27b93e8e.json,.json,269,5cc4c5a7a0337650d95ce1dcf697b6bf06f4cf8fd113df6a7280502ec8aa14b8,True,appendix/support
outputs/lava_5/diagnostic_100/stress_audio/compression/opus_64k/0820dd3eab813b0e27b93e8e.wav,.wav,142112,203692268e112bcfe8028008d288e6af6fa34dbe94818428fb13317049c493fb,True,appendix/support
outputs/lava_5/diagnostic_100/stress_audio/compression/opus_64k/0899cf09f6d50c7d88ac7f41.json,.json,269,a440af6e954f4f85912fb9ea2f6dcc64fe6ba6da42fbacdac982317ca186aecb,True,appendix/support
outputs/lava_5/diagnostic_100/stress_audio/compression/opus_64k/0899cf09f6d50c7d88ac7f41.wav,.wav,262492,09dabf9ed20ad05739d7cfcaca5d5b967360990f1de4c8864a9a851972fc711e,True,appendix/support
outputs/lava_5/diagnostic_100/stress_audio/compression/opus_64k/0b64d54b2ad1c742cfce0b3b.json,.json,269,0247e5562c369517c9604ab4dcf93470400906528d9472065e257162ca2a6048,True,appendix/support
outputs/lava_5/diagnostic_100/stress_audio/compression/opus_64k/0b64d54b2ad1c742cfce0b3b.wav,.wav,235996,c3b066134e96721c067538c5997ce975d9f4a541d09c28dbe5e9b4b63eaa3d23,True,appendix/support
outputs/lava_5/diagnostic_100/stress_audio/compression/opus_64k/0ec75ca5547a5dceafb10cde.json,.json,269,1ad5427638c82d87e0b8804d0171173bb6cc5c08c56d163a745387118873a497,True,appendix/support
outputs/lava_5/diagnostic_100/stress_audio/compression/opus_64k/0ec75ca5547a5dceafb10cde.wav,.wav,118108,1193c3848f6d814ff9fa8b0ac215dce2606696d07bad6aaa7e410d2d16c6d941,True,appendix/support
outputs/lava_5/diagnostic_100/stress_audio/compression/opus_64k/0f5e87bc674a0d76952aba00.json,.json,269,28bc50dcbd090659b6f7e1878a80a7ea36e931a81168464c38fefeb24458ab5c,True,appendix/support
outputs/lava_5/diagnostic_100/stress_audio/compression/opus_64k/0f5e87bc674a0d76952aba00.wav,.wav,262492,6a464f372e572d8611049e227cdbffe873df20ce70532bbe409a352e736de7e8,True,appendix/support
outputs/lava_5/diagnostic_100/stress_audio/compression/opus_64k/0fe6868f97e611c23992d12c.json,.json,269,328bd78e122d37609ad9b5be2388ced6d54b0c056f580de5b41625b90647cf38,True,appendix/support
outputs/lava_5/diagnostic_100/stress_audio/compression/opus_64k/0fe6868f97e611c23992d12c.wav,.wav,77148,c24952dd617bbeb37d11a90780d44e4082cefb22d99ea8d74a01d8c90c1af165,True,appendix/support
outputs/lava_5/diagnostic_100/stress_audio/compression/opus_64k/12838c2d174bf0558d7fc31b.json,.json,269,1f56966b185d4083bca3ef24d4741376d0bcc844536a2430ac837ea2107757cc,True,appendix/support
outputs/lava_5/diagnostic_100/stress_audio/compression/opus_64k/12838c2d174bf0558d7fc31b.wav,.wav,179232,0741f2d2c2828a5a345ca27743d0c84f3342ac293f223964634bb3502f32d681,True,appendix/support
outputs/lava_5/diagnostic_100/stress_audio/compression/opus_64k/13803178f8dd8668d906ee39.json,.json,269,80e7bbfc8368e7ae8e4d2f741d083bfd78b6e0924858ba18dc12f76fd80e6d97,True,appendix/support
outputs/lava_5/diagnostic_100/stress_audio/compression/opus_64k/13803178f8dd8668d906ee39.wav,.wav,221024,e7c63fc4a8a753fafc85d81f79ff4b9a1050a83700e04e7eca0b9e174f41f10a,True,appendix/support
outputs/lava_5/diagnostic_100/stress_audio/compression/opus_64k/14d80c96a6550873915015e8.json,.json,269,38c02f4db7554644f9d9809120874d08e112c7611b17cc9c366d76ed95800d5f,True,appendix/support
outputs/lava_5/diagnostic_100/stress_audio/compression/opus_64k/14d80c96a6550873915015e8.wav,.wav,259164,65e33fe54ae42d5115b6696404a3166cd052e9fd80f9d313be66158bc2409986,True,appendix/support
outputs/lava_5/diagnostic_100/stress_audio/compression/opus_64k/15b5d69cacf815ece2d95caa.json,.json,269,3f4f440f809390e104c658243709a67a6bc27f7e45935e10f93d370b9e1e3a9a,True,appendix/support
outputs/lava_5/diagnostic_100/stress_audio/compression/opus_64k/15b5d69cacf815ece2d95caa.wav,.wav,184160,8f1bf7e24c409aec09679d547f3ebc73e52282f3cf4a0dceb4146200fed5108e,True,appendix/support
outputs/lava_5/diagnostic_100/stress_audio/compression/opus_64k/16519131f339da12045af5e8.json,.json,269,56b6e29bee4dca0806682c3eb53dbf5844105623d3d5f3acc29ef0655a36003b,True,appendix/support
outputs/lava_5/diagnostic_100/stress_audio/compression/opus_64k/16519131f339da12045af5e8.wav,.wav,183644,ef87d6ce57e1b8c77014db1bef1013a0a956c76d7fd9af46109cdb9c4e8e7ba9,True,appendix/support
outputs/lava_5/diagnostic_100/stress_audio/compression/opus_64k/1663a8d5bb42d6a2e8c8cdc0.json,.json,269,5261329002815f205805cdd45b714c331e183951fe97a405b283efb8ee45e799,True,appendix/support
outputs/lava_5/diagnostic_100/stress_audio/compression/opus_64k/1663a8d5bb42d6a2e8c8cdc0.wav,.wav,185184,a30796655cfca10d632f89b46f45920e9dd96c58c5601db7fd4b15420cc20c42,True,appendix/support
outputs/lava_5/diagnostic_100/stress_audio/compression/opus_64k/1cc0f44320dd697c694c2416.json,.json,269,a8dc59ec92179a3259cb29bfc2639aa1217e421a069d856dff6163bd5e4fcbca,True,appendix/support
outputs/lava_5/diagnostic_100/stress_audio/compression/opus_64k/1cc0f44320dd697c694c2416.wav,.wav,262492,6f86b8326dc1ecad36d52f7d703b27a9c1bcdeb129335a7ec8e7bac817413c63,True,appendix/support
outputs/lava_5/diagnostic_100/stress_audio/compression/opus_64k/1d05f3056ab84f705cb3db4f.json,.json,269,0812319b241aa3633b7eb442251b3cc21317632c68adf73cef62cf0c4ab50eb3,True,appendix/support
outputs/lava_5/diagnostic_100/stress_audio/compression/opus_64k/1d05f3056ab84f705cb3db4f.wav,.wav,262492,7f8af8219a2ce9e2ba6ac7779ecfa186172a33689a3e934a6377c3af78fb1c4f,True,appendix/support
outputs/lava_5/diagnostic_100/stress_audio/compression/opus_64k/20e3ba6ea5ae847fc7730906.json,.json,269,a9b00360853d3079d11f17d480d5e2c58f40b588cb9da1d40ea06e443ef363f1,True,appendix/support
outputs/lava_5/diagnostic_100/stress_audio/compression/opus_64k/20e3ba6ea5ae847fc7730906.wav,.wav,262492,0e6c3de75b38fb5973ed07aaaafbe937c71d01737fd1db2f766423f39b86ce16,True,appendix/support
outputs/lava_5/diagnostic_100/stress_audio/compression/opus_64k/22a52105eeb8604387537fc8.json,.json,269,f9b96f755132d10f0560343aca6e9fded7170a16b4e66c2b8635e1179ea860ea,True,appendix/support
outputs/lava_5/diagnostic_100/stress_audio/compression/opus_64k/22a52105eeb8604387537fc8.wav,.wav,182688,56eb0a2ffc276b209e083ba8bd699d91552eeacc2260db641e3e1dcdbba47176,True,appendix/support
outputs/lava_5/diagnostic_100/stress_audio/compression/opus_64k/2312c3f3be831c56c2f7d6f9.json,.json,269,aa0a4893a0837910f4a01cb12cbac99260a4e5b9a47175686b590c509f1606ed,True,appendix/support
outputs/lava_5/diagnostic_100/stress_audio/compression/opus_64k/2312c3f3be831c56c2f7d6f9.wav,.wav,262492,1d4c175176fd70067e30ed03540c013891276f2d02b5703312c8d87625035b24,True,appendix/support
outputs/lava_5/diagnostic_100/stress_audio/compression/opus_64k/23fdfd933236da9fc18b9698.json,.json,269,e475893801cabf9aa12747747540f90452d41cea88856f2e2d17f4a5faa57f59,True,appendix/support
outputs/lava_5/diagnostic_100/stress_audio/compression/opus_64k/23fdfd933236da9fc18b9698.wav,.wav,208988,47b486e20b0627611146df59b8fe0b369087b25c3e055fba64eb255c0736d1db,True,appendix/support
outputs/lava_5/diagnostic_100/stress_audio/compression/opus_64k/27cc7329c4e34012808006bd.json,.json,269,eb7aa2857f0387c44b9ed516cfa3ea2b372aa3dfd0d6a4e52bcb4cfa291e1e94,True,appendix/support
outputs/lava_5/diagnostic_100/stress_audio/compression/opus_64k/27cc7329c4e34012808006bd.wav,.wav,47072,3f9450c965a182d838d1ef2407ce980097cf24506ebe5474491c1322e9726215,True,appendix/support
outputs/lava_5/diagnostic_100/stress_audio/compression/opus_64k/2bda1970d459fecae0012370.json,.json,269,4ea43cd2248c883c1ba295c92e373ba5fcaf77e2b93248831c529facbc721db2,True,appendix/support
outputs/lava_5/diagnostic_100/stress_audio/compression/opus_64k/2bda1970d459fecae0012370.wav,.wav,262492,7f628f45005273d7e0aee3ab2f66b1772168b1c279c365f541953cc755cb2fb4,True,appendix/support
outputs/lava_5/diagnostic_100/stress_audio/compression/opus_64k/2c8db8a471cc4054151aa683.json,.json,269,04573542f4c5a1b1db05a978f58ffac6a09a65fde9fd16b7615cc51280ad37a1,True,appendix/support
outputs/lava_5/diagnostic_100/stress_audio/compression/opus_64k/2c8db8a471cc4054151aa683.wav,.wav,262492,d91394ed4cdf1b750ddb027911f41dd6f93a2ad6df7536b193bae0957bc452ae,True,appendix/support
outputs/lava_5/diagnostic_100/stress_audio/compression/opus_64k/32bd098cdbd1405bc95276d7.json,.json,269,9fb37a13166b663ba9f5fa5992b9c87d66ebbd509d47b3dec45f2786177af168,True,appendix/support
outputs/lava_5/diagnostic_100/stress_audio/compression/opus_64k/32bd098cdbd1405bc95276d7.wav,.wav,262492,4076687bcc08c9ea054dee663ef7ec6e52547c30138e6e72ff101bc12b319490,True,appendix/support
outputs/lava_5/diagnostic_100/stress_audio/compression/opus_64k/388612050711ea476f656661.json,.json,269,74015ab5b33ea4b79b13d94c324369d13a3702c2c5e4996f2069cde1e99b13bf,True,appendix/support
outputs/lava_5/diagnostic_100/stress_audio/compression/opus_64k/388612050711ea476f656661.wav,.wav,262492,b0d1a66e31d9383498ca39782514a3cc9b8f908cc5bdb6e08c8a1273ba5bb017,True,appendix/support
outputs/lava_5/diagnostic_100/stress_audio/compression/opus_64k/3d9931154b09db0ada390088.json,.json,269,0a11f1de0301f136142ca7bc632adfe2d0e14aa8a71c0a314862e16413368ec9,True,appendix/support
outputs/lava_5/diagnostic_100/stress_audio/compression/opus_64k/3d9931154b09db0ada390088.wav,.wav,43100,edaaca7d05798d1ca96a7cc6013cbd74e10d63ef81b5e7663c0cf6072993b48a,True,appendix/support
outputs/lava_5/diagnostic_100/stress_audio/compression/opus_64k/3e590da85ff04392bf1190fa.json,.json,269,b7538768b8d28ba02281f270849f88f3a8945f17d5d1429c75964b7a9cd4607d,True,appendix/support
outputs/lava_5/diagnostic_100/stress_audio/compression/opus_64k/3e590da85ff04392bf1190fa.wav,.wav,160220,351f135f45b7ec8661dee35fe9d69309959bc1841db268221b94a6ff7ab75da2,True,appendix/support
outputs/lava_5/diagnostic_100/stress_audio/compression/opus_64k/3fe55cd5eebb79613297438d.json,.json,269,b1d0eb9b8a4d62ba5bbdb44536a1de95140a57aff38105bfc0b3225a8be7409d,True,appendix/support
outputs/lava_5/diagnostic_100/stress_audio/compression/opus_64k/3fe55cd5eebb79613297438d.wav,.wav,262492,6521affe047573eb2f6c8c11fab1adc918d701a169cc4e0193bcb1b793a2ef1c,True,appendix/support
outputs/lava_5/diagnostic_100/stress_audio/compression/opus_64k/496c1972636422a85f2e070a.json,.json,269,e4d69ff0ba764ef4f76f7237e14716c0d94d769ad2e2784ff86478540d40743b,True,appendix/support
outputs/lava_5/diagnostic_100/stress_audio/compression/opus_64k/496c1972636422a85f2e070a.wav,.wav,262492,6a289ab94b64526a5a60d9d2a8a498938c2062ee045a2d242246e89b6c823780,True,appendix/support
outputs/lava_5/diagnostic_100/stress_audio/compression/opus_64k/4afd285ddaa5f0fcd4005176.json,.json,269,2be0964164a42c674bf6cb604e70cf2946012381d618184f4aff0d1e398f7b05,True,appendix/support
outputs/lava_5/diagnostic_100/stress_audio/compression/opus_64k/4afd285ddaa5f0fcd4005176.wav,.wav,96672,a5357e1c0d50f4919f3aa722fd1b73723a0e600e731383d2ac8082f6427dfb46,True,appendix/support
outputs/lava_5/diagnostic_100/stress_audio/compression/opus_64k/4f39ef17a122a3d2d30b79b8.json,.json,269,ca54316fbda9899496bd510807e7cdf1e89095dbe5b402f77a3322062e6a95e8,True,appendix/support
outputs/lava_5/diagnostic_100/stress_audio/compression/opus_64k/4f39ef17a122a3d2d30b79b8.wav,.wav,262492,e0f3fbe7d4c20a2c869d490d429c26c73f993586dc3f5f6137922da749ceb071,True,appendix/support
outputs/lava_5/diagnostic_100/stress_audio/compression/opus_64k/5192c39d22744c82e8f05ebc.json,.json,269,65f1236e35973a3c747d0321889f1113f4836c970da83bbd450b4f04c157394b,True,appendix/support
outputs/lava_5/diagnostic_100/stress_audio/compression/opus_64k/5192c39d22744c82e8f05ebc.wav,.wav,182496,fba8c3aca6944870747ba740629485bc396e6d21799b0d3177b61aa29871961f,True,appendix/support
outputs/lava_5/diagnostic_100/stress_audio/compression/opus_64k/5351182494dd9c7262224149.json,.json,269,6a9b92e67b12d9b0a48802a6c307d62c4a2ce8f2ea0ba3be5d2a1aaf8c0c623b,True,appendix/support
outputs/lava_5/diagnostic_100/stress_audio/compression/opus_64k/5351182494dd9c7262224149.wav,.wav,723332,824083a07f5140a08c84cfe5c535dae8420961a932957cc36ccbc9c0c9cca904,True,appendix/support
outputs/lava_5/diagnostic_100/stress_audio/compression/opus_64k/5625dac162e4cd16afe7ec00.json,.json,269,3f90dc0bb39be7e8579189e0831588307e3c64bd2e1859fe36fa611f8dc7764f,True,appendix/support
outputs/lava_5/diagnostic_100/stress_audio/compression/opus_64k/5625dac162e4cd16afe7ec00.wav,.wav,100700,90fc735a592f9c7e2df1910ebad3ae37946bbd6c57c2b29db7114995bb43dae8,True,appendix/support
outputs/lava_5/diagnostic_100/stress_audio/compression/opus_64k/563cfc6338490ec7146f4047.json,.json,269,5705166cf5ee65b9ae1fab28495992d4ab78c0b7a79c06930efb58bde6975a38,True,appendix/support
outputs/lava_5/diagnostic_100/stress_audio/compression/opus_64k/563cfc6338490ec7146f4047.wav,.wav,262492,a6349f36dc06d269c389d76ff7ec4e7823dde7ed500e2fc912f8a6cfbed90038,True,appendix/support
outputs/lava_5/diagnostic_100/stress_audio/compression/opus_64k/5c43dec240130e4c8e1f5af1.json,.json,269,36bc2f7f5c802ec332605ccb8a4b9a3fd59e5aa097cb9a2d9bdf487f4c8622db,True,appendix/support
outputs/lava_5/diagnostic_100/stress_audio/compression/opus_64k/5c43dec240130e4c8e1f5af1.wav,.wav,187164,76e47d116cd5a66a7e0a7a3e0d3383cfbb8175e677c2fcd4e82aa54e64bf1b86,True,appendix/support
outputs/lava_5/diagnostic_100/stress_audio/compression/opus_64k/5f00cfa3ef4f1bc1c7af915f.json,.json,269,356eb52d8294d87d04192db3d2a6a891b9ed8a23cc3b79157f7a6837789e871f,True,appendix/support
outputs/lava_5/diagnostic_100/stress_audio/compression/opus_64k/5f00cfa3ef4f1bc1c7af915f.wav,.wav,195552,c6c43a1bc54d04fd7f9b66c1ac841a1b499741e06c15dbe2b249649ab75ba7ca,True,appendix/support
outputs/lava_5/diagnostic_100/stress_audio/compression/opus_64k/65fa114084c78e3fa2ccb4c4.json,.json,269,39f22d1bdb36b5e1de4388ac75da346636b791c7275be560b58cd2d83f31c2a6,True,appendix/support
outputs/lava_5/diagnostic_100/stress_audio/compression/opus_64k/65fa114084c78e3fa2ccb4c4.wav,.wav,47264,e49e2df56123e4eb86ccf0a88532f99584798a2dc58047725d70e5b54926b3c6,True,appendix/support
outputs/lava_5/diagnostic_100/stress_audio/compression/opus_64k/670e2ee7e3a1b0b302c5c029.json,.json,269,890415974184241bf0ebf6a7ce03183c4364602fb49ded485b1f36a57a2512c2,True,appendix/support
outputs/lava_5/diagnostic_100/stress_audio/compression/opus_64k/670e2ee7e3a1b0b302c5c029.wav,.wav,191324,739be1e0fa754856ff8f7dae9e9c43b7ae80c93349dd1441620c590349ff42d4,True,appendix/support
outputs/lava_5/diagnostic_100/stress_audio/compression/opus_64k/69e58b63212e94fad9531cf8.json,.json,269,1034955c2352919ff164c961c5e76fad3659cec8de3139cfaa2feb19f387e043,True,appendix/support
outputs/lava_5/diagnostic_100/stress_audio/compression/opus_64k/69e58b63212e94fad9531cf8.wav,.wav,262492,25f1d34769c2774eea04ce34acf59bc94417f693b312777b2c68cc24abb2ee2b,True,appendix/support
outputs/lava_5/diagnostic_100/stress_audio/compression/opus_64k/6a6744f2df1e37d04b424700.json,.json,269,1821eff8772d37d7f56d39e6a4e37ba33df0d2cda253681aadc49b33d07e256a,True,appendix/support
outputs/lava_5/diagnostic_100/stress_audio/compression/opus_64k/6a6744f2df1e37d04b424700.wav,.wav,72028,2da79e2e874d0b9e4b9ec49f4a1e1698aeaa1ec955524d2089a11a3c0ac7efc3,True,appendix/support
outputs/lava_5/diagnostic_100/stress_audio/compression/opus_64k/6b25544eba298359a41e3cda.json,.json,269,4958f53dafe8d80fd6d23321344970292a17d588dcf7ec8c136d3fac960abb6a,True,appendix/support
outputs/lava_5/diagnostic_100/stress_audio/compression/opus_64k/6b25544eba298359a41e3cda.wav,.wav,42780,24dda341075a846a465bc395aea6c8691d68ff1537804566537ac0b96ef08121,True,appendix/support
outputs/lava_5/diagnostic_100/stress_audio/compression/opus_64k/6ba0bdb847ca9a4ac515e0b3.json,.json,269,fae1aa7eb2a90f5f4b94d5358696f17a26e104d4b4e7dafb5904425fc15e7500,True,appendix/support
outputs/lava_5/diagnostic_100/stress_audio/compression/opus_64k/6ba0bdb847ca9a4ac515e0b3.wav,.wav,65052,0c3c60e5da637e9641af29d899a7c614aa2be79ac82a6989ba8e6784539273bd,True,appendix/support
outputs/lava_5/diagnostic_100/stress_audio/compression/opus_64k/70acb10251feb1ba60704d3d.json,.json,269,330894825abbc9837471add4f8d9938ab5c1e604478d491f7087f482696ae4ff,True,appendix/support
outputs/lava_5/diagnostic_100/stress_audio/compression/opus_64k/70acb10251feb1ba60704d3d.wav,.wav,110684,aed332dfb2e7e17e3f509581d829e1af926d6e90737cc6a271465cf3081baea5,True,appendix/support
outputs/lava_5/diagnostic_100/stress_audio/compression/opus_64k/716d883d011d7ae890ad651a.json,.json,269,73f1e019b4d9d9df9ba03f3a5063a42ec9af39e522a95a5c82f1c7fb26641941,True,appendix/support
outputs/lava_5/diagnostic_100/stress_audio/compression/opus_64k/716d883d011d7ae890ad651a.wav,.wav,262492,6fbc09efd18618ed387f009d416a4d76def514d1ae7bd44027c69f619123f1fb,True,appendix/support
outputs/lava_5/diagnostic_100/stress_audio/compression/opus_64k/71efb74aba0dbca8edbaf96d.json,.json,269,91134f0401116684acaccba644295a0f1a53449d780db1f1cc890afdb97d4b0c,True,appendix/support
outputs/lava_5/diagnostic_100/stress_audio/compression/opus_64k/71efb74aba0dbca8edbaf96d.wav,.wav,262492,cb0d593a2ecc3139adbe95457f39396291f3298e919ba0a4890d3dde8e006a94,True,appendix/support
outputs/lava_5/diagnostic_100/stress_audio/compression/opus_64k/724688588871a9e8ec972876.json,.json,269,6d0be17f9793c8391c85443cb4fe5f34c31665c6133ba8180a44405f664d0c4e,True,appendix/support
outputs/lava_5/diagnostic_100/stress_audio/compression/opus_64k/724688588871a9e8ec972876.wav,.wav,259036,abdd4a602b4f19504132b68685825d13bc86a9fb65a75e9c16ccdf8b1b17a315,True,appendix/support
outputs/lava_5/diagnostic_100/stress_audio/compression/opus_64k/76db2453d9db2a13cbb2ac04.json,.json,269,e507496b4854ec70d027adc652153a43a8c9bf98c7f43cd4f110c82af34c1559,True,appendix/support
outputs/lava_5/diagnostic_100/stress_audio/compression/opus_64k/76db2453d9db2a13cbb2ac04.wav,.wav,222688,09ce4d4c0156a7ffffd50cf8799b1013661ab5b193d797127210149169ea28c3,True,appendix/support
outputs/lava_5/diagnostic_100/stress_audio/compression/opus_64k/774af2f26f8eed3ad5281fe7.json,.json,269,3768d27062b96f666bb0e8d48ca073c398d13fbdb31bf041d49a848dece446a6,True,appendix/support
outputs/lava_5/diagnostic_100/stress_audio/compression/opus_64k/774af2f26f8eed3ad5281fe7.wav,.wav,175452,b52f8198208148346898d3a55860c10eda23c230cb0acea935653662437e0a6d,True,appendix/support
outputs/lava_5/diagnostic_100/stress_audio/compression/opus_64k/78e5829afd3e6864e5e71c73.json,.json,269,9d066a576e5afbd802ce1fc07dbccc33a5b6c7878dd1b23848c7bdc748d31671,True,appendix/support
outputs/lava_5/diagnostic_100/stress_audio/compression/opus_64k/78e5829afd3e6864e5e71c73.wav,.wav,183196,98736d3033a996c8970bb2bf1c74392ca4733e37f4e62f9ac8851d172d4b0f29,True,appendix/support
outputs/lava_5/diagnostic_100/stress_audio/compression/opus_64k/7a17be8240fb81d00748f3f1.json,.json,269,aacc8485255e88f191d8f8027a8ae2d84bd8ac512d025101dc570d7567b3b554,True,appendix/support
outputs/lava_5/diagnostic_100/stress_audio/compression/opus_64k/7a17be8240fb81d00748f3f1.wav,.wav,89632,07e0e60461e0d0a3431ae853bb7a1efa2d528bb8ce6d3fae51a8970f8ef9d981,True,appendix/support
outputs/lava_5/diagnostic_100/stress_audio/compression/opus_64k/7d3533480083913870e624e1.json,.json,269,c26dfb69ae2ff6ae74632e911b8ef6b3a2ce03dd9d8a4e14729d8aa2b76461d8,True,appendix/support
outputs/lava_5/diagnostic_100/stress_audio/compression/opus_64k/7d3533480083913870e624e1.wav,.wav,213472,255413dfd81de54d81288150541f7ceb662101db144e4041593053b0b195ec9e,True,appendix/support
outputs/lava_5/diagnostic_100/stress_audio/compression/opus_64k/84dc75fc1ebb7bb994ab3928.json,.json,269,33d84c3bbd47f4184e5ef6abcad2439710b399cd5615ebe709f7d03c98e160d4,True,appendix/support
outputs/lava_5/diagnostic_100/stress_audio/compression/opus_64k/84dc75fc1ebb7bb994ab3928.wav,.wav,51676,904c936ee68dff1fa9844c10a341c8cefe9b9feec9644ed18b5186e27ccc48ff,True,appendix/support
outputs/lava_5/diagnostic_100/stress_audio/compression/opus_64k/8837468e1872f56406fb42eb.json,.json,269,22f2dc9ad09be5fef94515a457bc453401bd64a31042af9187380ad9e2cc20e5,True,appendix/support
outputs/lava_5/diagnostic_100/stress_audio/compression/opus_64k/8837468e1872f56406fb42eb.wav,.wav,128860,7f8e4ddbf907f8670f6747baffd7e24f29ba8e93e5b0094e5110ddf57583c772,True,appendix/support
outputs/lava_5/diagnostic_100/stress_audio/compression/opus_64k/8dfea62bd956d74432a23ebe.json,.json,269,2254becacb844218a4bf8e58f1c384007adef3243993ed024b9125840da2d71c,True,appendix/support
outputs/lava_5/diagnostic_100/stress_audio/compression/opus_64k/8dfea62bd956d74432a23ebe.wav,.wav,262492,aac7f680ac320ec96bfbc8273d8424d93669f3949e5ba1f4d3b7bab955b85703,True,appendix/support
outputs/lava_5/diagnostic_100/stress_audio/compression/opus_64k/8f4b5a526d8509d6c28e4e1f.json,.json,269,69d8d24160a9d8d72890360f3111f05c60f799c706c0147f2ffa08d6d5230b01,True,appendix/support
outputs/lava_5/diagnostic_100/stress_audio/compression/opus_64k/8f4b5a526d8509d6c28e4e1f.wav,.wav,262492,d7fa85d844644b9678b958faca3243a3a78a9b09dc9a76786f13db59f712dfaa,True,appendix/support
outputs/lava_5/diagnostic_100/stress_audio/compression/opus_64k/8f733fb9d55b72bc5f2eed54.json,.json,269,18e80960cc8f83c9eb865fc229ce2e39cce756073d3101c3b41ab1852fbeb443,True,appendix/support
outputs/lava_5/diagnostic_100/stress_audio/compression/opus_64k/8f733fb9d55b72bc5f2eed54.wav,.wav,193756,3d8a86b207e7c67ccaee0cabad501feb3f11e7df4ed66bc963c786d482c85ad6,True,appendix/support
outputs/lava_5/diagnostic_100/stress_audio/compression/opus_64k/8f7ceda91962e32fc2b5f66e.json,.json,269,042a69bc55d08a6b7936fed5fc58b968dab056002337d4c72c8664d4dcd08a03,True,appendix/support
outputs/lava_5/diagnostic_100/stress_audio/compression/opus_64k/8f7ceda91962e32fc2b5f66e.wav,.wav,72544,77b54b7611f6ce82fd43bf036f3e238392b8dd240358b168e8eea4d5a87d5a48,True,appendix/support
outputs/lava_5/diagnostic_100/stress_audio/compression/opus_64k/90d03bb99515f26ce1227834.json,.json,269,1d4ccfe5fe490a95fb3550a111ac89cce4f5152e5be4aa0516696a70e5168ca6,True,appendix/support
outputs/lava_5/diagnostic_100/stress_audio/compression/opus_64k/90d03bb99515f26ce1227834.wav,.wav,109340,45deb0c5045363b0390bf7616be3947cf062847e20427c81d433d8a6029a4e55,True,appendix/support
outputs/lava_5/diagnostic_100/stress_audio/compression/opus_64k/9333e9dd36bcb45439be4efc.json,.json,269,f630e3399a81f5058ccf5bed47b6ced939889070a2e913ac18a73462b76cf22a,True,appendix/support
outputs/lava_5/diagnostic_100/stress_audio/compression/opus_64k/9333e9dd36bcb45439be4efc.wav,.wav,262492,af096355fc82b529154467302427dfb78d866c3da3e3fca6cb1308f0b9726ced,True,appendix/support
outputs/lava_5/diagnostic_100/stress_audio/compression/opus_64k/9b28a9b42c335e11e04f958e.json,.json,269,a1916bbc7b6517f6fd8d0fd7e7d88395dda4a0e64c46673ed3e8371709802e1b,True,appendix/support
outputs/lava_5/diagnostic_100/stress_audio/compression/opus_64k/9b28a9b42c335e11e04f958e.wav,.wav,212828,b0fe6d75e19d20fe19afc3bda16f4860a2b524dde87032d088d2569c4395c873,True,appendix/support
outputs/lava_5/diagnostic_100/stress_audio/compression/opus_64k/9d179165adfea51f5cd4e20f.json,.json,269,f519ed4785f920f206e8c04dae3af15e4dfaf6451c5a96de63d1df10d795362e,True,appendix/support
outputs/lava_5/diagnostic_100/stress_audio/compression/opus_64k/9d179165adfea51f5cd4e20f.wav,.wav,190940,2351a66ff9b1202fb5ec2327906fc6dc42fede1335b023435596eb5e4171cff0,True,appendix/support
outputs/lava_5/diagnostic_100/stress_audio/compression/opus_64k/9f0918d28116126e7269f4e6.json,.json,269,d2ce2c8b0ffd5b815785a99d6bc19f5e5e6604f3bc31f9dd9f18334f6c440ee6,True,appendix/support
outputs/lava_5/diagnostic_100/stress_audio/compression/opus_64k/9f0918d28116126e7269f4e6.wav,.wav,262492,e99c328dbf4c8f00b94e932b6778324993495c491203f9ade67670907cb01b17,True,appendix/support
outputs/lava_5/diagnostic_100/stress_audio/compression/opus_64k/9f1fdcfd9d149c9f93a019bb.json,.json,269,22188f482f2c3e78a3e513c35f8e44f34d70f4b420620cac3c16e6536c004d24,True,appendix/support
outputs/lava_5/diagnostic_100/stress_audio/compression/opus_64k/9f1fdcfd9d149c9f93a019bb.wav,.wav,89756,bb513334f1c6a3ed9ec04ac4e038294f0e0e49175aa67afb1a1e8d8c9565cb2d,True,appendix/support
outputs/lava_5/diagnostic_100/stress_audio/compression/opus_64k/a2b6797ebeaec85e9f2f606b.json,.json,269,0a195e77db63caa1c46c8570e0cc96e78d6c6785db6ddaadceb938e7cce58e25,True,appendix/support
outputs/lava_5/diagnostic_100/stress_audio/compression/opus_64k/a2b6797ebeaec85e9f2f606b.wav,.wav,262492,bddb0a58ab5971811a4d8392731275daad14eb7b56d6e6a6e0a0376f85c3ce38,True,appendix/support
outputs/lava_5/diagnostic_100/stress_audio/compression/opus_64k/a81ba9f3564487c5c5ad6083.json,.json,269,12735e56d9b106b3ac936d995ced406cd5a933117da8c99ceca084594a97a258,True,appendix/support
outputs/lava_5/diagnostic_100/stress_audio/compression/opus_64k/a81ba9f3564487c5c5ad6083.wav,.wav,111516,66a3689686eb21408316ad54d75a1786411d0ad943cc8b49473408f14388ac01,True,appendix/support
outputs/lava_5/diagnostic_100/stress_audio/compression/opus_64k/a9dfa080432da2cb38c10a36.json,.json,269,2a13454a4775232f12008a4cbef4b3f0ff7191550b06760a4cb25f4fdb45e681,True,appendix/support
outputs/lava_5/diagnostic_100/stress_audio/compression/opus_64k/a9dfa080432da2cb38c10a36.wav,.wav,195164,8c2b3ea4f2be33965466dc8ac533ebda3de6b8745132f028278b2cf245862062,True,appendix/support
outputs/lava_5/diagnostic_100/stress_audio/compression/opus_64k/aa175eb8bb09da4aca353fbc.json,.json,269,ea44f3f6c13711363cf65e7440a64042beb9a4456f68faacc81d263a5834076d,True,appendix/support
outputs/lava_5/diagnostic_100/stress_audio/compression/opus_64k/aa175eb8bb09da4aca353fbc.wav,.wav,478136,bd67bfa78228e762ef00aa4721e11ab0ff270a9a2c29f89efa18993ade197397,True,appendix/support
outputs/lava_5/diagnostic_100/stress_audio/compression/opus_64k/ab8e4cf7200bdca9d708710c.json,.json,269,56a7afa1ab8856aec86ad1aec97f0b005c35e3feabf4025e95f8336d20e270e5,True,appendix/support
outputs/lava_5/diagnostic_100/stress_audio/compression/opus_64k/ab8e4cf7200bdca9d708710c.wav,.wav,262492,a9107e5021960ba3fd892ae960154703438dc254b0e102d1bccb4a7f91929fd1,True,appendix/support
outputs/lava_5/diagnostic_100/stress_audio/compression/opus_64k/ae905c6b72d158aeaf1cf62e.json,.json,269,bdc0a3f7fca57a61fe8cd68418cd14cfd361ad1bdfc38d3de88af35db7736c02,True,appendix/support
outputs/lava_5/diagnostic_100/stress_audio/compression/opus_64k/ae905c6b72d158aeaf1cf62e.wav,.wav,191712,22a5105b5f2019bfd28e15849931ead9cef1ca7aea75da7e7392a384c93d5870,True,appendix/support
outputs/lava_5/diagnostic_100/stress_audio/compression/opus_64k/af4a5345e3991cecef3aae8a.json,.json,269,4bb68a675983bd5801cc8769093ec8a43a3858e0771e0811ba8abb014ef7591b,True,appendix/support
outputs/lava_5/diagnostic_100/stress_audio/compression/opus_64k/af4a5345e3991cecef3aae8a.wav,.wav,171296,778332628e777565f4f526ea9aee00c7e91fa6b3d5341a7b211e02419335407e,True,appendix/support
outputs/lava_5/diagnostic_100/stress_audio/compression/opus_64k/b119d883b5c17cd91903587c.json,.json,269,5e57dc7da058ec8d753450f8aab3eccff8937985d0b6d78437b06e69383c4eb4,True,appendix/support
outputs/lava_5/diagnostic_100/stress_audio/compression/opus_64k/b119d883b5c17cd91903587c.wav,.wav,139612,65e92b58c7b39193f3fc28e2ff8611b98b6325c957fa44433e91bd25a5131ca2,True,appendix/support
outputs/lava_5/diagnostic_100/stress_audio/compression/opus_64k/b48e5c014630e6e9fd9b8663.json,.json,269,7103591cdc8625849f162e727afe89a90270275c1d8b11d5a544db6cda3cda06,True,appendix/support
outputs/lava_5/diagnostic_100/stress_audio/compression/opus_64k/b48e5c014630e6e9fd9b8663.wav,.wav,145824,a966bff705462b5eb2abe3136a7ce5de2e1eada57adae9d78f87b8ff79e3e87d,True,appendix/support
outputs/lava_5/diagnostic_100/stress_audio/compression/opus_64k/bb4a298808e45fe2abc20548.json,.json,269,1ee864802c97a12ea6c7edf97e5572bd540447b3151252671f1a76cc37522cee,True,appendix/support
outputs/lava_5/diagnostic_100/stress_audio/compression/opus_64k/bb4a298808e45fe2abc20548.wav,.wav,225952,9982775f1d34b62fd3a48850edc8317d5f81d14ed4b642ee56dc3f6718d08e75,True,appendix/support
outputs/lava_5/diagnostic_100/stress_audio/compression/opus_64k/bca256c04342e6f21518f4ed.json,.json,269,1e10b4ef37d73a60a19ae2fb508f204b24496b053fe34107aaed56e449a2233e,True,appendix/support
outputs/lava_5/diagnostic_100/stress_audio/compression/opus_64k/bca256c04342e6f21518f4ed.wav,.wav,262492,3e52d640ae89366454721f43b09efff63d4bf6260b845fb11c88b7bf86e31f5d,True,appendix/support
outputs/lava_5/diagnostic_100/stress_audio/compression/opus_64k/bcf90da5d8f365547625d06e.json,.json,269,e916d76cf978f906ed7e3e2ff31f2d07d80f98abcc6a5f0c6c44526ea3eef45e,True,appendix/support
outputs/lava_5/diagnostic_100/stress_audio/compression/opus_64k/bcf90da5d8f365547625d06e.wav,.wav,137244,af7f98a5aadaa207db885e7761bd4d5a1db5b18f390630dc80ad6cd10ed87bc6,True,appendix/support
outputs/lava_5/diagnostic_100/stress_audio/compression/opus_64k/be23031a7c89418cd367d2b6.json,.json,269,804d2f7fa90656b0b34e3828ffe3a75300cfe89be53874fea6aba825cbf9bceb,True,appendix/support
outputs/lava_5/diagnostic_100/stress_audio/compression/opus_64k/be23031a7c89418cd367d2b6.wav,.wav,262492,8faad9a8c2fb752f51323d932aa9a7c6ac498def9b4c63cad65fd5374a8247a1,True,appendix/support
outputs/lava_5/diagnostic_100/stress_audio/compression/opus_64k/bf79c7858fa88bf58a01c563.json,.json,269,fb8818b16df4a1e42a42a0eb1071da3839ee9320e1e86318df19294c9415c43f,True,appendix/support
outputs/lava_5/diagnostic_100/stress_audio/compression/opus_64k/bf79c7858fa88bf58a01c563.wav,.wav,262492,3c630afc84fbed15687b4dc21eb5364fea2f148bc7e5094bb4d93663430ac2b3,True,appendix/support
outputs/lava_5/diagnostic_100/stress_audio/compression/opus_64k/c19a55980675a8655f10cb86.json,.json,269,2b138fdbe0fa049420ace58597704611fa0273a125eacc76efdd9ddad865fff9,True,appendix/support
outputs/lava_5/diagnostic_100/stress_audio/compression/opus_64k/c19a55980675a8655f10cb86.wav,.wav,82976,3d7c06dbdd647b2187d0b4e0123b8b603fd8219c1c0bac02a7bde11414695d7a,True,appendix/support
outputs/lava_5/diagnostic_100/stress_audio/compression/opus_64k/c31e2f1d29e4bd849b1979ec.json,.json,269,b8b07a31e1bbdc9460b3192e388ddb82541df374b016e723fe712b5f69b5da7d,True,appendix/support
outputs/lava_5/diagnostic_100/stress_audio/compression/opus_64k/c31e2f1d29e4bd849b1979ec.wav,.wav,262492,0da4cd49a9cb5dcc535f6c0ec778448a75e215b74aacd3dcba3de55a02dfeec9,True,appendix/support
outputs/lava_5/diagnostic_100/stress_audio/compression/opus_64k/c8fc323333c786b01aee38cc.json,.json,269,4423c0f174f12528558eb97e7785194470f73a8659dbc489aa1b5be009165aaa,True,appendix/support
outputs/lava_5/diagnostic_100/stress_audio/compression/opus_64k/c8fc323333c786b01aee38cc.wav,.wav,262492,826153c1df69135e188ffeaa25d81dec18943ceb8cab36101208608d2405aa03,True,appendix/support
outputs/lava_5/diagnostic_100/stress_audio/compression/opus_64k/cb0d4895cd4931043d5add9a.json,.json,269,420c03d5199eba45cb2c29caa28fe20c923be6cbe5434349a157fd4f0a9d7c71,True,appendix/support
outputs/lava_5/diagnostic_100/stress_audio/compression/opus_64k/cb0d4895cd4931043d5add9a.wav,.wav,176220,ffa5781a731231a94457b0d56460a67635379592a00efe350bc131283e918337,True,appendix/support
outputs/lava_5/diagnostic_100/stress_audio/compression/opus_64k/cb2b10d7e455110be82f03cf.json,.json,269,d0be92dad5ff591a73478d2e7fa1d31f0cffdb57bb930383cb4758d4b9f737ec,True,appendix/support
outputs/lava_5/diagnostic_100/stress_audio/compression/opus_64k/cb2b10d7e455110be82f03cf.wav,.wav,172380,42fc6ce709ec834a7bc0c1cf645aa584cc149b58e04895009a4584ff87fd9b53,True,appendix/support
outputs/lava_5/diagnostic_100/stress_audio/compression/opus_64k/cb5fcbd2d9232dd2c54d2bae.json,.json,269,80c9483eec830482f914f987a348b340366dee7b3637b760012ef2df7c9fb6ff,True,appendix/support
outputs/lava_5/diagnostic_100/stress_audio/compression/opus_64k/cb5fcbd2d9232dd2c54d2bae.wav,.wav,262492,1864267fa0aefdba2a581d1e45e12f34fd773599d654a56ab1833ff3955f49ab,True,appendix/support
outputs/lava_5/diagnostic_100/stress_audio/compression/opus_64k/ced0cb1635b69f6c2589670f.json,.json,269,a1a43155e86decdce47fb58d0dacaa62b1d680cc470c8acd79db4616ef3cc17f,True,appendix/support
outputs/lava_5/diagnostic_100/stress_audio/compression/opus_64k/ced0cb1635b69f6c2589670f.wav,.wav,103200,8bf32d7040fc428fd26839c090bfb23aba0ff1b6b818c6b6e87f5bf4cee838db,True,appendix/support
outputs/lava_5/diagnostic_100/stress_audio/compression/opus_64k/d30113a70f2a4f16402cc05f.json,.json,269,52587109bb1be5ce69b48e66cea8c1cb34931e3d04cd03bca7fa2827874798a4,True,appendix/support
outputs/lava_5/diagnostic_100/stress_audio/compression/opus_64k/d30113a70f2a4f16402cc05f.wav,.wav,133024,8a4b6cee9115b7d64d5523b865032c1f707110abe787a577a5f0959453738eae,True,appendix/support
outputs/lava_5/diagnostic_100/stress_audio/compression/opus_64k/d4fffc838ec52ffb01ade537.json,.json,269,8b3d6d55cc31bad0d5628c9e3f98e11bf0d0a29cc162ad36cb98ad5e25fa3bb9,True,appendix/support
outputs/lava_5/diagnostic_100/stress_audio/compression/opus_64k/d4fffc838ec52ffb01ade537.wav,.wav,262492,c77ceac8413fee2ccb41ca655e764832af14ea6613856ef7081df9f30cb34119,True,appendix/support
outputs/lava_5/diagnostic_100/stress_audio/compression/opus_64k/d97f1a7e17bce81dfa7ddefb.json,.json,269,b262e482f67db181e9e873a27d06dc5d6058e90bbeb93cb13c9da70d82bfc422,True,appendix/support
outputs/lava_5/diagnostic_100/stress_audio/compression/opus_64k/d97f1a7e17bce81dfa7ddefb.wav,.wav,262492,896cbc142da1d477c345f0f57c86764edaa618a4de4d5294f59bbbc20f9653e9,True,appendix/support
outputs/lava_5/diagnostic_100/stress_audio/compression/opus_64k/dbac3f24169ab38ddd09387d.json,.json,269,7af3a2fd557a027495a4496ba164eacd6bc38f7ddcf5f98b7c33572cb22ac90c,True,appendix/support
outputs/lava_5/diagnostic_100/stress_audio/compression/opus_64k/dbac3f24169ab38ddd09387d.wav,.wav,186720,ad5b8523fa70b7133c421f39ce0719d1e4c3930fe49a1c6a61e24ce3de711c1f,True,appendix/support
outputs/lava_5/diagnostic_100/stress_audio/compression/opus_64k/dc3988b11610bdb46c372125.json,.json,269,ac7bd457492155c39d80a86bec53ef6b2d948001f4c5e88b81fb5173d172097c,True,appendix/support
outputs/lava_5/diagnostic_100/stress_audio/compression/opus_64k/dc3988b11610bdb46c372125.wav,.wav,262492,7f5fbacb0232691e5c196a014b439e27bf2c0560ae5c676c65a3edc75ce01798,True,appendix/support
outputs/lava_5/diagnostic_100/stress_audio/compression/opus_64k/dcf8f370f478257688c620d9.json,.json,269,0e9441ca7535ebcd39d1768f01770b32cf3aaa645c5744b21e69386abb443ee8,True,appendix/support
outputs/lava_5/diagnostic_100/stress_audio/compression/opus_64k/dcf8f370f478257688c620d9.wav,.wav,262492,9fd9e1945e72d92dad00fd41fdee3ba1f996da43be7045edf436aaa50bd0dbca,True,appendix/support
outputs/lava_5/diagnostic_100/stress_audio/compression/opus_64k/deefebbe516b3ac9ac603f38.json,.json,269,f4b1c44fd78b6949ad7fdd9dcd417e3830d4f0ec29214049b7401ddf824859c6,True,appendix/support
outputs/lava_5/diagnostic_100/stress_audio/compression/opus_64k/deefebbe516b3ac9ac603f38.wav,.wav,248540,494b9059b2a1ebfac84c4f8b0bfae55a89e08eaf84c736a60d870af33bca4ebe,True,appendix/support
outputs/lava_5/diagnostic_100/stress_audio/compression/opus_64k/e5271133037754a97eb8f3b6.json,.json,269,5035f5b428cb59475d99206aa9279926df089f8d03d5106b44eb0b13450fe17e,True,appendix/support
outputs/lava_5/diagnostic_100/stress_audio/compression/opus_64k/e5271133037754a97eb8f3b6.wav,.wav,62748,f16a96d87f0cd20bee0f9b9050736bb45dfbcaba041d307e073de1b304d0cf54,True,appendix/support
outputs/lava_5/diagnostic_100/stress_audio/compression/opus_64k/ead81e3391bff14cdf44d151.json,.json,269,19f11c240d94ee61bdf7bd34e45ab34a20519f02533f904773bf68b83e46ebbb,True,appendix/support
outputs/lava_5/diagnostic_100/stress_audio/compression/opus_64k/ead81e3391bff14cdf44d151.wav,.wav,133664,43415b3a242c07f1e806c22c1583f9abc07e405d3a464ff20c4cf944dfeeb7fd,True,appendix/support
outputs/lava_5/diagnostic_100/stress_audio/compression/opus_64k/eff7b7f3f65d718535f7ce56.json,.json,269,cb7aeab7d2c722f58eac559246c31cd628e2e5853fe5763ad4c050e17a59c57f,True,appendix/support
outputs/lava_5/diagnostic_100/stress_audio/compression/opus_64k/eff7b7f3f65d718535f7ce56.wav,.wav,262492,3e8631fb06eb9d65e5a9af1010a48c89b1e87c230163c02dd5fc53e5d50c8d3b,True,appendix/support
outputs/lava_5/diagnostic_100/stress_audio/compression/opus_64k/f44a45f391f773d5b6f872e4.json,.json,269,561e9366b775b674f32d40b4b9fb585def54580589f7e4849474252739491844,True,appendix/support
outputs/lava_5/diagnostic_100/stress_audio/compression/opus_64k/f44a45f391f773d5b6f872e4.wav,.wav,178784,2a000200ee00fbde4dab4a2e439bb09ba2bbfb86efde9e6fcde1924edb3492be,True,appendix/support
outputs/lava_5/diagnostic_100/stress_audio/compression/opus_64k/f7de6bfe58bdc0a31adfd6e8.json,.json,269,2a5c4828a987347db8e881c29698e824c1cafe242e2539b8b065046d736f61e8,True,appendix/support
outputs/lava_5/diagnostic_100/stress_audio/compression/opus_64k/f7de6bfe58bdc0a31adfd6e8.wav,.wav,262492,4fb937b2d55bc7f9f812cc850b3097accd2f0e98e69915517cb39b0ffb5a8d11,True,appendix/support
outputs/lava_5/diagnostic_100/stress_audio/compression/opus_64k/faeb6ad107da2060ac39986a.json,.json,269,b1d57b13768641ec6385ff6cafa5dc45b92ee937457779675b3c9a7312568b2a,True,appendix/support
outputs/lava_5/diagnostic_100/stress_audio/compression/opus_64k/faeb6ad107da2060ac39986a.wav,.wav,120412,2daa73107dce4d467e0cf86e381b607ecb7fce54c34770663b144d278713b75c,True,appendix/support
outputs/lava_5/diagnostic_100/stress_audio/compression/opus_64k/fc60038e77e10940ab63c824.json,.json,269,61d784541d261e2e957ae8f4d875043cd5b47329cedf1d4637518fe348646f6c,True,appendix/support
outputs/lava_5/diagnostic_100/stress_audio/compression/opus_64k/fc60038e77e10940ab63c824.wav,.wav,262492,395ca940870c798a5ca7a1622ffab93c49768305ce41471b5a7640b73b6874ce,True,appendix/support
outputs/lava_5/diagnostic_100/stress_audio/compression/opus_64k/fd1036b8f7b4966e96e2c8c7.json,.json,269,490f507da1ae1bb0f02c7eebb7908e1a6a27d6ecedde3cfc7d93aae2fb3d5f7a,True,appendix/support
outputs/lava_5/diagnostic_100/stress_audio/compression/opus_64k/fd1036b8f7b4966e96e2c8c7.wav,.wav,262492,d41da6d02696cac04a8dfcfb8307e519ef41c5dffd31808c5c8cb078fecc3f67,True,appendix/support
outputs/lava_5/diagnostic_100/stress_audio/compression/opus_64k/ffdce661a5cdb9c355d86f3c.json,.json,269,21cea58f206b8e63c5257570a2dd80e27f15ecba5a08a8a5d8b8a2e14a66b800,True,appendix/support
outputs/lava_5/diagnostic_100/stress_audio/compression/opus_64k/ffdce661a5cdb9c355d86f3c.wav,.wav,262492,1b3d5a40bb0c7821c0741686ad4f87598272c858ecaebb7a15340baf582ccbcc,True,appendix/support
outputs/lava_5/diagnostic_100/stress_audio/noise/snr_0/07d9b5deb47c8c4f7a4add8f.json,.json,269,ef6080e29277189c584aff77588ad5f773edbabe95a3c674ba40e46f5f9db789,True,appendix/support
outputs/lava_5/diagnostic_100/stress_audio/noise/snr_0/07d9b5deb47c8c4f7a4add8f.wav,.wav,262480,5e6668bad3b968dc1e410a43ef832eeb2e5624a5f80af554db2ccf2a06b62a11,True,appendix/support
outputs/lava_5/diagnostic_100/stress_audio/noise/snr_0/0820dd3eab813b0e27b93e8e.json,.json,269,991a0dd351e43e55bab46aec9fedd2da86b4b61e032376d32e6a88b7e9be2faf,True,appendix/support
outputs/lava_5/diagnostic_100/stress_audio/noise/snr_0/0820dd3eab813b0e27b93e8e.wav,.wav,142100,eddce9b70e1c1aebec5dde3a4042b5eaf34e7ced82378f9aecb0bb4adc597d44,True,appendix/support
outputs/lava_5/diagnostic_100/stress_audio/noise/snr_0/0899cf09f6d50c7d88ac7f41.json,.json,269,27c92b8c004193371de8ec21490bbfd3bccb63416d27b5039c83ef6e1c673e34,True,appendix/support
outputs/lava_5/diagnostic_100/stress_audio/noise/snr_0/0899cf09f6d50c7d88ac7f41.wav,.wav,262480,1150646020dee1a81ce0e594dd537bdfa21af33a4fc36e0acd80afd54fd60563,True,appendix/support
outputs/lava_5/diagnostic_100/stress_audio/noise/snr_0/0b64d54b2ad1c742cfce0b3b.json,.json,269,374d24dfe9317e1b884fa14dc1cd79feb928f84f1e3e07010836978b24a6d474,True,appendix/support
outputs/lava_5/diagnostic_100/stress_audio/noise/snr_0/0b64d54b2ad1c742cfce0b3b.wav,.wav,235984,abb2c8277b538a3f4b317ed218c8299c34c5e52cfd97b34bd909e86e4f4cc616,True,appendix/support
outputs/lava_5/diagnostic_100/stress_audio/noise/snr_0/0ec75ca5547a5dceafb10cde.json,.json,269,327dd2462c20f805312c194b759bd4ec87ad2cc2465a521afc62fbd767e6f2cc,True,appendix/support
outputs/lava_5/diagnostic_100/stress_audio/noise/snr_0/0ec75ca5547a5dceafb10cde.wav,.wav,118096,2e223f74e2744f9b182c14c864eaecd9586a06a4e8102d793c2ef6814f887331,True,appendix/support
outputs/lava_5/diagnostic_100/stress_audio/noise/snr_0/0f5e87bc674a0d76952aba00.json,.json,269,cb515345bce7a23d9444f0909100d317d8bc194858642dc8075c7060e2beca8a,True,appendix/support
outputs/lava_5/diagnostic_100/stress_audio/noise/snr_0/0f5e87bc674a0d76952aba00.wav,.wav,262480,f689045940cb4a83f49ff0378caae61362b6eceaf23b56ba507b5cedad057c8e,True,appendix/support
outputs/lava_5/diagnostic_100/stress_audio/noise/snr_0/0fe6868f97e611c23992d12c.json,.json,269,883bc7954fd99b02c610667003e06cb696f966e80b6dfbbcbfa330dd3eaf4394,True,appendix/support
outputs/lava_5/diagnostic_100/stress_audio/noise/snr_0/0fe6868f97e611c23992d12c.wav,.wav,77136,a7422a3ca11eb9575b842d3fcdec34634af2394a8816a3bb8941491f8a076c63,True,appendix/support
outputs/lava_5/diagnostic_100/stress_audio/noise/snr_0/12838c2d174bf0558d7fc31b.json,.json,269,a9af4cfafcc65c8ee9ca86d2c64456beacd1e17a9aacafbf15f9711433b67379,True,appendix/support
outputs/lava_5/diagnostic_100/stress_audio/noise/snr_0/12838c2d174bf0558d7fc31b.wav,.wav,179220,00fd7fd5ec17b1ae0212197432605b1cce90fd3551a5b09721ec997f4626e393,True,appendix/support
outputs/lava_5/diagnostic_100/stress_audio/noise/snr_0/13803178f8dd8668d906ee39.json,.json,269,8bca25aae9c3890c836bfd831c861026189f843eccbea069d98da559436fe059,True,appendix/support
outputs/lava_5/diagnostic_100/stress_audio/noise/snr_0/13803178f8dd8668d906ee39.wav,.wav,221012,5d2e0f590cb0579c2681cb0f0cfe4f1a0bdf5acb78c95eacdf27de50e620b5db,True,appendix/support
outputs/lava_5/diagnostic_100/stress_audio/noise/snr_0/14d80c96a6550873915015e8.json,.json,269,00185f075bf17242765da6c613ab40061d2e3d63f436e0e172c1d09ae47baea3,True,appendix/support
outputs/lava_5/diagnostic_100/stress_audio/noise/snr_0/14d80c96a6550873915015e8.wav,.wav,259152,f3722921b0b4fd1efa4bcc541d0772110f495318bbad9be4832acfa429ae7cd9,True,appendix/support
outputs/lava_5/diagnostic_100/stress_audio/noise/snr_0/15b5d69cacf815ece2d95caa.json,.json,269,59afdd056bac887327402015027a3d92a6c3404f386b7c384653474adcacd6e9,True,appendix/support
outputs/lava_5/diagnostic_100/stress_audio/noise/snr_0/15b5d69cacf815ece2d95caa.wav,.wav,184148,daa31ff8a53d912787d3b60106b7a6f171afe6b308694abc0b8f43a2285fe781,True,appendix/support
outputs/lava_5/diagnostic_100/stress_audio/noise/snr_0/16519131f339da12045af5e8.json,.json,269,716ab828c06319ac58e2b67f4acf90d745c9463a92ccedd4611dcf162aa9ca94,True,appendix/support
outputs/lava_5/diagnostic_100/stress_audio/noise/snr_0/16519131f339da12045af5e8.wav,.wav,183632,5f455b17a7954854c823e753f419162ea7a86216def1ce29854596938066487e,True,appendix/support
outputs/lava_5/diagnostic_100/stress_audio/noise/snr_0/1663a8d5bb42d6a2e8c8cdc0.json,.json,269,cb854636df6359200f46331cec4a19387665a5ea212a62fb9e6933f9ebe29c46,True,appendix/support
outputs/lava_5/diagnostic_100/stress_audio/noise/snr_0/1663a8d5bb42d6a2e8c8cdc0.wav,.wav,185172,dbaef42011f331e66ee39d0e115626551062bc529a71e5179985c05403bd3756,True,appendix/support
outputs/lava_5/diagnostic_100/stress_audio/noise/snr_0/1cc0f44320dd697c694c2416.json,.json,269,e27be71fc7ac28166e50477252e484bdf3545d77ffd647c83fc554f7c6a3630e,True,appendix/support
outputs/lava_5/diagnostic_100/stress_audio/noise/snr_0/1cc0f44320dd697c694c2416.wav,.wav,262480,c02e42ecb4e9bb361e6182c424fd39860882418a2deed1379e187dd5d7890919,True,appendix/support
outputs/lava_5/diagnostic_100/stress_audio/noise/snr_0/1d05f3056ab84f705cb3db4f.json,.json,269,5ab0c3a11d0308e0929e61a138d78efbacfe874eeafff026086a10c4524a75eb,True,appendix/support
outputs/lava_5/diagnostic_100/stress_audio/noise/snr_0/1d05f3056ab84f705cb3db4f.wav,.wav,262480,97543e4e3fb62006c40a6e18dc11d4115b074430bcab3a013ea863b8b46df840,True,appendix/support
outputs/lava_5/diagnostic_100/stress_audio/noise/snr_0/20e3ba6ea5ae847fc7730906.json,.json,269,e9265395817666743b168c7ab18ee0c6b6fd834133f4586a7a8358dd4829daab,True,appendix/support
outputs/lava_5/diagnostic_100/stress_audio/noise/snr_0/20e3ba6ea5ae847fc7730906.wav,.wav,262480,e07d5923794478c655058ab570bffc9044a6a7116a7eebca1cd1d96fe3d76a1e,True,appendix/support
outputs/lava_5/diagnostic_100/stress_audio/noise/snr_0/22a52105eeb8604387537fc8.json,.json,269,c4ac420a14351b6c26b64bd700ccd4f21eb1b86a49403449029dd647991f2152,True,appendix/support
outputs/lava_5/diagnostic_100/stress_audio/noise/snr_0/22a52105eeb8604387537fc8.wav,.wav,182676,0b3b1fc2bd88d8c02ff6562211b1dc4b11ffcd1c87a2e0836fe7b53164d6349f,True,appendix/support
outputs/lava_5/diagnostic_100/stress_audio/noise/snr_0/2312c3f3be831c56c2f7d6f9.json,.json,269,8aa535c45981b4f596bb36e95c0a70a9247ff91d3cfe094cbc9ef2eaa0ff8498,True,appendix/support
outputs/lava_5/diagnostic_100/stress_audio/noise/snr_0/2312c3f3be831c56c2f7d6f9.wav,.wav,262480,bf09ce37162cc2c324cf0a1808a7d4ddd34b39516827406788bfad38daaef682,True,appendix/support
outputs/lava_5/diagnostic_100/stress_audio/noise/snr_0/23fdfd933236da9fc18b9698.json,.json,269,3aa268b33112467087210c7acdcbee3b31df1b6e01f763ffba373be74fd67842,True,appendix/support
outputs/lava_5/diagnostic_100/stress_audio/noise/snr_0/23fdfd933236da9fc18b9698.wav,.wav,208976,7c3426d9c00bcc19df9d987a61f158de366430cf5f4a0fe71229fdbb232ae26e,True,appendix/support
outputs/lava_5/diagnostic_100/stress_audio/noise/snr_0/27cc7329c4e34012808006bd.json,.json,269,5cb548fa58c4183b467d402a26d95e37c8222bd72b9485ce22d68b0922522e8d,True,appendix/support
outputs/lava_5/diagnostic_100/stress_audio/noise/snr_0/27cc7329c4e34012808006bd.wav,.wav,47060,ea7cf3773bce50944b35b8e394b19a219f99fb6422f0a03f26f1d9a77ddb29cc,True,appendix/support
outputs/lava_5/diagnostic_100/stress_audio/noise/snr_0/2bda1970d459fecae0012370.json,.json,269,6fe147781eaf033f07127f5888b74767bcaa3562a5a7553eee81cc36d54ecf5e,True,appendix/support
outputs/lava_5/diagnostic_100/stress_audio/noise/snr_0/2bda1970d459fecae0012370.wav,.wav,262480,027f48b9998580ded0dce61651446320df8e75ac749cf399bb5f38229591120a,True,appendix/support
outputs/lava_5/diagnostic_100/stress_audio/noise/snr_0/2c8db8a471cc4054151aa683.json,.json,269,f05e096631589a06415e1bff61ff897fca2afbb2cae1b83a38f663dc0f8eadf8,True,appendix/support
outputs/lava_5/diagnostic_100/stress_audio/noise/snr_0/2c8db8a471cc4054151aa683.wav,.wav,262480,e4fb5e08009cdc61b387cdf8a47380e7e8eccd7ad41c4ed35cff05429a0f0c66,True,appendix/support
outputs/lava_5/diagnostic_100/stress_audio/noise/snr_0/32bd098cdbd1405bc95276d7.json,.json,269,a3ccb57d541c0ed30419fdf02a4a6f25eb70631b9023985854bc1414f2273c13,True,appendix/support
outputs/lava_5/diagnostic_100/stress_audio/noise/snr_0/32bd098cdbd1405bc95276d7.wav,.wav,262480,9b3944aa680c6b56d56f58afc0ae590023d12079506bc0f9fc6298a349c74513,True,appendix/support
outputs/lava_5/diagnostic_100/stress_audio/noise/snr_0/388612050711ea476f656661.json,.json,269,a7b1673cf09a6b221dbcfc1c8e89517e67623ffdb9f026967815d2811bed6784,True,appendix/support
outputs/lava_5/diagnostic_100/stress_audio/noise/snr_0/388612050711ea476f656661.wav,.wav,262480,1bc4048e3a0e6ecb97f637e9323d27cc4a84a4ccfec324ece6713ebdae4332e2,True,appendix/support
outputs/lava_5/diagnostic_100/stress_audio/noise/snr_0/3d9931154b09db0ada390088.json,.json,269,10d9e174f07d1c3dd64cad7e4a3432c3db4cb3ab607ecefc928a5adb9d0e6f99,True,appendix/support
outputs/lava_5/diagnostic_100/stress_audio/noise/snr_0/3d9931154b09db0ada390088.wav,.wav,43088,173b67f468c2df44743acd605244aceea59073b55f17a46cb945590cac5b469b,True,appendix/support
outputs/lava_5/diagnostic_100/stress_audio/noise/snr_0/3e590da85ff04392bf1190fa.json,.json,269,4d0fc0f662bf92b603b33bbb9a0a4c329ce9aaf1955a0f84efc17bb1db688d49,True,appendix/support
outputs/lava_5/diagnostic_100/stress_audio/noise/snr_0/3e590da85ff04392bf1190fa.wav,.wav,160208,b311047fa5c15627598754ba78c15bd6268d08a4cc140fcd298f53a2fb0a0ade,True,appendix/support
outputs/lava_5/diagnostic_100/stress_audio/noise/snr_0/3fe55cd5eebb79613297438d.json,.json,269,45d4927bd7ed55ec1d103cbd96005f1072c403fa81e9a454ac4526af20460859,True,appendix/support
outputs/lava_5/diagnostic_100/stress_audio/noise/snr_0/3fe55cd5eebb79613297438d.wav,.wav,262480,9aa35167a90e2b22e001a9204cc5b295d95ea344526924852b3ee621c7fae0cc,True,appendix/support
outputs/lava_5/diagnostic_100/stress_audio/noise/snr_0/496c1972636422a85f2e070a.json,.json,269,27d7ef435cdcb5148fa51cacabf6546a329f8b742e4f4f068d8b2ba7f330d0d4,True,appendix/support
outputs/lava_5/diagnostic_100/stress_audio/noise/snr_0/496c1972636422a85f2e070a.wav,.wav,262480,f971aba3f84a33b2e122cbb7939a5af330cce3f3271d7de4ce12109c7160ab75,True,appendix/support
outputs/lava_5/diagnostic_100/stress_audio/noise/snr_0/4afd285ddaa5f0fcd4005176.json,.json,269,ff8303452451aa6384607eb15de9516823951bbc5069a35a204b3283d7c42158,True,appendix/support
outputs/lava_5/diagnostic_100/stress_audio/noise/snr_0/4afd285ddaa5f0fcd4005176.wav,.wav,96660,da7e97e69678568ed69f2d9cd9e5a7de8c0e52a17daaae96a0b701c97a81a9cf,True,appendix/support
outputs/lava_5/diagnostic_100/stress_audio/noise/snr_0/4f39ef17a122a3d2d30b79b8.json,.json,269,416e8449284421c2663e69077bd229649daf61930f138be106bc43629b2a3e41,True,appendix/support
outputs/lava_5/diagnostic_100/stress_audio/noise/snr_0/4f39ef17a122a3d2d30b79b8.wav,.wav,262480,ae27d4c80df7f28519afec021cc905a6355b35365788718ff5159104bae1dadf,True,appendix/support
outputs/lava_5/diagnostic_100/stress_audio/noise/snr_0/5192c39d22744c82e8f05ebc.json,.json,269,68bd4ba686e8c4d14cb4cd9f4f77508c4a00d18ced1c6b16f6e86ecb3822e2df,True,appendix/support
outputs/lava_5/diagnostic_100/stress_audio/noise/snr_0/5192c39d22744c82e8f05ebc.wav,.wav,182484,708294f1b4eaf5d2a7ebe696104de99486132a018e8c90a92d622a3b6cb3e4ab,True,appendix/support
outputs/lava_5/diagnostic_100/stress_audio/noise/snr_0/5351182494dd9c7262224149.json,.json,269,e61654329284e841ea90fb3ebff3598b266f62a36d66f84d94198878b8502c44,True,appendix/support
outputs/lava_5/diagnostic_100/stress_audio/noise/snr_0/5351182494dd9c7262224149.wav,.wav,723320,09beb09586a24daafdfd0b019d77e006396feeac13a6d232321b8c7ac792482d,True,appendix/support
outputs/lava_5/diagnostic_100/stress_audio/noise/snr_0/5625dac162e4cd16afe7ec00.json,.json,269,f5f327958425b093a1322cec10e2e19f7443c3843d9548e2ca9fe81013123cde,True,appendix/support
outputs/lava_5/diagnostic_100/stress_audio/noise/snr_0/5625dac162e4cd16afe7ec00.wav,.wav,100688,61339b866727562138bbc8d77de3e8d61ccd2ce1cebe82454e4fbc78fbb2746e,True,appendix/support
outputs/lava_5/diagnostic_100/stress_audio/noise/snr_0/563cfc6338490ec7146f4047.json,.json,269,9318df42dbf7753373fc5aa1afdabe85477b79a4ed74f81e92c8ca2a92861a47,True,appendix/support
outputs/lava_5/diagnostic_100/stress_audio/noise/snr_0/563cfc6338490ec7146f4047.wav,.wav,262480,e284a891847320db0284194191b6da1e1b329bdb932f6caa2d405ee227df3c75,True,appendix/support
outputs/lava_5/diagnostic_100/stress_audio/noise/snr_0/5c43dec240130e4c8e1f5af1.json,.json,269,a3116374b16c90609b71d68d16ea398226f6ad2c72de32e0aa0dbce8d2db504c,True,appendix/support
outputs/lava_5/diagnostic_100/stress_audio/noise/snr_0/5c43dec240130e4c8e1f5af1.wav,.wav,187152,c2a26ed9c3f3c0d06bfda43302257b5c371c1b521ea087362f05eb26df140ae5,True,appendix/support
outputs/lava_5/diagnostic_100/stress_audio/noise/snr_0/5f00cfa3ef4f1bc1c7af915f.json,.json,269,7ecb48d31ff127b1729909f457cb56708591eb6f77b73bf5371d25ea059388e7,True,appendix/support
outputs/lava_5/diagnostic_100/stress_audio/noise/snr_0/5f00cfa3ef4f1bc1c7af915f.wav,.wav,195540,f81fc203b90658afc581997611242871fd3cbcc396cdc1ae69a987a794bed60a,True,appendix/support
outputs/lava_5/diagnostic_100/stress_audio/noise/snr_0/65fa114084c78e3fa2ccb4c4.json,.json,269,5242b58a4ed44ba9f32efd4354bd8b20fb55f5bc079472b705d6c4baa8e6f146,True,appendix/support
outputs/lava_5/diagnostic_100/stress_audio/noise/snr_0/65fa114084c78e3fa2ccb4c4.wav,.wav,47252,6501a0fe8c0f369282b70f7b42be89bb13436701c9552ba7d07001559fbfd026,True,appendix/support
outputs/lava_5/diagnostic_100/stress_audio/noise/snr_0/670e2ee7e3a1b0b302c5c029.json,.json,269,3b2264d4c4aab872537e5895cccd8da917d95b73c62ab38d2ea030fae94fc9bf,True,appendix/support
outputs/lava_5/diagnostic_100/stress_audio/noise/snr_0/670e2ee7e3a1b0b302c5c029.wav,.wav,191312,3d1ade0e48fb9356d6a72caf9321d2554d8da961260fde4bd4620cad55477a77,True,appendix/support
outputs/lava_5/diagnostic_100/stress_audio/noise/snr_0/69e58b63212e94fad9531cf8.json,.json,269,a573c829eb11d6d8228be16c977ca3c1bbc1e999aaf28559857818dc9618a754,True,appendix/support
outputs/lava_5/diagnostic_100/stress_audio/noise/snr_0/69e58b63212e94fad9531cf8.wav,.wav,262480,035c33aa09ad5e6e3ce6a7ead5f5a9ad87f25bee21c0c3d8a5cd50ad26d5253e,True,appendix/support
outputs/lava_5/diagnostic_100/stress_audio/noise/snr_0/6a6744f2df1e37d04b424700.json,.json,269,9a150f78ac83fb4ccc9edb04845b8367307523226db285a539a589065552e323,True,appendix/support
outputs/lava_5/diagnostic_100/stress_audio/noise/snr_0/6a6744f2df1e37d04b424700.wav,.wav,72016,d83585b99f59d97e1c6b4ca97f03ccb7aa62de18691c9635ca01f8324bdb741c,True,appendix/support
outputs/lava_5/diagnostic_100/stress_audio/noise/snr_0/6b25544eba298359a41e3cda.json,.json,269,9bb78229f2ce7a067d7337d1ebbefcc99fa07ed42593c1166daa74e41a527186,True,appendix/support
outputs/lava_5/diagnostic_100/stress_audio/noise/snr_0/6b25544eba298359a41e3cda.wav,.wav,42768,e261aff521d72ff7bc2f11e6c5838513be1a6d45e10f59d86aacd429f40d2171,True,appendix/support
outputs/lava_5/diagnostic_100/stress_audio/noise/snr_0/6ba0bdb847ca9a4ac515e0b3.json,.json,269,ce0165730e206c21b64ccff5dc45a0de5f8592581b743f5a7d81440215c79f77,True,appendix/support
outputs/lava_5/diagnostic_100/stress_audio/noise/snr_0/6ba0bdb847ca9a4ac515e0b3.wav,.wav,65040,21b0597e34cb6173f654bbf0cf7edea0155016cfac3a742d806219b188acfbda,True,appendix/support
outputs/lava_5/diagnostic_100/stress_audio/noise/snr_0/70acb10251feb1ba60704d3d.json,.json,269,e5418add6d99655ed045ce0f3d72b9693471dd9684650c7038a2940150ca7b04,True,appendix/support
outputs/lava_5/diagnostic_100/stress_audio/noise/snr_0/70acb10251feb1ba60704d3d.wav,.wav,110672,394fb1c82bf92d64f8a2231f95b05b13f9e49c0803bdce81d846fcfad810086d,True,appendix/support
outputs/lava_5/diagnostic_100/stress_audio/noise/snr_0/716d883d011d7ae890ad651a.json,.json,269,1c158e6b3cc624d434c0f1ac4068c45c8f5a558c71d757fb1f83be806e751f14,True,appendix/support
outputs/lava_5/diagnostic_100/stress_audio/noise/snr_0/716d883d011d7ae890ad651a.wav,.wav,262480,c024632a7bc5ebe5822de0d7f8128f39e750c4bc1439f0e8a713617be0f86905,True,appendix/support
outputs/lava_5/diagnostic_100/stress_audio/noise/snr_0/71efb74aba0dbca8edbaf96d.json,.json,269,4aadae19605c4fc05ca8e2bff3891c86c49748564b351ec9e640ab5434cc40fe,True,appendix/support
outputs/lava_5/diagnostic_100/stress_audio/noise/snr_0/71efb74aba0dbca8edbaf96d.wav,.wav,262480,f3cd06fb723bdfc3f5844bc5c484e5f65de62bd0372d2f0c77f5e958194309da,True,appendix/support
outputs/lava_5/diagnostic_100/stress_audio/noise/snr_0/724688588871a9e8ec972876.json,.json,269,a0d33210a447cb453c616c68ce3e26f539e00bbcce776d6609b7d87bd22e3457,True,appendix/support
outputs/lava_5/diagnostic_100/stress_audio/noise/snr_0/724688588871a9e8ec972876.wav,.wav,259024,df79a445ea90e2b7577b5960602af87e07dff8d10922584b4d58ce25a1b065bb,True,appendix/support
outputs/lava_5/diagnostic_100/stress_audio/noise/snr_0/76db2453d9db2a13cbb2ac04.json,.json,269,f3a4ec4dc7d2e46a92031dad8c85b6a93bffa0334e0d71b8452e32287253fbb1,True,appendix/support
outputs/lava_5/diagnostic_100/stress_audio/noise/snr_0/76db2453d9db2a13cbb2ac04.wav,.wav,222676,f484f9ea9d962011f9d84c54c885e5c6b53a77bce16ea149358c9d9fbb118c65,True,appendix/support
outputs/lava_5/diagnostic_100/stress_audio/noise/snr_0/774af2f26f8eed3ad5281fe7.json,.json,269,552d1271fd1021428582e341a94002061a31d2b37b242d6f292f40fffdaf2ebe,True,appendix/support
outputs/lava_5/diagnostic_100/stress_audio/noise/snr_0/774af2f26f8eed3ad5281fe7.wav,.wav,175440,b795f75be8bc743e0643a70fdc92943569ee14aee48c42f310d991bcf047785e,True,appendix/support
outputs/lava_5/diagnostic_100/stress_audio/noise/snr_0/78e5829afd3e6864e5e71c73.json,.json,269,7cb205310c258152d569008c8bf65143710b0cd649e59f341fe1f97b1d700253,True,appendix/support
outputs/lava_5/diagnostic_100/stress_audio/noise/snr_0/78e5829afd3e6864e5e71c73.wav,.wav,183184,bc27f72c358d868e656b2776ea7d39407d1df02a21e847ce6de8c69e39162a9d,True,appendix/support
outputs/lava_5/diagnostic_100/stress_audio/noise/snr_0/7a17be8240fb81d00748f3f1.json,.json,269,1a43340dcdffc9bc02d4677a9fcca50a013c9e55594dd2097866fc92c697ec23,True,appendix/support
outputs/lava_5/diagnostic_100/stress_audio/noise/snr_0/7a17be8240fb81d00748f3f1.wav,.wav,89620,28caffaf590b358c6e20f403d8238e2d65e4a8e95e4d81ce286798529e60230b,True,appendix/support
outputs/lava_5/diagnostic_100/stress_audio/noise/snr_0/7d3533480083913870e624e1.json,.json,269,e681dee5ba406a35ab131435d83869d331907f8854d433a178dbb3534a30d865,True,appendix/support
outputs/lava_5/diagnostic_100/stress_audio/noise/snr_0/7d3533480083913870e624e1.wav,.wav,213460,173fffa68d8e0614610e21bd0afeac77910bec64af31eb4dd9af61490a6feeac,True,appendix/support
outputs/lava_5/diagnostic_100/stress_audio/noise/snr_0/84dc75fc1ebb7bb994ab3928.json,.json,269,7406dce10608c9a43a99e5c903132ca4d77c3f0a8bba194aef4b9dea728edc76,True,appendix/support
outputs/lava_5/diagnostic_100/stress_audio/noise/snr_0/84dc75fc1ebb7bb994ab3928.wav,.wav,51664,7cd9b88b4fbb40232e07aa2b0ad73d1123f7bf395590cb18c52ac999687076d5,True,appendix/support
outputs/lava_5/diagnostic_100/stress_audio/noise/snr_0/8837468e1872f56406fb42eb.json,.json,269,94d46c8d3e8a02348fd1d919e0cae521660395aee83d13f6f59074aad378678b,True,appendix/support
outputs/lava_5/diagnostic_100/stress_audio/noise/snr_0/8837468e1872f56406fb42eb.wav,.wav,128848,66cd1722606c9e7e455df9370b5fcbb33f62140c49d2a48ff3ac29dfa3c4b9c5,True,appendix/support
outputs/lava_5/diagnostic_100/stress_audio/noise/snr_0/8dfea62bd956d74432a23ebe.json,.json,269,69eab91031d024d184568b6bd96e6b96668533ea25b0c4642077e5596355e584,True,appendix/support
outputs/lava_5/diagnostic_100/stress_audio/noise/snr_0/8dfea62bd956d74432a23ebe.wav,.wav,262480,46370bda59d83650555ebc8155b8e03c09a79d65cfdfcab7822bd34f91d7a8b9,True,appendix/support
outputs/lava_5/diagnostic_100/stress_audio/noise/snr_0/8f4b5a526d8509d6c28e4e1f.json,.json,269,cc534a8ef71c93b47195bd3a584c40d9444efca354d1fad832b9738a33860142,True,appendix/support
outputs/lava_5/diagnostic_100/stress_audio/noise/snr_0/8f4b5a526d8509d6c28e4e1f.wav,.wav,262480,0d7b2132a299e612c67117e59c19d6c7abb9cd82fdb05190c4ebc2c200994438,True,appendix/support
outputs/lava_5/diagnostic_100/stress_audio/noise/snr_0/8f733fb9d55b72bc5f2eed54.json,.json,269,57a6ed656a564cb9f1bf47bcb59ee92f0db5c89eec7d855b6af6156dce987a4a,True,appendix/support
outputs/lava_5/diagnostic_100/stress_audio/noise/snr_0/8f733fb9d55b72bc5f2eed54.wav,.wav,193744,f79c96e8b547b2fc68b0c5eab409e0a7f66c561bc096cdb7867a8013055f9238,True,appendix/support
outputs/lava_5/diagnostic_100/stress_audio/noise/snr_0/8f7ceda91962e32fc2b5f66e.json,.json,269,6e23a8e7d86ebcbddc4366eb5bf5b2d31e08884eaaac3ba2912b72f291c5cab1,True,appendix/support
outputs/lava_5/diagnostic_100/stress_audio/noise/snr_0/8f7ceda91962e32fc2b5f66e.wav,.wav,72532,45bd99ffb663ba1ce3fb2b13b0382d3e5badd4e01e19c2359eacf48aecea630c,True,appendix/support
outputs/lava_5/diagnostic_100/stress_audio/noise/snr_0/90d03bb99515f26ce1227834.json,.json,269,b30d57a1cda49ec1645aae5ae0bf8db5dd4fa114d59f211f054af18b20d633f9,True,appendix/support
outputs/lava_5/diagnostic_100/stress_audio/noise/snr_0/90d03bb99515f26ce1227834.wav,.wav,109328,b958e18fe727fef290db5ecc17cdb1d59e22fde0465b32abb92b26c7eb524744,True,appendix/support
outputs/lava_5/diagnostic_100/stress_audio/noise/snr_0/9333e9dd36bcb45439be4efc.json,.json,269,5bc3e661c7b41f7520054fc8a3ab5f52f39b16e583a9c06ef6409a3c73d8b081,True,appendix/support
outputs/lava_5/diagnostic_100/stress_audio/noise/snr_0/9333e9dd36bcb45439be4efc.wav,.wav,262480,dcf492c7fed1e007a1199b5bab3c32fc31dd4d80139601b7959fbe5b18f3bba2,True,appendix/support
outputs/lava_5/diagnostic_100/stress_audio/noise/snr_0/9b28a9b42c335e11e04f958e.json,.json,269,bca4bb51c2ca20d9da102bc1d545dcacf472d7b8ce0bb46688adf7766756d6a0,True,appendix/support
outputs/lava_5/diagnostic_100/stress_audio/noise/snr_0/9b28a9b42c335e11e04f958e.wav,.wav,212816,a07697a6c0b0a24eb9f80fba071e76512f9e89a0a355ee38b80de372bfa90250,True,appendix/support
outputs/lava_5/diagnostic_100/stress_audio/noise/snr_0/9d179165adfea51f5cd4e20f.json,.json,269,245aca792e74fcbc49f04a742d47daca2dea9954969f400e372d0cfdc0d9dcfa,True,appendix/support
outputs/lava_5/diagnostic_100/stress_audio/noise/snr_0/9d179165adfea51f5cd4e20f.wav,.wav,190928,39d88786815c5f845da2ca089cbe64fc1ba4209641c3393d4e48cc1e4e121f1b,True,appendix/support
outputs/lava_5/diagnostic_100/stress_audio/noise/snr_0/9f0918d28116126e7269f4e6.json,.json,269,a34f9a4722a729622b0da3dfb47c2e6a694ace09f6c90124824625c9fead19e2,True,appendix/support
outputs/lava_5/diagnostic_100/stress_audio/noise/snr_0/9f0918d28116126e7269f4e6.wav,.wav,262480,fc5ce82c51e8b89a3d7a7533bc45ed962bb5b98ad47fed7b06e89a63a73b8b05,True,appendix/support
outputs/lava_5/diagnostic_100/stress_audio/noise/snr_0/9f1fdcfd9d149c9f93a019bb.json,.json,269,97f9353867f7a7b0593467df173b9b092f153023bcb3e030f780f4c5a2370b6a,True,appendix/support
outputs/lava_5/diagnostic_100/stress_audio/noise/snr_0/9f1fdcfd9d149c9f93a019bb.wav,.wav,89744,80afff86837575b1636c3912366c934f2d42a7889953342e037872edd0233f9d,True,appendix/support
outputs/lava_5/diagnostic_100/stress_audio/noise/snr_0/a2b6797ebeaec85e9f2f606b.json,.json,269,ae20e24e02068121e99e1e1b15038f801f831558da8f52eecded858644f5ea2a,True,appendix/support
outputs/lava_5/diagnostic_100/stress_audio/noise/snr_0/a2b6797ebeaec85e9f2f606b.wav,.wav,262480,7bb58d715cc46aea3d099c5f40703c2201e345e13dbb8bca6e2614022c0c8120,True,appendix/support
outputs/lava_5/diagnostic_100/stress_audio/noise/snr_0/a81ba9f3564487c5c5ad6083.json,.json,269,b8e23b21f531e8ccb222d44872ce4ac65331bbf5a887e18fdd65b8b0691fe8b9,True,appendix/support
outputs/lava_5/diagnostic_100/stress_audio/noise/snr_0/a81ba9f3564487c5c5ad6083.wav,.wav,111504,2dfdfb6e38619f524120559d2b1e9243bf58c93bfd6d5021b1ba1853b7cbd430,True,appendix/support
outputs/lava_5/diagnostic_100/stress_audio/noise/snr_0/a9dfa080432da2cb38c10a36.json,.json,269,e62782dad1e03228b2ad6377f06c7b358e7074693e3602a175dc95a38c03b328,True,appendix/support
outputs/lava_5/diagnostic_100/stress_audio/noise/snr_0/a9dfa080432da2cb38c10a36.wav,.wav,195152,aa983aa98a00c7e11232d9038fcda44c0669cb525d860e9f863358082cb102b5,True,appendix/support
outputs/lava_5/diagnostic_100/stress_audio/noise/snr_0/aa175eb8bb09da4aca353fbc.json,.json,269,097601fb70653620134c8080e2d8b3e6b9dfbac195416d871bf8a9f6d3af9504,True,appendix/support
outputs/lava_5/diagnostic_100/stress_audio/noise/snr_0/aa175eb8bb09da4aca353fbc.wav,.wav,478124,a9eac993d21f51326c0044dca8c48627d2c90fae33d7433a653542ccce51762c,True,appendix/support
outputs/lava_5/diagnostic_100/stress_audio/noise/snr_0/ab8e4cf7200bdca9d708710c.json,.json,269,7f0231295beef3e44bfdb8f7a217ac862642c55ef7d4c18346df23ed486b2008,True,appendix/support
outputs/lava_5/diagnostic_100/stress_audio/noise/snr_0/ab8e4cf7200bdca9d708710c.wav,.wav,262480,0fe17cacf210b1b1b9dc202df0ef4cb6eed8f7c1b1b3bad3364de9c3931a0435,True,appendix/support
outputs/lava_5/diagnostic_100/stress_audio/noise/snr_0/ae905c6b72d158aeaf1cf62e.json,.json,269,4a1c5963de351d01df740048c3613c8ff2f5715fd0b5e20dbca60a8d40dee7d9,True,appendix/support
outputs/lava_5/diagnostic_100/stress_audio/noise/snr_0/ae905c6b72d158aeaf1cf62e.wav,.wav,191700,c032d82c61298ed4ed620aec0eedaccbe6d2fffc1a0411c870f6197eecf82749,True,appendix/support
outputs/lava_5/diagnostic_100/stress_audio/noise/snr_0/af4a5345e3991cecef3aae8a.json,.json,269,6cf521da1c04da6d3b6c59a248a47eb1aef7a82e483f65b74c09a8ad1db1ba6e,True,appendix/support
outputs/lava_5/diagnostic_100/stress_audio/noise/snr_0/af4a5345e3991cecef3aae8a.wav,.wav,171284,95f4486c031641fa43d7dd70e8c8d521d3b084c0713db17d02aec3b48b14703d,True,appendix/support
outputs/lava_5/diagnostic_100/stress_audio/noise/snr_0/b119d883b5c17cd91903587c.json,.json,269,eb69dce08e81068132aaa2e6522c4c2352f045d1587488902e0dc94a78e3c8fc,True,appendix/support
outputs/lava_5/diagnostic_100/stress_audio/noise/snr_0/b119d883b5c17cd91903587c.wav,.wav,139600,508832a10e0799ce85e5d34a3249ec99c879a40082cec3ed91ccb956ecb3f904,True,appendix/support
outputs/lava_5/diagnostic_100/stress_audio/noise/snr_0/b48e5c014630e6e9fd9b8663.json,.json,269,7cb3ef37fa17420a6fb3b84797f17919a5867125ac476a51f4c443d6bf5b0c6b,True,appendix/support
outputs/lava_5/diagnostic_100/stress_audio/noise/snr_0/b48e5c014630e6e9fd9b8663.wav,.wav,145812,ffabc07e32770bd38fb29c8f99d38eebaaacbbbd2a7727e8bc3d022722af021c,True,appendix/support
outputs/lava_5/diagnostic_100/stress_audio/noise/snr_0/bb4a298808e45fe2abc20548.json,.json,269,40f4eaeb0170e8be2d53c915fe163d6a1452319e6f1c48d0df8b156ce34ebcec,True,appendix/support
outputs/lava_5/diagnostic_100/stress_audio/noise/snr_0/bb4a298808e45fe2abc20548.wav,.wav,225940,5f161ea2cd76e7674cc2ddbce52f38efe23d28bb97a09d81dc5c27fc322b66a6,True,appendix/support
outputs/lava_5/diagnostic_100/stress_audio/noise/snr_0/bca256c04342e6f21518f4ed.json,.json,269,74b9b07e0ae124c201feeba603bbdd14d494144942a359168bd420f7bf64b08d,True,appendix/support
outputs/lava_5/diagnostic_100/stress_audio/noise/snr_0/bca256c04342e6f21518f4ed.wav,.wav,262480,45823311937cf720210d11462cfdb3b876b9eba87b03a4f6190e8bd68c971476,True,appendix/support
outputs/lava_5/diagnostic_100/stress_audio/noise/snr_0/bcf90da5d8f365547625d06e.json,.json,269,a7bea6b6c71c75c414a0dfef14cea3044fde2327c9c1c367938e176c4491cc56,True,appendix/support
outputs/lava_5/diagnostic_100/stress_audio/noise/snr_0/bcf90da5d8f365547625d06e.wav,.wav,137232,7fc6a4d2b8c6242a591783ae5f15d21bfc790f4d4834b394bb09bdcd56cf8f8c,True,appendix/support
outputs/lava_5/diagnostic_100/stress_audio/noise/snr_0/be23031a7c89418cd367d2b6.json,.json,269,3749de6d38bc71e559f68023f1337e11332fab37ea070a00796e93f753e28211,True,appendix/support
outputs/lava_5/diagnostic_100/stress_audio/noise/snr_0/be23031a7c89418cd367d2b6.wav,.wav,262480,433a9ea1023e6237862221858980339841ce7c966c4b6a05d6048b61ee77560d,True,appendix/support
outputs/lava_5/diagnostic_100/stress_audio/noise/snr_0/bf79c7858fa88bf58a01c563.json,.json,269,819ba537ae0406500d6713a3b92477018ca0d62498269f68e5867e9408d37d7c,True,appendix/support
outputs/lava_5/diagnostic_100/stress_audio/noise/snr_0/bf79c7858fa88bf58a01c563.wav,.wav,262480,fe6fb083421ed89dd1b5ccbbd60dfa22655b58d1ab5f7822156a99e1bc77a27b,True,appendix/support
outputs/lava_5/diagnostic_100/stress_audio/noise/snr_0/c19a55980675a8655f10cb86.json,.json,269,99ad7456ec9ed65947fb87b758724f1782324ffdda06bb4ab4847a5f685af1ae,True,appendix/support
outputs/lava_5/diagnostic_100/stress_audio/noise/snr_0/c19a55980675a8655f10cb86.wav,.wav,82964,e5c29862d84fa1689a36ea663af46750511d357a2064b22c9376448f7f80b843,True,appendix/support
outputs/lava_5/diagnostic_100/stress_audio/noise/snr_0/c31e2f1d29e4bd849b1979ec.json,.json,269,9d8cfc3fddf6b8b063b41a20a08bc51c2da9a27072fc7b897b2a0ef3a5db3da7,True,appendix/support
outputs/lava_5/diagnostic_100/stress_audio/noise/snr_0/c31e2f1d29e4bd849b1979ec.wav,.wav,262480,976ed55dc56b4c481269600ce22c10493867739a5ab76a8a097077e3b5754d94,True,appendix/support
outputs/lava_5/diagnostic_100/stress_audio/noise/snr_0/c8fc323333c786b01aee38cc.json,.json,269,f97925cb0529def09622a0908c11b20e83946277f8b08b072d22dba7ad28cfd1,True,appendix/support
outputs/lava_5/diagnostic_100/stress_audio/noise/snr_0/c8fc323333c786b01aee38cc.wav,.wav,262480,239e218437abfbd58153ceac8cc0b8a7af4429a5a10b34a7dee2236813802657,True,appendix/support
outputs/lava_5/diagnostic_100/stress_audio/noise/snr_0/cb0d4895cd4931043d5add9a.json,.json,269,4614e3c4b52b93ef47538e9ad63a26b7fcf15161e465fd07ec4d3e5bdab1fe8c,True,appendix/support
outputs/lava_5/diagnostic_100/stress_audio/noise/snr_0/cb0d4895cd4931043d5add9a.wav,.wav,176208,be79a469d658a763919fda51d0b21dbdcff19e4eae08257be3232a96c482a680,True,appendix/support
outputs/lava_5/diagnostic_100/stress_audio/noise/snr_0/cb2b10d7e455110be82f03cf.json,.json,269,2b62f975ce888f32fa033d08b03704504ccb53312bd6b2f0572690648849803e,True,appendix/support
outputs/lava_5/diagnostic_100/stress_audio/noise/snr_0/cb2b10d7e455110be82f03cf.wav,.wav,172368,ed09ed4d657925232e6db774ec8cd639e6af0bc98ea90b66c4aa3aff123b1cc5,True,appendix/support
outputs/lava_5/diagnostic_100/stress_audio/noise/snr_0/cb5fcbd2d9232dd2c54d2bae.json,.json,269,32d7cc92af0d2825f9b4c2249d4c770ca5151817edbd54010140c7b21acc4c8a,True,appendix/support
outputs/lava_5/diagnostic_100/stress_audio/noise/snr_0/cb5fcbd2d9232dd2c54d2bae.wav,.wav,262480,2090ad70ce9b0e1a7454ec0b692b1a21a07f905e3e1c329a7754c68369b2d20c,True,appendix/support
outputs/lava_5/diagnostic_100/stress_audio/noise/snr_0/ced0cb1635b69f6c2589670f.json,.json,269,b7a276c9772388ed4e7291445390656e7d4c686ffa3da9597c2c4a83be3980cc,True,appendix/support
outputs/lava_5/diagnostic_100/stress_audio/noise/snr_0/ced0cb1635b69f6c2589670f.wav,.wav,103188,58817b6defca30600741e8d0b6b9cadabe73e02897d2bae77b4cfccf079a7bf4,True,appendix/support
outputs/lava_5/diagnostic_100/stress_audio/noise/snr_0/d30113a70f2a4f16402cc05f.json,.json,269,7c675d155b50f9af3426fd660e3da941e8b23ab856c8581e362ab254efea6ae0,True,appendix/support
outputs/lava_5/diagnostic_100/stress_audio/noise/snr_0/d30113a70f2a4f16402cc05f.wav,.wav,133012,23740959b0011345df254e57a6515ee007a7028b111e65f676e62c4337bf5568,True,appendix/support
outputs/lava_5/diagnostic_100/stress_audio/noise/snr_0/d4fffc838ec52ffb01ade537.json,.json,269,5bdad8c0f92d1bdefb990261fedf881fb54a96acaaeadeea507120248ec9f128,True,appendix/support
outputs/lava_5/diagnostic_100/stress_audio/noise/snr_0/d4fffc838ec52ffb01ade537.wav,.wav,262480,1bca9ecd27d802d8ec1db1b5c98b25938f4b7b5cb423ff57a0d863fb4b58d137,True,appendix/support
outputs/lava_5/diagnostic_100/stress_audio/noise/snr_0/d97f1a7e17bce81dfa7ddefb.json,.json,269,e6cae2759366cf13dbeb72e02767daac4636780c0b479bafbe926f3ed8864a2b,True,appendix/support
outputs/lava_5/diagnostic_100/stress_audio/noise/snr_0/d97f1a7e17bce81dfa7ddefb.wav,.wav,262480,8a8b23c9b613468127286225f8a89885ffbaa68c8ac08ce9afd6774c22696f83,True,appendix/support
outputs/lava_5/diagnostic_100/stress_audio/noise/snr_0/dbac3f24169ab38ddd09387d.json,.json,269,8d45afe05b3fc89bd81ed52b03f0425da5ca6b304f131aec7703da759f24fa5d,True,appendix/support
outputs/lava_5/diagnostic_100/stress_audio/noise/snr_0/dbac3f24169ab38ddd09387d.wav,.wav,186708,bff28e49d8529db9f4970acc76040da34efa3856868d7ad1d08e965c3b09f39e,True,appendix/support
outputs/lava_5/diagnostic_100/stress_audio/noise/snr_0/dc3988b11610bdb46c372125.json,.json,269,f260e3b2b61da0c41896c8672fc8c94d44b5e5009079764ad53738e0fffeedc7,True,appendix/support
outputs/lava_5/diagnostic_100/stress_audio/noise/snr_0/dc3988b11610bdb46c372125.wav,.wav,262480,d6a66890ce75bed1b8dec3a4cd72d9164beab629a3b69a35f50c9507bc87432e,True,appendix/support
outputs/lava_5/diagnostic_100/stress_audio/noise/snr_0/dcf8f370f478257688c620d9.json,.json,269,763cbc9bd80e4e0d3eaf9ae523d98529a583751271394329ed3e4aae0258fcee,True,appendix/support
outputs/lava_5/diagnostic_100/stress_audio/noise/snr_0/dcf8f370f478257688c620d9.wav,.wav,262480,5db7f8b9edb8c10bacc53225d98d9d53ef101b5a91226c9074a74821724cdb9b,True,appendix/support
outputs/lava_5/diagnostic_100/stress_audio/noise/snr_0/deefebbe516b3ac9ac603f38.json,.json,269,ee5f25b6d1cb1f3c86b8ece9a2dbb5ccf02ee50e213ad09fc57aabab0dae9c5c,True,appendix/support
outputs/lava_5/diagnostic_100/stress_audio/noise/snr_0/deefebbe516b3ac9ac603f38.wav,.wav,248528,74c234cefcd4ee33c5d7ba5e98881a66d400b7d82637f8743b9240a871e12909,True,appendix/support
outputs/lava_5/diagnostic_100/stress_audio/noise/snr_0/e5271133037754a97eb8f3b6.json,.json,269,853f5eb55b23cb2a1c5cd01380cdcd2bedc8d7aad8871905417359303a95b259,True,appendix/support
outputs/lava_5/diagnostic_100/stress_audio/noise/snr_0/e5271133037754a97eb8f3b6.wav,.wav,62736,e8d2a7391e33cb27afaf479ba6cf0d6b5382559dd4596a5053914c87640de9fa,True,appendix/support
outputs/lava_5/diagnostic_100/stress_audio/noise/snr_0/ead81e3391bff14cdf44d151.json,.json,269,8bdf50cbf1305ba512ed59e102c72fac256023b2de7b354d5511f3755bf9c881,True,appendix/support
outputs/lava_5/diagnostic_100/stress_audio/noise/snr_0/ead81e3391bff14cdf44d151.wav,.wav,133652,f023591f3141dc89ec7ddb27226a190bbc883bee899ecc43dc821d89924545f4,True,appendix/support
outputs/lava_5/diagnostic_100/stress_audio/noise/snr_0/eff7b7f3f65d718535f7ce56.json,.json,269,ced7035e7c97f1d47b692619305720ebfb10f6aca713894c7d2439fade854df4,True,appendix/support
outputs/lava_5/diagnostic_100/stress_audio/noise/snr_0/eff7b7f3f65d718535f7ce56.wav,.wav,262480,347e98d70da46fe9c42c55fb66e45bf2595e4b8ce3675fa5305207883533f6a9,True,appendix/support
outputs/lava_5/diagnostic_100/stress_audio/noise/snr_0/f44a45f391f773d5b6f872e4.json,.json,269,0d7f30c90b1ed93b3465fec458ee711ade7a85f48d68df0317fc0800caf08afc,True,appendix/support
outputs/lava_5/diagnostic_100/stress_audio/noise/snr_0/f44a45f391f773d5b6f872e4.wav,.wav,178772,c7f9a53e9e9656a9dadcbfc01d4c013e46f020cf9c9b693d49a74ac2d806c8f0,True,appendix/support
outputs/lava_5/diagnostic_100/stress_audio/noise/snr_0/f7de6bfe58bdc0a31adfd6e8.json,.json,269,73d969eecf7a8c70110110c697afceb23040930db4bb385932b4770ce0755be4,True,appendix/support
outputs/lava_5/diagnostic_100/stress_audio/noise/snr_0/f7de6bfe58bdc0a31adfd6e8.wav,.wav,262480,78ef392a6aa37f82dfbc6d179d28e647b09a903472b275d90acb081630432833,True,appendix/support
outputs/lava_5/diagnostic_100/stress_audio/noise/snr_0/faeb6ad107da2060ac39986a.json,.json,269,fc033c0d6248691066d2096646750a8563f3db86575638f8060e894343d0bcaf,True,appendix/support
outputs/lava_5/diagnostic_100/stress_audio/noise/snr_0/faeb6ad107da2060ac39986a.wav,.wav,120400,caa4e6af70442402ee528cec1e57d2736d3fad0e4b281f7cf6e29beb2d7e3c8a,True,appendix/support
outputs/lava_5/diagnostic_100/stress_audio/noise/snr_0/fc60038e77e10940ab63c824.json,.json,269,7967965929c5581d196372d11cad5ccfb43fcfd1a8fe2f8889c841ead11779d4,True,appendix/support
outputs/lava_5/diagnostic_100/stress_audio/noise/snr_0/fc60038e77e10940ab63c824.wav,.wav,262480,a906e31af2d45a26aa803d70cd6347fb07b1611833d6e04753a3c68314550679,True,appendix/support
outputs/lava_5/diagnostic_100/stress_audio/noise/snr_0/fd1036b8f7b4966e96e2c8c7.json,.json,269,b8a5f039237e4fa90544bbee2680cf11cdb8a534d299d3394e822259a066e954,True,appendix/support
outputs/lava_5/diagnostic_100/stress_audio/noise/snr_0/fd1036b8f7b4966e96e2c8c7.wav,.wav,262480,3ac48e599a63e860d0840b9169307d153036680a21460542602962cb9b6e2993,True,appendix/support
outputs/lava_5/diagnostic_100/stress_audio/noise/snr_0/ffdce661a5cdb9c355d86f3c.json,.json,269,3aa26f7b562dd9ba0bf4634bba557d4be95efb36a020373080bfe6d257f1cfd5,True,appendix/support
outputs/lava_5/diagnostic_100/stress_audio/noise/snr_0/ffdce661a5cdb9c355d86f3c.wav,.wav,262480,2aa3507a3ada9d3386586ba866c8380b380f9b74ff6b3f5e6537cf592f239711,True,appendix/support
outputs/lava_5/diagnostic_100/stress_audio/noise/snr_10/07d9b5deb47c8c4f7a4add8f.json,.json,269,833fea68e6798e8753914f8ee9a16e51cb8b6c75babacfdd5e05a249ed221235,True,appendix/support
outputs/lava_5/diagnostic_100/stress_audio/noise/snr_10/07d9b5deb47c8c4f7a4add8f.wav,.wav,262480,6e3607cc17bf5a290e0207935afae5ad04e470d6514db014d9ce76c11d804755,True,appendix/support
outputs/lava_5/diagnostic_100/stress_audio/noise/snr_10/0820dd3eab813b0e27b93e8e.json,.json,269,0368fc196bd4f8627918135894e4e696d19da4ecd57e5a9bfb43365d6c3b0898,True,appendix/support
outputs/lava_5/diagnostic_100/stress_audio/noise/snr_10/0820dd3eab813b0e27b93e8e.wav,.wav,142100,54adb24c275beaacf201cd461f3a95b9a1b8107b66b3de23a0b2b7789d611ffc,True,appendix/support
outputs/lava_5/diagnostic_100/stress_audio/noise/snr_10/0899cf09f6d50c7d88ac7f41.json,.json,269,c99721e704a9af05d5989bc48cca7249a3b356bf6a34e2c2ed3d5b0d1a559323,True,appendix/support
outputs/lava_5/diagnostic_100/stress_audio/noise/snr_10/0899cf09f6d50c7d88ac7f41.wav,.wav,262480,389be0973b98c4aabdbe873e904355703ed186c5185f749183b0794c631ed970,True,appendix/support
outputs/lava_5/diagnostic_100/stress_audio/noise/snr_10/0b64d54b2ad1c742cfce0b3b.json,.json,269,1c7c1ea2ad159c164fb72aa5e48e0936a3f511e5fe1c85068e254b566118f6d2,True,appendix/support
outputs/lava_5/diagnostic_100/stress_audio/noise/snr_10/0b64d54b2ad1c742cfce0b3b.wav,.wav,235984,768b2fc3aa22b0a1ee80854caf319b720b349bc818bed8fd00632fe91c45e932,True,appendix/support
outputs/lava_5/diagnostic_100/stress_audio/noise/snr_10/0ec75ca5547a5dceafb10cde.json,.json,269,b3c7246e43a599a89ccca07581d61ca6e0fec66a5f9b8582cc534580ab00abdf,True,appendix/support
outputs/lava_5/diagnostic_100/stress_audio/noise/snr_10/0ec75ca5547a5dceafb10cde.wav,.wav,118096,a295cc4644f4ee1763c9921fb3c477edd09ebd7019ced80a24e16ce54867e96f,True,appendix/support
outputs/lava_5/diagnostic_100/stress_audio/noise/snr_10/0f5e87bc674a0d76952aba00.json,.json,269,779df90998eafc8790c2c460913b7c0ebd7b735f9f3ce4d101486c8e31f11337,True,appendix/support
outputs/lava_5/diagnostic_100/stress_audio/noise/snr_10/0f5e87bc674a0d76952aba00.wav,.wav,262480,b37c86387d117a4df03251feb024e23eee9da9b2fb1a92b13ce01adac6fe4839,True,appendix/support
outputs/lava_5/diagnostic_100/stress_audio/noise/snr_10/0fe6868f97e611c23992d12c.json,.json,269,d74ab84641b3222c17b1344e5a85ff143a9d2147c68fdc0e1d4e10ba74e9c41d,True,appendix/support
outputs/lava_5/diagnostic_100/stress_audio/noise/snr_10/0fe6868f97e611c23992d12c.wav,.wav,77136,9ffb2acae7779e7e86b02701f699eea34f07c34868df07407eee887a7581292f,True,appendix/support
outputs/lava_5/diagnostic_100/stress_audio/noise/snr_10/12838c2d174bf0558d7fc31b.json,.json,269,1b796ce2f1df772b8a9c23ac41bfd7a552138f99a23a5f7c00fa1f2bf33bc89f,True,appendix/support
outputs/lava_5/diagnostic_100/stress_audio/noise/snr_10/12838c2d174bf0558d7fc31b.wav,.wav,179220,aef1fc8b851addbb63a74195d2365a29f53c36f9272348e6c343a2b1d03e99fe,True,appendix/support
outputs/lava_5/diagnostic_100/stress_audio/noise/snr_10/13803178f8dd8668d906ee39.json,.json,269,078d2fed7c063eca9645e3092261da75d3c25e9132ffea81981e6d3b02579ef7,True,appendix/support
outputs/lava_5/diagnostic_100/stress_audio/noise/snr_10/13803178f8dd8668d906ee39.wav,.wav,221012,7e7a15af49e10dc54086c27cf75d9dc4a0a780d4a5616af022c84bb740e150f0,True,appendix/support
outputs/lava_5/diagnostic_100/stress_audio/noise/snr_10/14d80c96a6550873915015e8.json,.json,269,68d39f7d50bc6d781d154fb2530c7865ecaca437f6eaf87654318906b8b4e95d,True,appendix/support
outputs/lava_5/diagnostic_100/stress_audio/noise/snr_10/14d80c96a6550873915015e8.wav,.wav,259152,fd4244deafbb56875477bb23cefad1842c86ba6771fc6f30c6d6995ce96fea1e,True,appendix/support
outputs/lava_5/diagnostic_100/stress_audio/noise/snr_10/15b5d69cacf815ece2d95caa.json,.json,269,1d50586bcaa121227e12f40e0186630726ccdd7030e01e22c50317421f481464,True,appendix/support
outputs/lava_5/diagnostic_100/stress_audio/noise/snr_10/15b5d69cacf815ece2d95caa.wav,.wav,184148,702a2a56e9949541c756f00084f141ec5be67168ef3dac457a33be80028dd605,True,appendix/support
outputs/lava_5/diagnostic_100/stress_audio/noise/snr_10/16519131f339da12045af5e8.json,.json,269,a1bc933f58c5d21b427a04e8a2e5ba49a12ea7b2fefad08fae28397d631cf760,True,appendix/support
outputs/lava_5/diagnostic_100/stress_audio/noise/snr_10/16519131f339da12045af5e8.wav,.wav,183632,37b157500ee34090ba01d89e125ef5d745b6a10b82dffe94ab5aa7ffb25c3df1,True,appendix/support
outputs/lava_5/diagnostic_100/stress_audio/noise/snr_10/1663a8d5bb42d6a2e8c8cdc0.json,.json,269,719f5d010bcf8f580827aee17d36fcedd47ca8286c2ff2bd9e303db00675941e,True,appendix/support
outputs/lava_5/diagnostic_100/stress_audio/noise/snr_10/1663a8d5bb42d6a2e8c8cdc0.wav,.wav,185172,cb56d7c02985ba5aa321909b017109cedee1b6ff49da6c27aff24e8f4646e51c,True,appendix/support
outputs/lava_5/diagnostic_100/stress_audio/noise/snr_10/1cc0f44320dd697c694c2416.json,.json,269,22e91f903b59338b6e9c88a86467724bd6a694aa0de66b98dd07ca8a79b615d7,True,appendix/support
outputs/lava_5/diagnostic_100/stress_audio/noise/snr_10/1cc0f44320dd697c694c2416.wav,.wav,262480,ac8a119f0170c6320a7873a732c66774be25a9a652c7685b44b3c4d30f341d75,True,appendix/support
outputs/lava_5/diagnostic_100/stress_audio/noise/snr_10/1d05f3056ab84f705cb3db4f.json,.json,269,0935f3aeef3a04b258c248708250338d7034f774a4fba6ae298a07c5ad273465,True,appendix/support
outputs/lava_5/diagnostic_100/stress_audio/noise/snr_10/1d05f3056ab84f705cb3db4f.wav,.wav,262480,20d3a5a7174e70d364aea556684f7c51ea65290f697406aa2706d08148f19cb3,True,appendix/support
outputs/lava_5/diagnostic_100/stress_audio/noise/snr_10/20e3ba6ea5ae847fc7730906.json,.json,269,730cfc18f754e0e937dc5bdb2505c9e16cdafe30b4e319dff2dd544c6f11fa9a,True,appendix/support
outputs/lava_5/diagnostic_100/stress_audio/noise/snr_10/20e3ba6ea5ae847fc7730906.wav,.wav,262480,b499ea9607f08dbb1a80a0955e2af5c1f50303e0c0b5548c50bbc7448352d512,True,appendix/support
outputs/lava_5/diagnostic_100/stress_audio/noise/snr_10/22a52105eeb8604387537fc8.json,.json,269,8439edda177d7e8fa105efdeb416fde8783253320298d9ac0d389d67c979debf,True,appendix/support
outputs/lava_5/diagnostic_100/stress_audio/noise/snr_10/22a52105eeb8604387537fc8.wav,.wav,182676,d2a2319711be321361d7cc252d6fec824c854d1fa1d5b12b3f42f66ead846558,True,appendix/support
outputs/lava_5/diagnostic_100/stress_audio/noise/snr_10/2312c3f3be831c56c2f7d6f9.json,.json,269,47916465a5fad8c14f034d55c7c2725f6618f93f20ccb5e37236f196bde975c5,True,appendix/support
outputs/lava_5/diagnostic_100/stress_audio/noise/snr_10/2312c3f3be831c56c2f7d6f9.wav,.wav,262480,376d9655342370c8e6ea0f695dfa00ce1db14407c31c239096971d6402a5cbd1,True,appendix/support
outputs/lava_5/diagnostic_100/stress_audio/noise/snr_10/23fdfd933236da9fc18b9698.json,.json,269,4415a2fa43c69d55f09e733eb3631881652721966e8b0c0e1bf74e7f3a372930,True,appendix/support
outputs/lava_5/diagnostic_100/stress_audio/noise/snr_10/23fdfd933236da9fc18b9698.wav,.wav,208976,12347d0dd84ffc4026452399ac44579d70136496828e3b8d53a06738c374e41b,True,appendix/support
outputs/lava_5/diagnostic_100/stress_audio/noise/snr_10/27cc7329c4e34012808006bd.json,.json,269,c4aaa4d34cc83d5e6e53ef25cfe142a3a12be7f9164203e8cf84666a1757b018,True,appendix/support
outputs/lava_5/diagnostic_100/stress_audio/noise/snr_10/27cc7329c4e34012808006bd.wav,.wav,47060,be64d2893df9e90cfcced45b8965c30c6ca68bb438b7ccad33b9a41ee1ba89da,True,appendix/support
outputs/lava_5/diagnostic_100/stress_audio/noise/snr_10/2bda1970d459fecae0012370.json,.json,269,c34f8e51706eed4322f1f9ad765748899f50c5c99500803c862b68c7e879770f,True,appendix/support
outputs/lava_5/diagnostic_100/stress_audio/noise/snr_10/2bda1970d459fecae0012370.wav,.wav,262480,449d246ecd2113ff204c46895eea8c59d30d8b880805b21526af3a9c8de0b827,True,appendix/support
outputs/lava_5/diagnostic_100/stress_audio/noise/snr_10/2c8db8a471cc4054151aa683.json,.json,269,859eac995e53015e2d2a268231f0bb4e0f5a7fa59603933a6d1ae4c2bf650a7c,True,appendix/support
outputs/lava_5/diagnostic_100/stress_audio/noise/snr_10/2c8db8a471cc4054151aa683.wav,.wav,262480,edbb3237e9e915fe7f9f052920839038ebde154fa4ff5313e8ae01de660873de,True,appendix/support
outputs/lava_5/diagnostic_100/stress_audio/noise/snr_10/32bd098cdbd1405bc95276d7.json,.json,269,5fba833f70113bc8906fefb70c9138d1aa39a638480f57738de1f961900d8ec2,True,appendix/support
outputs/lava_5/diagnostic_100/stress_audio/noise/snr_10/32bd098cdbd1405bc95276d7.wav,.wav,262480,bb12237024b2ac2ff4c5f18e4cc6718c221f3f3d3a3e5d07c07ed54d58510fbc,True,appendix/support
outputs/lava_5/diagnostic_100/stress_audio/noise/snr_10/388612050711ea476f656661.json,.json,269,fb84c5ea2aedf4204e0b0579c12d584014483204450b13f10a7eecbc0f4f3345,True,appendix/support
outputs/lava_5/diagnostic_100/stress_audio/noise/snr_10/388612050711ea476f656661.wav,.wav,262480,01eef3141245472211c142a658b68f3635ce503163f03295a37401c5596413e9,True,appendix/support
outputs/lava_5/diagnostic_100/stress_audio/noise/snr_10/3d9931154b09db0ada390088.json,.json,269,068142b006c44c863e13cd83f83fe5732123abe10ad4be21ee31b48d121e0b79,True,appendix/support
outputs/lava_5/diagnostic_100/stress_audio/noise/snr_10/3d9931154b09db0ada390088.wav,.wav,43088,d03c72309a364a2c44c85ce5feb75b626cce2298295d35b70ccd193bbdd6b981,True,appendix/support
outputs/lava_5/diagnostic_100/stress_audio/noise/snr_10/3e590da85ff04392bf1190fa.json,.json,269,c0e461a5281d2e64d8b00e103b836a86db430baecc9710bb06e1d461f3722a42,True,appendix/support
outputs/lava_5/diagnostic_100/stress_audio/noise/snr_10/3e590da85ff04392bf1190fa.wav,.wav,160208,f8258da6a75b5f268ff1c5acd8917d2924a9b00fc427fd5117fb58191700ac06,True,appendix/support
outputs/lava_5/diagnostic_100/stress_audio/noise/snr_10/3fe55cd5eebb79613297438d.json,.json,269,29c2e1ff2d96ef88b627d5daa76fc005feedf691ee785518f41690d9c678b4e2,True,appendix/support
outputs/lava_5/diagnostic_100/stress_audio/noise/snr_10/3fe55cd5eebb79613297438d.wav,.wav,262480,6c8c42c6e1423ef9e545190237e63ec2c24b3ea462de84989525210eca8a8fa2,True,appendix/support
outputs/lava_5/diagnostic_100/stress_audio/noise/snr_10/496c1972636422a85f2e070a.json,.json,269,458a20d8323bad7fdf19cc39cbe89f2d266088348f9cfb0cfa37a3ee21fe8e39,True,appendix/support
outputs/lava_5/diagnostic_100/stress_audio/noise/snr_10/496c1972636422a85f2e070a.wav,.wav,262480,5285096bec646690ad20d8a97212ee7f65397ae04eea6aae15d6ac784c47e4de,True,appendix/support
outputs/lava_5/diagnostic_100/stress_audio/noise/snr_10/4afd285ddaa5f0fcd4005176.json,.json,269,8565d2f666f2cd8c451f9dee6facef9d14f8e5bf1d3100545392febe4c85d642,True,appendix/support
outputs/lava_5/diagnostic_100/stress_audio/noise/snr_10/4afd285ddaa5f0fcd4005176.wav,.wav,96660,c99e25342cdb13adbce6f63f204940b79a34104aca2879d30be4958d3b0da865,True,appendix/support
outputs/lava_5/diagnostic_100/stress_audio/noise/snr_10/4f39ef17a122a3d2d30b79b8.json,.json,269,69f6458d6bc31590c405511edbb456ae665e8e5a86ffda919191e3e138a0fc20,True,appendix/support
outputs/lava_5/diagnostic_100/stress_audio/noise/snr_10/4f39ef17a122a3d2d30b79b8.wav,.wav,262480,a5c0d2701f9ea08dd9e332720483ae5c6ba7757a39926f08fb5c823772c9fdd8,True,appendix/support
outputs/lava_5/diagnostic_100/stress_audio/noise/snr_10/5192c39d22744c82e8f05ebc.json,.json,269,47dad977a7ab4745540cdd571dd2d9a03bdb6c762243e50c5dd951ae9b18776a,True,appendix/support
outputs/lava_5/diagnostic_100/stress_audio/noise/snr_10/5192c39d22744c82e8f05ebc.wav,.wav,182484,69aee6c12e9c5034b2d8ea567f085d502a38931a63391b27f4a5da2e32c948fc,True,appendix/support
outputs/lava_5/diagnostic_100/stress_audio/noise/snr_10/5351182494dd9c7262224149.json,.json,269,f6eb1a5cd1262075342b8dfce8f2f983dac5623ed5004597dc3758d57fd5c261,True,appendix/support
outputs/lava_5/diagnostic_100/stress_audio/noise/snr_10/5351182494dd9c7262224149.wav,.wav,723320,b8b27cf4c310525990f9f69e978e7ac9749cdc55a8009401660b1b91fa545a46,True,appendix/support
outputs/lava_5/diagnostic_100/stress_audio/noise/snr_10/5625dac162e4cd16afe7ec00.json,.json,269,8b8a3f9ffb35a6ca07ba6fc6e19bfd48dbebc2f57bbdb01e3626f79fb1db2a76,True,appendix/support
outputs/lava_5/diagnostic_100/stress_audio/noise/snr_10/5625dac162e4cd16afe7ec00.wav,.wav,100688,967d138887641e0b5581f5c237d847014ff9450723a146fd2f37a5373ffe8d13,True,appendix/support
outputs/lava_5/diagnostic_100/stress_audio/noise/snr_10/563cfc6338490ec7146f4047.json,.json,269,67afb1da2748193363795585c7daaafe96bb50186081f11249fd8d3522ec6e84,True,appendix/support
outputs/lava_5/diagnostic_100/stress_audio/noise/snr_10/563cfc6338490ec7146f4047.wav,.wav,262480,480d4b4455c0915feb8580fb0b49a5365bc1cc92339e033c4c09f73b575ec54b,True,appendix/support
outputs/lava_5/diagnostic_100/stress_audio/noise/snr_10/5c43dec240130e4c8e1f5af1.json,.json,269,409175120ff0f3213c41270acebaca608d5c25598d7e92fbd43eae5ae47b65a1,True,appendix/support
outputs/lava_5/diagnostic_100/stress_audio/noise/snr_10/5c43dec240130e4c8e1f5af1.wav,.wav,187152,abac82414f05354e92819dd2fc6b75aa0ff6e8c4b982937e386bb06f9b886fb7,True,appendix/support
outputs/lava_5/diagnostic_100/stress_audio/noise/snr_10/5f00cfa3ef4f1bc1c7af915f.json,.json,269,135861bdeb8e673beb2c314c9cea5882f8b5ed1a1f7c8043b14320e035e3561a,True,appendix/support
outputs/lava_5/diagnostic_100/stress_audio/noise/snr_10/5f00cfa3ef4f1bc1c7af915f.wav,.wav,195540,721555cd6205b4eb2487ff6037956e5c7ec463229f032e5fd57df907a6e08905,True,appendix/support
outputs/lava_5/diagnostic_100/stress_audio/noise/snr_10/65fa114084c78e3fa2ccb4c4.json,.json,269,52eae2c95a8630b91f3a914c96c5a97bb7d203a461e08ad18c56dabf1beba97b,True,appendix/support
outputs/lava_5/diagnostic_100/stress_audio/noise/snr_10/65fa114084c78e3fa2ccb4c4.wav,.wav,47252,9d00371265e10e040b71ae44e527b353b2e5e4150f199b639ae4b0593ba31116,True,appendix/support
outputs/lava_5/diagnostic_100/stress_audio/noise/snr_10/670e2ee7e3a1b0b302c5c029.json,.json,269,4f808e52c08d277a991ae89c3a796451a70e299f10c5b6597b143f2f26a3611a,True,appendix/support
outputs/lava_5/diagnostic_100/stress_audio/noise/snr_10/670e2ee7e3a1b0b302c5c029.wav,.wav,191312,9b2066ba2e35282b13a23e91f8d7ce9b67d50b271313fbe36ab9be7fe32c83a3,True,appendix/support
outputs/lava_5/diagnostic_100/stress_audio/noise/snr_10/69e58b63212e94fad9531cf8.json,.json,269,7c9f03577de2b086b2c38da4ec5be972c62af4827a236f628b5c0e446361e632,True,appendix/support
outputs/lava_5/diagnostic_100/stress_audio/noise/snr_10/69e58b63212e94fad9531cf8.wav,.wav,262480,6a5758bff4f6a0e7496b3250c67515686a1b6991241480e30843f3281f59e817,True,appendix/support
outputs/lava_5/diagnostic_100/stress_audio/noise/snr_10/6a6744f2df1e37d04b424700.json,.json,269,f931312497bd83e5cd0b4663d49cd2636ddd6aec11877ea7422680f2792d66a7,True,appendix/support
outputs/lava_5/diagnostic_100/stress_audio/noise/snr_10/6a6744f2df1e37d04b424700.wav,.wav,72016,10719ea4d8bbeb2f7b5f5436c873b692961bddb500b4e42f66841865d3e046ac,True,appendix/support
outputs/lava_5/diagnostic_100/stress_audio/noise/snr_10/6b25544eba298359a41e3cda.json,.json,269,8141914e4b3b5fd1393793a78d53467fad76375fc106215142d4ccd1c9594d88,True,appendix/support
outputs/lava_5/diagnostic_100/stress_audio/noise/snr_10/6b25544eba298359a41e3cda.wav,.wav,42768,d51629cb570eb1b66ea49be06f6c9ac69c7fe68c5dcb98bb00d202303c12e956,True,appendix/support
outputs/lava_5/diagnostic_100/stress_audio/noise/snr_10/6ba0bdb847ca9a4ac515e0b3.json,.json,269,c4814b4c94e37dbcadf4461a6229abfce91e28876a1e47664e27adf5dd0632d9,True,appendix/support
outputs/lava_5/diagnostic_100/stress_audio/noise/snr_10/6ba0bdb847ca9a4ac515e0b3.wav,.wav,65040,30d9fc909328feca1827e3af679d3fa9c6af8eaeae32361e4474f0f440f34a32,True,appendix/support
outputs/lava_5/diagnostic_100/stress_audio/noise/snr_10/70acb10251feb1ba60704d3d.json,.json,269,2b780fda6bafa56420d2681c38a2280ce5f112baadce82c833ee3fa5e19fc6c8,True,appendix/support
outputs/lava_5/diagnostic_100/stress_audio/noise/snr_10/70acb10251feb1ba60704d3d.wav,.wav,110672,a20aa2168126e7b34e1ab66f539b8478ea9f5b5feb66cd490792ac6d621208b0,True,appendix/support
outputs/lava_5/diagnostic_100/stress_audio/noise/snr_10/716d883d011d7ae890ad651a.json,.json,269,677f2205230484f22e3365b9eee80113aad84891cd9387f509dcb6904c109b74,True,appendix/support
outputs/lava_5/diagnostic_100/stress_audio/noise/snr_10/716d883d011d7ae890ad651a.wav,.wav,262480,8986763deb893279bb31707a33ed9025dc0e1b45f1921c8370dce6a330b38498,True,appendix/support
outputs/lava_5/diagnostic_100/stress_audio/noise/snr_10/71efb74aba0dbca8edbaf96d.json,.json,269,b2d6daf5d21e9b324d822b81d74677a72f8516a4755ffa5d151a6eab09c75853,True,appendix/support
outputs/lava_5/diagnostic_100/stress_audio/noise/snr_10/71efb74aba0dbca8edbaf96d.wav,.wav,262480,ca5eb9f96c9212e29dcdf8a291891a320ac657fb9ed11a22d33d2b74d241efd4,True,appendix/support
outputs/lava_5/diagnostic_100/stress_audio/noise/snr_10/724688588871a9e8ec972876.json,.json,269,78c40e46c921f1f529f052e06f2684bb2b4b8dcfff4c4bb4d66ee454548fc8b2,True,appendix/support
outputs/lava_5/diagnostic_100/stress_audio/noise/snr_10/724688588871a9e8ec972876.wav,.wav,259024,d55262cf79bde92fb92447082233d533c2ba14ac0a9bad730f041da865eabfac,True,appendix/support
outputs/lava_5/diagnostic_100/stress_audio/noise/snr_10/76db2453d9db2a13cbb2ac04.json,.json,269,3d4b497167200c934706f5d0a50a6a36a1288dbfe431887c41a6ec437566b9ad,True,appendix/support
outputs/lava_5/diagnostic_100/stress_audio/noise/snr_10/76db2453d9db2a13cbb2ac04.wav,.wav,222676,2c9c2165c79c469b9045ad3f40c43391931a769a85190cf1cba3255002d6e1c5,True,appendix/support
outputs/lava_5/diagnostic_100/stress_audio/noise/snr_10/774af2f26f8eed3ad5281fe7.json,.json,269,9532188d238ac817328a9fce08c1ac8da1e1c12b6be3aa32d7631666ca277b90,True,appendix/support
outputs/lava_5/diagnostic_100/stress_audio/noise/snr_10/774af2f26f8eed3ad5281fe7.wav,.wav,175440,df5bc05fe74e729902a8fed47e14455904f1bca46e2d5f64c7656d03b959175a,True,appendix/support
outputs/lava_5/diagnostic_100/stress_audio/noise/snr_10/78e5829afd3e6864e5e71c73.json,.json,269,41b644f8c1cd8a772810c07a355928607b6de6ba787ff7012c25bf6f6044a1fe,True,appendix/support
outputs/lava_5/diagnostic_100/stress_audio/noise/snr_10/78e5829afd3e6864e5e71c73.wav,.wav,183184,1f3ba570dadb41567a8a91d1e70c4331fe5dff2cdf00bf1c9e91a1786e750bd7,True,appendix/support
outputs/lava_5/diagnostic_100/stress_audio/noise/snr_10/7a17be8240fb81d00748f3f1.json,.json,269,026f1ab66a75395d5f476ffc6f47a052d6d0df51230aca758cceb1a08dca2792,True,appendix/support
outputs/lava_5/diagnostic_100/stress_audio/noise/snr_10/7a17be8240fb81d00748f3f1.wav,.wav,89620,ce58543d875e699dfafc34cef2f7b9475e35d31c42509381cfce1f24c2f06ff1,True,appendix/support
outputs/lava_5/diagnostic_100/stress_audio/noise/snr_10/7d3533480083913870e624e1.json,.json,269,04b8687408e5486cca9596248102decc633ce6e0bb149cbfbbca450a97cf74f7,True,appendix/support
outputs/lava_5/diagnostic_100/stress_audio/noise/snr_10/7d3533480083913870e624e1.wav,.wav,213460,077e6d037f3b4af2950bfbbfcdef9af701dfd80084987a3502b581532a06a671,True,appendix/support
outputs/lava_5/diagnostic_100/stress_audio/noise/snr_10/84dc75fc1ebb7bb994ab3928.json,.json,269,48709acb3aa5e13fc8a9e98c015763f1d7bbe46cf3855110f5f5f3194c1d5f26,True,appendix/support
outputs/lava_5/diagnostic_100/stress_audio/noise/snr_10/84dc75fc1ebb7bb994ab3928.wav,.wav,51664,0ee8949cb2259df5e272ffa544a87ba46e6ae3bdefa0a459595d99a70974d63a,True,appendix/support
outputs/lava_5/diagnostic_100/stress_audio/noise/snr_10/8837468e1872f56406fb42eb.json,.json,269,ddff6f71cc25110059d7fd64c1fcfa7db40f1eb49613c0420d1f1ea6e5362245,True,appendix/support
outputs/lava_5/diagnostic_100/stress_audio/noise/snr_10/8837468e1872f56406fb42eb.wav,.wav,128848,23417a108242fa0bd977bc3ad4e5a6ace0961eaef0f4e2d98ee47f1de9ec797c,True,appendix/support
outputs/lava_5/diagnostic_100/stress_audio/noise/snr_10/8dfea62bd956d74432a23ebe.json,.json,269,23162da0de92a5990cd98e24d65b5fb2121d95ad22a84f190b8a61acd86e608e,True,appendix/support
outputs/lava_5/diagnostic_100/stress_audio/noise/snr_10/8dfea62bd956d74432a23ebe.wav,.wav,262480,9e121348e2323eeb76aac0ca2ee6ade7ccce8e7ebad26cf61ad29e242b2d370d,True,appendix/support
outputs/lava_5/diagnostic_100/stress_audio/noise/snr_10/8f4b5a526d8509d6c28e4e1f.json,.json,269,dc4deb3f1e62c3d340c32b7f89040a7707ed60d0a8ccecd4dc60cbb6200bb812,True,appendix/support
outputs/lava_5/diagnostic_100/stress_audio/noise/snr_10/8f4b5a526d8509d6c28e4e1f.wav,.wav,262480,4571d393dd9b6b6a66058268c369e7cd207b861402dfb8b3ddb1363c5cb94640,True,appendix/support
outputs/lava_5/diagnostic_100/stress_audio/noise/snr_10/8f733fb9d55b72bc5f2eed54.json,.json,269,f50d98fad7a3b1142812ac95d5bbf71a0bc3484f09c82aedcb6e38275fc72732,True,appendix/support
outputs/lava_5/diagnostic_100/stress_audio/noise/snr_10/8f733fb9d55b72bc5f2eed54.wav,.wav,193744,59bf989ecb3ab30ce989d365b914750fcbbbe3d5ac7a351e62601f1ffd3d4cec,True,appendix/support
outputs/lava_5/diagnostic_100/stress_audio/noise/snr_10/8f7ceda91962e32fc2b5f66e.json,.json,269,7cb6dd1b8ec17c24ccf51074871ab74751db84961f52082755154a7c6fee22ef,True,appendix/support
outputs/lava_5/diagnostic_100/stress_audio/noise/snr_10/8f7ceda91962e32fc2b5f66e.wav,.wav,72532,c4f0c804cfe2cb00ba2a350f0b01055e6ab0d488c7155d38d1b4416805ec3695,True,appendix/support
outputs/lava_5/diagnostic_100/stress_audio/noise/snr_10/90d03bb99515f26ce1227834.json,.json,269,206ea56f23488ef360c9cef925fc15bdae0f58549e047d9b92b036dcae038543,True,appendix/support
outputs/lava_5/diagnostic_100/stress_audio/noise/snr_10/90d03bb99515f26ce1227834.wav,.wav,109328,2aca9486871a7baf4ce687b609951623e1c0ec229f1ba886acdacec206aef3bf,True,appendix/support
outputs/lava_5/diagnostic_100/stress_audio/noise/snr_10/9333e9dd36bcb45439be4efc.json,.json,269,23dd48efa00d2933e6793f46367c85d8e067efda40bf24879e6c21104d26e617,True,appendix/support
outputs/lava_5/diagnostic_100/stress_audio/noise/snr_10/9333e9dd36bcb45439be4efc.wav,.wav,262480,0415a59bc870d964e86eafd6ab8f17cc2350549dd3663f090191d9dd8f37e4f7,True,appendix/support
outputs/lava_5/diagnostic_100/stress_audio/noise/snr_10/9b28a9b42c335e11e04f958e.json,.json,269,fb0557ccffcc2ead9ae98f1de6282d777efb1b3c84b5e255d69bdaeea7634a38,True,appendix/support
outputs/lava_5/diagnostic_100/stress_audio/noise/snr_10/9b28a9b42c335e11e04f958e.wav,.wav,212816,c990a073fc733d21ef07c79df35d5edeb87603b8a29745883bf43961a70ab651,True,appendix/support
outputs/lava_5/diagnostic_100/stress_audio/noise/snr_10/9d179165adfea51f5cd4e20f.json,.json,269,e3dc8e70e1e582496ab731c32f4857a81e0e8b1a852a5f29b3bae5d924ff5819,True,appendix/support
outputs/lava_5/diagnostic_100/stress_audio/noise/snr_10/9d179165adfea51f5cd4e20f.wav,.wav,190928,9836080fea2c8f1820ec128d10f50ba4dc15a5926e74dc87bab72a4f8c18111a,True,appendix/support
outputs/lava_5/diagnostic_100/stress_audio/noise/snr_10/9f0918d28116126e7269f4e6.json,.json,269,b4b56e2d225463bfb3869b3ec3fb21c4c2b76b77631da086caed8d95da0addca,True,appendix/support
outputs/lava_5/diagnostic_100/stress_audio/noise/snr_10/9f0918d28116126e7269f4e6.wav,.wav,262480,ad6396bcbb08946aab43f1fee02c30f8f00d9d1fd712cada7c59c5aa9a7660dd,True,appendix/support
outputs/lava_5/diagnostic_100/stress_audio/noise/snr_10/9f1fdcfd9d149c9f93a019bb.json,.json,269,66743ddd2d86737940020830d310a9de8f787d395bf5f50d281654abc8a7f24d,True,appendix/support
outputs/lava_5/diagnostic_100/stress_audio/noise/snr_10/9f1fdcfd9d149c9f93a019bb.wav,.wav,89744,a79464c8162a98d8a6b342719982cb1bbf2b57896ca64df5eeaec29659642e88,True,appendix/support
outputs/lava_5/diagnostic_100/stress_audio/noise/snr_10/a2b6797ebeaec85e9f2f606b.json,.json,269,e8418a612124b431f58284be263b8f7527d8ddf9bc5c53274700837f0bbef28d,True,appendix/support
outputs/lava_5/diagnostic_100/stress_audio/noise/snr_10/a2b6797ebeaec85e9f2f606b.wav,.wav,262480,c601cbeac0d1b7d9f9ccb2471934977516fe637236bcf22a944f8cf5175c61c9,True,appendix/support
outputs/lava_5/diagnostic_100/stress_audio/noise/snr_10/a81ba9f3564487c5c5ad6083.json,.json,269,73d1ccb680261c202297c33b15090119c5e05622445fb20ad0c96e55b77d953f,True,appendix/support
outputs/lava_5/diagnostic_100/stress_audio/noise/snr_10/a81ba9f3564487c5c5ad6083.wav,.wav,111504,5040ca87815da3b4d668d407b54607421adf342d2324884f4ed5efcc6ea30e99,True,appendix/support
outputs/lava_5/diagnostic_100/stress_audio/noise/snr_10/a9dfa080432da2cb38c10a36.json,.json,269,28f00f6359e3ed654450e41fe4142ca5b796271e8fe90bd4d4ca5e652f6b8bfc,True,appendix/support
outputs/lava_5/diagnostic_100/stress_audio/noise/snr_10/a9dfa080432da2cb38c10a36.wav,.wav,195152,7b0c5a61bfd9feb47f868ff7521fe01615c8971059d3245a44e1162953d2021a,True,appendix/support
outputs/lava_5/diagnostic_100/stress_audio/noise/snr_10/aa175eb8bb09da4aca353fbc.json,.json,269,afb2838414eead84d7c7a26ba2e2c402b4a4c8220188564824597798ff6471fa,True,appendix/support
outputs/lava_5/diagnostic_100/stress_audio/noise/snr_10/aa175eb8bb09da4aca353fbc.wav,.wav,478124,71914fe0c7d971871a62df5d6b59b15d8f8cbb97abc14740e0c7dd4ad5ef4e8d,True,appendix/support
outputs/lava_5/diagnostic_100/stress_audio/noise/snr_10/ab8e4cf7200bdca9d708710c.json,.json,269,e4c3c41da1451a347e01b7f1d25e191fd5e33c710506faac8a5547f44054d9f6,True,appendix/support
outputs/lava_5/diagnostic_100/stress_audio/noise/snr_10/ab8e4cf7200bdca9d708710c.wav,.wav,262480,ca26072079adf71f4730cdc79ba551c73c55755478fe465a25c5238849fbfae0,True,appendix/support
outputs/lava_5/diagnostic_100/stress_audio/noise/snr_10/ae905c6b72d158aeaf1cf62e.json,.json,269,09dabe78b245a0824502770df7fdd3a47f804977a1f99e32b57119247affc921,True,appendix/support
outputs/lava_5/diagnostic_100/stress_audio/noise/snr_10/ae905c6b72d158aeaf1cf62e.wav,.wav,191700,45ccf44693c407d2da0edd3c82030f523cef568845ecb0b876a77d74252739d6,True,appendix/support
outputs/lava_5/diagnostic_100/stress_audio/noise/snr_10/af4a5345e3991cecef3aae8a.json,.json,269,266992d4dc886d22c9c7796be4fa66438f97edb15ec0b542ba7468c43e3bda4c,True,appendix/support
outputs/lava_5/diagnostic_100/stress_audio/noise/snr_10/af4a5345e3991cecef3aae8a.wav,.wav,171284,457351c989df94c155683c8ff0c93de5b881e3f7a3b86f6bfd805f13de8bf565,True,appendix/support
outputs/lava_5/diagnostic_100/stress_audio/noise/snr_10/b119d883b5c17cd91903587c.json,.json,269,1a84c6c79b3b9485f5083a80273942fca2d846997307928caacbbcf0f43393e8,True,appendix/support
outputs/lava_5/diagnostic_100/stress_audio/noise/snr_10/b119d883b5c17cd91903587c.wav,.wav,139600,fa5e59c22ae1949002fb5d29223069634ca5f603d80573a2d729d71828a94099,True,appendix/support
outputs/lava_5/diagnostic_100/stress_audio/noise/snr_10/b48e5c014630e6e9fd9b8663.json,.json,269,cc962abb14198028c91e0394ae979ff10cc535c3c11bb48fd8c5d6ef1bdac184,True,appendix/support
outputs/lava_5/diagnostic_100/stress_audio/noise/snr_10/b48e5c014630e6e9fd9b8663.wav,.wav,145812,ece1f8e846cf5e169e81a23ea20193f848e2a2f770a5b9d58881563bb210466f,True,appendix/support
outputs/lava_5/diagnostic_100/stress_audio/noise/snr_10/bb4a298808e45fe2abc20548.json,.json,269,466eae8e2130d75600aa1af644b13fb59173b2c6a4e2c4c712594dc88183cbae,True,appendix/support
outputs/lava_5/diagnostic_100/stress_audio/noise/snr_10/bb4a298808e45fe2abc20548.wav,.wav,225940,1873e04a800582f62ca1707b739a8372a425b79818ce2d9fe6a38f18e0cce4f8,True,appendix/support
outputs/lava_5/diagnostic_100/stress_audio/noise/snr_10/bca256c04342e6f21518f4ed.json,.json,269,354faf074209731f40786d28b011b134a5b74afe44cc038bf966ca2f3e4a90a4,True,appendix/support
outputs/lava_5/diagnostic_100/stress_audio/noise/snr_10/bca256c04342e6f21518f4ed.wav,.wav,262480,a2bf0eef4a90e15f1237fb84ad83511e9026ec89c2515230b1db19e443d74c84,True,appendix/support
outputs/lava_5/diagnostic_100/stress_audio/noise/snr_10/bcf90da5d8f365547625d06e.json,.json,269,83b722f86ec0cf55d8631023c13126e35acd2be6dceed62bec11f17e8e1d1620,True,appendix/support
outputs/lava_5/diagnostic_100/stress_audio/noise/snr_10/bcf90da5d8f365547625d06e.wav,.wav,137232,6be8ea519f50e428817aa57e41c107690ebe2d4250540b1c5b8dfb5c8a446cfc,True,appendix/support
outputs/lava_5/diagnostic_100/stress_audio/noise/snr_10/be23031a7c89418cd367d2b6.json,.json,269,0f5c0aaf73dd13b9856f15bac9f3c32d6d0ad208f00c4cf43e6716f17eb1538c,True,appendix/support
outputs/lava_5/diagnostic_100/stress_audio/noise/snr_10/be23031a7c89418cd367d2b6.wav,.wav,262480,05957b5562e9cd175d91804ba322b4fdb73618b3ad9ebc007d067a8f959e61ca,True,appendix/support
outputs/lava_5/diagnostic_100/stress_audio/noise/snr_10/bf79c7858fa88bf58a01c563.json,.json,269,443ffbeb1eaaa63ab220154e49d38ef23ca682241b154fae293e90279fc05232,True,appendix/support
outputs/lava_5/diagnostic_100/stress_audio/noise/snr_10/bf79c7858fa88bf58a01c563.wav,.wav,262480,b4856102ff04254fadb468df8594285fdcf35f04b910070f1b238cb2c483b1a1,True,appendix/support
outputs/lava_5/diagnostic_100/stress_audio/noise/snr_10/c19a55980675a8655f10cb86.json,.json,269,9f981f7962c9b64172419f8da60b99145398f6ec9733668e54ec0ddb758f7f59,True,appendix/support
outputs/lava_5/diagnostic_100/stress_audio/noise/snr_10/c19a55980675a8655f10cb86.wav,.wav,82964,640ce5a3ed92ffba176d999020222d25968b8514c02432490c2ab3dd66fe01a5,True,appendix/support
outputs/lava_5/diagnostic_100/stress_audio/noise/snr_10/c31e2f1d29e4bd849b1979ec.json,.json,269,269ab8eda442f7f55a86b339bc0bb39acfe9a21fad760c2fb91256767b877cfd,True,appendix/support
outputs/lava_5/diagnostic_100/stress_audio/noise/snr_10/c31e2f1d29e4bd849b1979ec.wav,.wav,262480,0484fdce6408c64cfec34761273145143692a5c4225d53d7fef081fae071e45c,True,appendix/support
outputs/lava_5/diagnostic_100/stress_audio/noise/snr_10/c8fc323333c786b01aee38cc.json,.json,269,bfe9112af7dc619239a32cee20433cfcd20bb3cb3de0753376e8590f37d61e5d,True,appendix/support
outputs/lava_5/diagnostic_100/stress_audio/noise/snr_10/c8fc323333c786b01aee38cc.wav,.wav,262480,5eca6fb0cdbcd042e5c82d1efed290bae79949b341f7b97aeb06a107bcc58e9c,True,appendix/support
outputs/lava_5/diagnostic_100/stress_audio/noise/snr_10/cb0d4895cd4931043d5add9a.json,.json,269,e9d392886d0ada6534fbcef0844cc8fff15d59979fa4528a8d78009921e279a9,True,appendix/support
outputs/lava_5/diagnostic_100/stress_audio/noise/snr_10/cb0d4895cd4931043d5add9a.wav,.wav,176208,821027caf105efbe64383882c7f29bea636fdf1345c1b422f6b38b1f34f6e1bb,True,appendix/support
outputs/lava_5/diagnostic_100/stress_audio/noise/snr_10/cb2b10d7e455110be82f03cf.json,.json,269,878286e06b8d3cfdb4df00457d0a9d2e9bb01f268fd700d4e257e49b95659df9,True,appendix/support
outputs/lava_5/diagnostic_100/stress_audio/noise/snr_10/cb2b10d7e455110be82f03cf.wav,.wav,172368,895746e05ef0cde349567afa94a8b0522b190e00863809c182832b7af83a0153,True,appendix/support
outputs/lava_5/diagnostic_100/stress_audio/noise/snr_10/cb5fcbd2d9232dd2c54d2bae.json,.json,269,d61fa6e0962b698c5f8aff55750b43fbe7402e01aeb0c14e489bebfea7e84c1d,True,appendix/support
outputs/lava_5/diagnostic_100/stress_audio/noise/snr_10/cb5fcbd2d9232dd2c54d2bae.wav,.wav,262480,c1fa5188e73e5c2f97f8a4f51c36c8185b9cf64967a97cf7cc345c5ecdf3b9cc,True,appendix/support
outputs/lava_5/diagnostic_100/stress_audio/noise/snr_10/ced0cb1635b69f6c2589670f.json,.json,269,b65caee7a247893d55ec50333588a4c53a3540707ad15f1dce10fd3b98ff06bf,True,appendix/support
outputs/lava_5/diagnostic_100/stress_audio/noise/snr_10/ced0cb1635b69f6c2589670f.wav,.wav,103188,797dd1f799841541bb86da4188c3fc58b67b8ef31c196c4de1a011a5fda6ab04,True,appendix/support
outputs/lava_5/diagnostic_100/stress_audio/noise/snr_10/d30113a70f2a4f16402cc05f.json,.json,269,2751086f79584c5799f9ef6cb91e22ccf4657992bb25945601d51adcdd7fc316,True,appendix/support
outputs/lava_5/diagnostic_100/stress_audio/noise/snr_10/d30113a70f2a4f16402cc05f.wav,.wav,133012,f789f613d012b5c25a318ed5b0c2d8f33b6aedece71aa491839d4abc81501352,True,appendix/support
outputs/lava_5/diagnostic_100/stress_audio/noise/snr_10/d4fffc838ec52ffb01ade537.json,.json,269,6227eeac2655aa7a44a521d1468453b7c38906d7651dd6e2d0f07adce7dcffc7,True,appendix/support
outputs/lava_5/diagnostic_100/stress_audio/noise/snr_10/d4fffc838ec52ffb01ade537.wav,.wav,262480,66bce3bf3fb24a7ba33a6421b439afdb12b4037a3c693cd35e6fa4a1e487d862,True,appendix/support
outputs/lava_5/diagnostic_100/stress_audio/noise/snr_10/d97f1a7e17bce81dfa7ddefb.json,.json,269,39da694733a15d09ef439d8c32b6880b67068619d9e12f3ed2cecb06f2946c4e,True,appendix/support
outputs/lava_5/diagnostic_100/stress_audio/noise/snr_10/d97f1a7e17bce81dfa7ddefb.wav,.wav,262480,a5e84001c0a728f99ff8ed5a2930b1205ead52c1e59e9444fd881d3cec11eceb,True,appendix/support
outputs/lava_5/diagnostic_100/stress_audio/noise/snr_10/dbac3f24169ab38ddd09387d.json,.json,269,912cc541892dfe5a6bc33902a2632da27ac1227abcb4527ff1803eb3ea8d16f0,True,appendix/support
outputs/lava_5/diagnostic_100/stress_audio/noise/snr_10/dbac3f24169ab38ddd09387d.wav,.wav,186708,ae86829762f87f9272798b4233384079ad1693a54f0a13a7bb33b26671d88fc1,True,appendix/support
outputs/lava_5/diagnostic_100/stress_audio/noise/snr_10/dc3988b11610bdb46c372125.json,.json,269,f41f62f9e0953deb9f2a0ef35dce148dd11ec0596b4739288b790845be1eea6b,True,appendix/support
outputs/lava_5/diagnostic_100/stress_audio/noise/snr_10/dc3988b11610bdb46c372125.wav,.wav,262480,7ca4488a821bf43cf8bb360673f5efbe15e20b1e6680901b8e8e5b52e30273c3,True,appendix/support
outputs/lava_5/diagnostic_100/stress_audio/noise/snr_10/dcf8f370f478257688c620d9.json,.json,269,3e6fce93e3ccee529af6b0192b4a48d69fb28c2a67881e37d2fdfd8b0bc8676b,True,appendix/support
outputs/lava_5/diagnostic_100/stress_audio/noise/snr_10/dcf8f370f478257688c620d9.wav,.wav,262480,88d20dfff31125480b50920a558f267243e131baeb9f31f4f7a6b86271fabb83,True,appendix/support
outputs/lava_5/diagnostic_100/stress_audio/noise/snr_10/deefebbe516b3ac9ac603f38.json,.json,269,84295a5b82ec7990d6a398d85c4d3f7790258afc884ea6aa8dd969ab34c91699,True,appendix/support
outputs/lava_5/diagnostic_100/stress_audio/noise/snr_10/deefebbe516b3ac9ac603f38.wav,.wav,248528,1c597db7036e41f099d4a07d7a50f3a338d0d4377c4aecd3ac9320f8bddc45cd,True,appendix/support
outputs/lava_5/diagnostic_100/stress_audio/noise/snr_10/e5271133037754a97eb8f3b6.json,.json,269,560ac4ed3c42edcdf66b35970749fb4de47822c0c8469e9b61dc3c33d968463e,True,appendix/support
outputs/lava_5/diagnostic_100/stress_audio/noise/snr_10/e5271133037754a97eb8f3b6.wav,.wav,62736,b77ec445eef492f3268aadf7b517d85dbaf83e63879e5bd1214988faa5f0cc4e,True,appendix/support
outputs/lava_5/diagnostic_100/stress_audio/noise/snr_10/ead81e3391bff14cdf44d151.json,.json,269,e62d0c030660d4536bafca6f180de355294896b1d3e9a209d5b48e0e681c0374,True,appendix/support
outputs/lava_5/diagnostic_100/stress_audio/noise/snr_10/ead81e3391bff14cdf44d151.wav,.wav,133652,c0f88c512dec8c672c37f31572c2f37b126415e373d841198b9ff817f3f3f289,True,appendix/support
outputs/lava_5/diagnostic_100/stress_audio/noise/snr_10/eff7b7f3f65d718535f7ce56.json,.json,269,23e3c68f8c0793a93b48a83d2a39b6993ff0e042e0c74588933ca00ec9ce5792,True,appendix/support
outputs/lava_5/diagnostic_100/stress_audio/noise/snr_10/eff7b7f3f65d718535f7ce56.wav,.wav,262480,f1a600f65733fbb1ab221952dbe5b6ea56b89d8099ed021891bc9a18946cd751,True,appendix/support
outputs/lava_5/diagnostic_100/stress_audio/noise/snr_10/f44a45f391f773d5b6f872e4.json,.json,269,22e807ca4954952b5cde2ee15e49cbe8c360d69b4a60a541fb6759c40e969d0e,True,appendix/support
outputs/lava_5/diagnostic_100/stress_audio/noise/snr_10/f44a45f391f773d5b6f872e4.wav,.wav,178772,ca3527571f3e5450380ae6dead8c8dbbfe0d85e124e5071b4260e2ea2bf00320,True,appendix/support
outputs/lava_5/diagnostic_100/stress_audio/noise/snr_10/f7de6bfe58bdc0a31adfd6e8.json,.json,269,0708a5735b784d732cd026b723777dd94dfaf7c08e0128c3716d87fa6cbc0d76,True,appendix/support
outputs/lava_5/diagnostic_100/stress_audio/noise/snr_10/f7de6bfe58bdc0a31adfd6e8.wav,.wav,262480,111d5cfd477be09fef18a909a7d0b64fe49205acbd8b829c6a5e72f95d6139a0,True,appendix/support
outputs/lava_5/diagnostic_100/stress_audio/noise/snr_10/faeb6ad107da2060ac39986a.json,.json,269,cdbeeb5e955c90553a2eb2e0561007a462c6f1fc0cea543907554144c7ad543e,True,appendix/support
outputs/lava_5/diagnostic_100/stress_audio/noise/snr_10/faeb6ad107da2060ac39986a.wav,.wav,120400,5a2d83e80e14cb6dee2ee4ae73a8665985ecbd07cf128e1cd3db8d9b3548f8db,True,appendix/support
outputs/lava_5/diagnostic_100/stress_audio/noise/snr_10/fc60038e77e10940ab63c824.json,.json,269,d745c571df81494ef755dbd01fbc8a5cbc5704304f58ce1166ef15790e106859,True,appendix/support
outputs/lava_5/diagnostic_100/stress_audio/noise/snr_10/fc60038e77e10940ab63c824.wav,.wav,262480,cbc817209b85bd89d2b58bbfc5d03507b68fca53eb8818ccb1cf5fe76bee4870,True,appendix/support
outputs/lava_5/diagnostic_100/stress_audio/noise/snr_10/fd1036b8f7b4966e96e2c8c7.json,.json,269,171b625ef8919c499a9a955b6bf44bef60e153f08f4f1cc3df5b0b81b75d182f,True,appendix/support
outputs/lava_5/diagnostic_100/stress_audio/noise/snr_10/fd1036b8f7b4966e96e2c8c7.wav,.wav,262480,68b2224ec9445dc1ffdc2f0e09a76cd476fd56107ab6536aba21cec403611f5e,True,appendix/support
outputs/lava_5/diagnostic_100/stress_audio/noise/snr_10/ffdce661a5cdb9c355d86f3c.json,.json,269,6c192cb3d0cd8fc6353d3200afecad6abd9189560e57b881d28ae341ddcbbe84,True,appendix/support
outputs/lava_5/diagnostic_100/stress_audio/noise/snr_10/ffdce661a5cdb9c355d86f3c.wav,.wav,262480,105dc070b940bc8c7bb370907906c8c9391884ab187550390460f9ccb44d565b,True,appendix/support
outputs/lava_5/diagnostic_100/stress_audio/noise/snr_20/07d9b5deb47c8c4f7a4add8f.json,.json,269,f78e7c62c9cea3de4b4e7ff9891adcf03194442f68610c077d1d3f1c1b0e02a5,True,appendix/support
outputs/lava_5/diagnostic_100/stress_audio/noise/snr_20/07d9b5deb47c8c4f7a4add8f.wav,.wav,262480,ce0927eb9a8df30d6d27c20b04738a9c3b9285d959cfe40aefa9de2dd4c3fa54,True,appendix/support
outputs/lava_5/diagnostic_100/stress_audio/noise/snr_20/0820dd3eab813b0e27b93e8e.json,.json,269,2a33ed77785f3b4d75aa0b6b709e2219065cb067705fbba1be4ce357851f1f10,True,appendix/support
outputs/lava_5/diagnostic_100/stress_audio/noise/snr_20/0820dd3eab813b0e27b93e8e.wav,.wav,142100,d4ce381f14d486d2e88db7b549bf868c8ff3219efa0b40ff814ccb61d623d626,True,appendix/support
outputs/lava_5/diagnostic_100/stress_audio/noise/snr_20/0899cf09f6d50c7d88ac7f41.json,.json,269,b306c01a9f634d2a1497e12b3f91089b545673b7fb5d58c2b508a00e3e3f8b68,True,appendix/support
outputs/lava_5/diagnostic_100/stress_audio/noise/snr_20/0899cf09f6d50c7d88ac7f41.wav,.wav,262480,e61afaa271f37ceaa502e3415ee246631b32f19142b06dcc4b8cf68202e9e17e,True,appendix/support
outputs/lava_5/diagnostic_100/stress_audio/noise/snr_20/0b64d54b2ad1c742cfce0b3b.json,.json,269,b1a59ca73c9621fea34002e184e665f47c5796cd925ec3f7d1fe03e86183a54c,True,appendix/support
outputs/lava_5/diagnostic_100/stress_audio/noise/snr_20/0b64d54b2ad1c742cfce0b3b.wav,.wav,235984,f7e129720e3d3ca5d70f2ca3fafe88ebecf2d60606ae30eb8b4c37a87af12e11,True,appendix/support
outputs/lava_5/diagnostic_100/stress_audio/noise/snr_20/0ec75ca5547a5dceafb10cde.json,.json,269,6dbf80dbae5b6728fff3f8fab099bfc709dfc9dc56906f0b861dfa13ba6c1436,True,appendix/support
outputs/lava_5/diagnostic_100/stress_audio/noise/snr_20/0ec75ca5547a5dceafb10cde.wav,.wav,118096,12ac6000956924baaf025dbc82ff0fc2dc961ccc6d814a5f6c075a8a0a285b1c,True,appendix/support
outputs/lava_5/diagnostic_100/stress_audio/noise/snr_20/0f5e87bc674a0d76952aba00.json,.json,269,75c1fa151dc4eda159421034467130bc9a8d53989d4f0e3488d11cb7c6b039c0,True,appendix/support
outputs/lava_5/diagnostic_100/stress_audio/noise/snr_20/0f5e87bc674a0d76952aba00.wav,.wav,262480,6080405120f22f41dc354891516d873bb8431c4bd0f6506c8244c2b0d4889c81,True,appendix/support
outputs/lava_5/diagnostic_100/stress_audio/noise/snr_20/0fe6868f97e611c23992d12c.json,.json,269,c948773d5d6df556e51ff4d7a1473520f8ebb54f24c206e003e0c65313a07fa4,True,appendix/support
outputs/lava_5/diagnostic_100/stress_audio/noise/snr_20/0fe6868f97e611c23992d12c.wav,.wav,77136,19e2bfea9063ae19875fd83c625ec1831d9b9104caee8ec06892c3da220e0a63,True,appendix/support
outputs/lava_5/diagnostic_100/stress_audio/noise/snr_20/12838c2d174bf0558d7fc31b.json,.json,269,4452ad9df238bb132101af44e0258140c7c2c04e4ab68af48992eb189c613cbe,True,appendix/support
outputs/lava_5/diagnostic_100/stress_audio/noise/snr_20/12838c2d174bf0558d7fc31b.wav,.wav,179220,eb96eadff850d80f8644426eefa9c75b48545b66ed34a881ecd7bfb70d499cbc,True,appendix/support
outputs/lava_5/diagnostic_100/stress_audio/noise/snr_20/13803178f8dd8668d906ee39.json,.json,269,6994b7803d032f43dd5bd32f3154328e29bbb9ddfc41b34a60d473f4dc8ac1ba,True,appendix/support
outputs/lava_5/diagnostic_100/stress_audio/noise/snr_20/13803178f8dd8668d906ee39.wav,.wav,221012,52eb38a8c4df6066115397f8526c511c239e134bb5002f3e76a8ad81ffc66e12,True,appendix/support
outputs/lava_5/diagnostic_100/stress_audio/noise/snr_20/14d80c96a6550873915015e8.json,.json,269,11ba27c4ffeb0bae6a4e28a4ebd71eafadf3579ddeac1b5885d8cd9620e4afde,True,appendix/support
outputs/lava_5/diagnostic_100/stress_audio/noise/snr_20/14d80c96a6550873915015e8.wav,.wav,259152,572aec3952192125635bdeee250903cadbd86fbac946fb682b60503019745727,True,appendix/support
outputs/lava_5/diagnostic_100/stress_audio/noise/snr_20/15b5d69cacf815ece2d95caa.json,.json,269,1854d58a4bf528d38ef09deac2f9c336132d6bc909d0917bb0f0dd79727662fa,True,appendix/support
outputs/lava_5/diagnostic_100/stress_audio/noise/snr_20/15b5d69cacf815ece2d95caa.wav,.wav,184148,225aa52267ce01fe5c8a1cd029e0cbb2253cd7bf3fa3b15e3939aaa8656a7d73,True,appendix/support
outputs/lava_5/diagnostic_100/stress_audio/noise/snr_20/16519131f339da12045af5e8.json,.json,269,c42455bcc8ab6cf61fe54b5440f866f2e5f71ab3a96c54cc5014dbe954f71398,True,appendix/support
outputs/lava_5/diagnostic_100/stress_audio/noise/snr_20/16519131f339da12045af5e8.wav,.wav,183632,58fea1fb17bd77179c30964475981ed3f943c4afe094413151cce5d64810ff04,True,appendix/support
outputs/lava_5/diagnostic_100/stress_audio/noise/snr_20/1663a8d5bb42d6a2e8c8cdc0.json,.json,269,e123b8ed83ce1bf0488618b82b284c6dadf45e900fd93ccbc7ac15b1135a1f5b,True,appendix/support
outputs/lava_5/diagnostic_100/stress_audio/noise/snr_20/1663a8d5bb42d6a2e8c8cdc0.wav,.wav,185172,8283a2912c301bb42e65fcac2103c9e2b59c97d3d84aa020d6898b0a8e7e0693,True,appendix/support
outputs/lava_5/diagnostic_100/stress_audio/noise/snr_20/1cc0f44320dd697c694c2416.json,.json,269,dc9a8fd93d6b45d6668cd42e899a8a4a8dec54a5069e5dd4875436dc4e54cd0c,True,appendix/support
outputs/lava_5/diagnostic_100/stress_audio/noise/snr_20/1cc0f44320dd697c694c2416.wav,.wav,262480,6cced0883f74e40d633da1a4aae3374dea9ab5c26fb092792d5aa74929d3eb51,True,appendix/support
outputs/lava_5/diagnostic_100/stress_audio/noise/snr_20/1d05f3056ab84f705cb3db4f.json,.json,269,7589b8608c4a3be5193b294d3a74b2f4750acbea3d608c83c7c9107999539874,True,appendix/support
outputs/lava_5/diagnostic_100/stress_audio/noise/snr_20/1d05f3056ab84f705cb3db4f.wav,.wav,262480,01d299a1d41928d22672b948914cb81501c970178565084666371f150295fd54,True,appendix/support
outputs/lava_5/diagnostic_100/stress_audio/noise/snr_20/20e3ba6ea5ae847fc7730906.json,.json,269,8391ca54123635c8df61b36eea5417e91218593f41c882677bf6964722dabb50,True,appendix/support
outputs/lava_5/diagnostic_100/stress_audio/noise/snr_20/20e3ba6ea5ae847fc7730906.wav,.wav,262480,86d40bfd5451fdff7cc283218d2d80c00c5d7177a7e4f0a07d45656e3ab9e6d2,True,appendix/support
outputs/lava_5/diagnostic_100/stress_audio/noise/snr_20/22a52105eeb8604387537fc8.json,.json,269,38e550c4b082fd6aba1ab24fc3a919e65591a0a1fe041cbddfa742acfd1bbc98,True,appendix/support
outputs/lava_5/diagnostic_100/stress_audio/noise/snr_20/22a52105eeb8604387537fc8.wav,.wav,182676,fe040531d41bcf13874f42a9d312d7381626524cdd9e7877671067e69fcabb66,True,appendix/support
outputs/lava_5/diagnostic_100/stress_audio/noise/snr_20/2312c3f3be831c56c2f7d6f9.json,.json,269,1f47ef6aeb172c43b433c9749dd7932aa230168fbb44283c1b10792aa03df0e0,True,appendix/support
outputs/lava_5/diagnostic_100/stress_audio/noise/snr_20/2312c3f3be831c56c2f7d6f9.wav,.wav,262480,e3549b1e4ed8ae2766bd527c5e97799931793a4f62250c62b9ef344e753b1a92,True,appendix/support
outputs/lava_5/diagnostic_100/stress_audio/noise/snr_20/23fdfd933236da9fc18b9698.json,.json,269,c66151fb2c09b10abfe57496edc6758153519f02aee3f7a6e2da36a3d2baffaf,True,appendix/support
outputs/lava_5/diagnostic_100/stress_audio/noise/snr_20/23fdfd933236da9fc18b9698.wav,.wav,208976,3c619b51aadebcf803a434f911fc8fafb87fc7d1ee8bb03613b26d7090392404,True,appendix/support
outputs/lava_5/diagnostic_100/stress_audio/noise/snr_20/27cc7329c4e34012808006bd.json,.json,269,4eea915598992214395e88f6d8656ac942b4e18bc3de25405fdd112f24961a21,True,appendix/support
outputs/lava_5/diagnostic_100/stress_audio/noise/snr_20/27cc7329c4e34012808006bd.wav,.wav,47060,1eee80e27228fafa4c7338d0a8511d437262fe9db07506c7914268ebfa415165,True,appendix/support
outputs/lava_5/diagnostic_100/stress_audio/noise/snr_20/2bda1970d459fecae0012370.json,.json,269,0a7210919030375becdc1f66f7804e81a36ab14d96d86c8f262390f19239ffd6,True,appendix/support
outputs/lava_5/diagnostic_100/stress_audio/noise/snr_20/2bda1970d459fecae0012370.wav,.wav,262480,5bfd70aa0a28b5e5a4c3c403fb09d8afb40b2f0d1aeb944da979141b8e060ab5,True,appendix/support
outputs/lava_5/diagnostic_100/stress_audio/noise/snr_20/2c8db8a471cc4054151aa683.json,.json,269,687c11d0a1a69e1c40272f730a5c5f98e9b870d636b076d0e9cf1743f1ea5920,True,appendix/support
outputs/lava_5/diagnostic_100/stress_audio/noise/snr_20/2c8db8a471cc4054151aa683.wav,.wav,262480,071f85aa46e57bc3c3ea0368f6a488e9a3373bf00d9b3fcd086ac2dfc1b3ff0c,True,appendix/support
outputs/lava_5/diagnostic_100/stress_audio/noise/snr_20/32bd098cdbd1405bc95276d7.json,.json,269,3cb6c31484e95e474c4448e87f1f0644491f08f103904db643f5986a443723ee,True,appendix/support
outputs/lava_5/diagnostic_100/stress_audio/noise/snr_20/32bd098cdbd1405bc95276d7.wav,.wav,262480,a1489045328a400602bc2574fd6ba2476c856007b58e1e080b5e9c8b05e8e0b5,True,appendix/support
outputs/lava_5/diagnostic_100/stress_audio/noise/snr_20/388612050711ea476f656661.json,.json,269,2d6167234ed4df9b3919ef4ce58e1dfd0ba6addd26e0021cc4f5aabe988eaa83,True,appendix/support
outputs/lava_5/diagnostic_100/stress_audio/noise/snr_20/388612050711ea476f656661.wav,.wav,262480,0169ee725389aa5a8831fa69bbef3fdb5558f0b26bb9f6b989092085ecdecc50,True,appendix/support
outputs/lava_5/diagnostic_100/stress_audio/noise/snr_20/3d9931154b09db0ada390088.json,.json,269,f1dfa06aeb278e5013c1888a0597fdd3dc34dd381630bbb2d15f87f4d39841e5,True,appendix/support
outputs/lava_5/diagnostic_100/stress_audio/noise/snr_20/3d9931154b09db0ada390088.wav,.wav,43088,e1d758e055a8fb9d598cc31ec0b6d2e7c1d154fa6a4f04f9696573814cbfc095,True,appendix/support
outputs/lava_5/diagnostic_100/stress_audio/noise/snr_20/3e590da85ff04392bf1190fa.json,.json,269,06da84e68f60100f5a8a65b017eec4778d4230cb7349c0a50edd198d8d233788,True,appendix/support
outputs/lava_5/diagnostic_100/stress_audio/noise/snr_20/3e590da85ff04392bf1190fa.wav,.wav,160208,111ee6d5d67621f2744cae144ef6d03d569ca161e0326527b7fb256c39229c32,True,appendix/support
outputs/lava_5/diagnostic_100/stress_audio/noise/snr_20/3fe55cd5eebb79613297438d.json,.json,269,00ff5257086ccbc299ef05f40ff84a8e062aa59d708d1e09b72531657bfbe3b9,True,appendix/support
outputs/lava_5/diagnostic_100/stress_audio/noise/snr_20/3fe55cd5eebb79613297438d.wav,.wav,262480,076843005a3aeb6f9cc78afc7c3aea03146896d50c591cb0ea06b94f2896b115,True,appendix/support
outputs/lava_5/diagnostic_100/stress_audio/noise/snr_20/496c1972636422a85f2e070a.json,.json,269,714f12a9228c293da9f3499f8c4845c8b78aa2fff8204b38112a3eed48f55b76,True,appendix/support
outputs/lava_5/diagnostic_100/stress_audio/noise/snr_20/496c1972636422a85f2e070a.wav,.wav,262480,4b4ca76fd52abfdbcb0f175b97dec484f52f8f2b86b94abb5e58c40541f6135f,True,appendix/support
outputs/lava_5/diagnostic_100/stress_audio/noise/snr_20/4afd285ddaa5f0fcd4005176.json,.json,269,b2cd11c6bff37b4d8baf5575e302c26a22ab28df1a823625459e7550245ea74b,True,appendix/support
outputs/lava_5/diagnostic_100/stress_audio/noise/snr_20/4afd285ddaa5f0fcd4005176.wav,.wav,96660,926150c42b7dee10a4c4f9b1990b8f2eb4bdf8649e1643f2111d07744067782d,True,appendix/support
outputs/lava_5/diagnostic_100/stress_audio/noise/snr_20/4f39ef17a122a3d2d30b79b8.json,.json,269,2c27335ad9bd4c8eaba54bc16cb0a4cdb19adaeadc04ec82b55ded4a0efc3eb0,True,appendix/support
outputs/lava_5/diagnostic_100/stress_audio/noise/snr_20/4f39ef17a122a3d2d30b79b8.wav,.wav,262480,f68880f62669e96b9220e47d89578cdeccfd5bff9073d1141fd05b4e5ed68dcd,True,appendix/support
outputs/lava_5/diagnostic_100/stress_audio/noise/snr_20/5192c39d22744c82e8f05ebc.json,.json,269,72a41f172efd89e72f45297d1b74792cc5f413d5b90b6acc87699a1273e8958d,True,appendix/support
outputs/lava_5/diagnostic_100/stress_audio/noise/snr_20/5192c39d22744c82e8f05ebc.wav,.wav,182484,757bd2df50ad3bd97826441ea44c4ff8bf4b34f7f852b258b626e071eea6a021,True,appendix/support
outputs/lava_5/diagnostic_100/stress_audio/noise/snr_20/5351182494dd9c7262224149.json,.json,269,71b63fa02fcbbf2eaf51ac06f5e12773466d6cec6e3e661c1a7127015fa8a813,True,appendix/support
outputs/lava_5/diagnostic_100/stress_audio/noise/snr_20/5351182494dd9c7262224149.wav,.wav,723320,3a965bd7c74109c474384d549912cd5774bd875e2715af912e4539aff6561888,True,appendix/support
outputs/lava_5/diagnostic_100/stress_audio/noise/snr_20/5625dac162e4cd16afe7ec00.json,.json,269,2ac7f366db113a49a107c15e46d56d4c752731ac48e50724629d08073b937783,True,appendix/support
outputs/lava_5/diagnostic_100/stress_audio/noise/snr_20/5625dac162e4cd16afe7ec00.wav,.wav,100688,7d285a0e6dc5121ecf1af431cd32d326376f8abdc3bbc2188ef91985f39ada82,True,appendix/support
outputs/lava_5/diagnostic_100/stress_audio/noise/snr_20/563cfc6338490ec7146f4047.json,.json,269,fdff1cc3711229ccb4c90f8110df30c6be0cb659f9b11770205053d6405a34bf,True,appendix/support
outputs/lava_5/diagnostic_100/stress_audio/noise/snr_20/563cfc6338490ec7146f4047.wav,.wav,262480,5b6883837d0c08eca24b619b80efdcbcf6efe6b6692754f7b7ca6d45291f9d6b,True,appendix/support
outputs/lava_5/diagnostic_100/stress_audio/noise/snr_20/5c43dec240130e4c8e1f5af1.json,.json,269,ef735757228edf49636aa621d44df76c6850b961a5e77b90355fe32f73322634,True,appendix/support
outputs/lava_5/diagnostic_100/stress_audio/noise/snr_20/5c43dec240130e4c8e1f5af1.wav,.wav,187152,1c31af373e9aa64fcba065d7dfad3c1be06b97f856265e42f76515314dc74804,True,appendix/support
outputs/lava_5/diagnostic_100/stress_audio/noise/snr_20/5f00cfa3ef4f1bc1c7af915f.json,.json,269,6ee9693f4bba744ac9fede28023d28b857da1f7346e2d3538e84f92242aac3fd,True,appendix/support
outputs/lava_5/diagnostic_100/stress_audio/noise/snr_20/5f00cfa3ef4f1bc1c7af915f.wav,.wav,195540,9d9cc9f6838603e4c134ba9b638840bd611e454bd86c8b2c8104f29db16c94ac,True,appendix/support
outputs/lava_5/diagnostic_100/stress_audio/noise/snr_20/65fa114084c78e3fa2ccb4c4.json,.json,269,01dd70a6a4026dd61fdf8f6b3eaa8081262dfa1e65b9a1fc355114e7d5c4590f,True,appendix/support
outputs/lava_5/diagnostic_100/stress_audio/noise/snr_20/65fa114084c78e3fa2ccb4c4.wav,.wav,47252,b41418b1d23f921408699a981fda0a4f791214a63fbe4c011c3906998c741984,True,appendix/support
outputs/lava_5/diagnostic_100/stress_audio/noise/snr_20/670e2ee7e3a1b0b302c5c029.json,.json,269,1bb41c3f990a5b9dfd2c5823662e1618e530786ec1a386645539ea43597d5216,True,appendix/support
outputs/lava_5/diagnostic_100/stress_audio/noise/snr_20/670e2ee7e3a1b0b302c5c029.wav,.wav,191312,897f1dfbb75299a5a8ecd185da6a533f1700feaf7cf75379e363a38dea86fb49,True,appendix/support
outputs/lava_5/diagnostic_100/stress_audio/noise/snr_20/69e58b63212e94fad9531cf8.json,.json,269,85a9211f78570d4cf00429926405c6d709adb9679b4fd3f95a3f83312061b37c,True,appendix/support
outputs/lava_5/diagnostic_100/stress_audio/noise/snr_20/69e58b63212e94fad9531cf8.wav,.wav,262480,11b48cd7744ee43349e6b233470643be6855f532bce7131bb33f4bfe464ca0dc,True,appendix/support
outputs/lava_5/diagnostic_100/stress_audio/noise/snr_20/6a6744f2df1e37d04b424700.json,.json,269,d427522e159954d550e30311d03514fe7968c1e3ba2e75de0c6d2d65b2560a25,True,appendix/support
outputs/lava_5/diagnostic_100/stress_audio/noise/snr_20/6a6744f2df1e37d04b424700.wav,.wav,72016,1a4a86246e85587934d9a4cc32fdab2e47817c9e216b3d809c0f33b06c917e03,True,appendix/support
outputs/lava_5/diagnostic_100/stress_audio/noise/snr_20/6b25544eba298359a41e3cda.json,.json,269,0fe23a97144e241f0f9743e6e21f3243e95a318623e056f37dedb487fa3afd59,True,appendix/support
outputs/lava_5/diagnostic_100/stress_audio/noise/snr_20/6b25544eba298359a41e3cda.wav,.wav,42768,68f4a77c1e6bfa872171e77bbebcb85967b0317cd019e13672e2206ec5efd942,True,appendix/support
outputs/lava_5/diagnostic_100/stress_audio/noise/snr_20/6ba0bdb847ca9a4ac515e0b3.json,.json,269,739f2151adcf3f7d2b7efe964bc9db362e8b372e2b2105f6e0cf1aa6718f1a3d,True,appendix/support
outputs/lava_5/diagnostic_100/stress_audio/noise/snr_20/6ba0bdb847ca9a4ac515e0b3.wav,.wav,65040,533d4932d2ad6456f7ad10b0084ddbc65697010bba8d9536b1e50dc5b13bfadf,True,appendix/support
outputs/lava_5/diagnostic_100/stress_audio/noise/snr_20/70acb10251feb1ba60704d3d.json,.json,269,19bc480e6b4d658524abdffb1ca67ccef1ef2782ea49e4ed010ee0bb28fa5b84,True,appendix/support
outputs/lava_5/diagnostic_100/stress_audio/noise/snr_20/70acb10251feb1ba60704d3d.wav,.wav,110672,3788207f6c161e3ff3aaa5b8f1aa5feeefb07f33ce479f5fe2ef545959c6518e,True,appendix/support
outputs/lava_5/diagnostic_100/stress_audio/noise/snr_20/716d883d011d7ae890ad651a.json,.json,269,0d1f79c4f1532666b5859b685251ca8fa00ee3bd2957f4d90abb9be04b3af796,True,appendix/support
outputs/lava_5/diagnostic_100/stress_audio/noise/snr_20/716d883d011d7ae890ad651a.wav,.wav,262480,b9f24e1428e5024f417bb073432ca407a675f3dd203a5586c8d3fcc8661dc159,True,appendix/support
outputs/lava_5/diagnostic_100/stress_audio/noise/snr_20/71efb74aba0dbca8edbaf96d.json,.json,269,3fa91ed3b72f90b66bd6507e983971425c6b4ae6eea55a0d2368dba20cf2e80a,True,appendix/support
outputs/lava_5/diagnostic_100/stress_audio/noise/snr_20/71efb74aba0dbca8edbaf96d.wav,.wav,262480,47020729d5a62af68c4f0b37b34aebb915f593de198059161a12b0e71b57d8cc,True,appendix/support
outputs/lava_5/diagnostic_100/stress_audio/noise/snr_20/724688588871a9e8ec972876.json,.json,269,947294256efb57945b9a727571f4d8a0464bc3b847bfd72d533663b2eeca22b9,True,appendix/support
outputs/lava_5/diagnostic_100/stress_audio/noise/snr_20/724688588871a9e8ec972876.wav,.wav,259024,1241f5c96530f2cf57a3a50273684832a6922e9ff59f4189fb802e7b07482b4e,True,appendix/support
outputs/lava_5/diagnostic_100/stress_audio/noise/snr_20/76db2453d9db2a13cbb2ac04.json,.json,269,22116c6e43d9b75a8d36437a90b2363a2a1ec2b83a568ef7f62cc57e09a2df2e,True,appendix/support
outputs/lava_5/diagnostic_100/stress_audio/noise/snr_20/76db2453d9db2a13cbb2ac04.wav,.wav,222676,71947d1d030812742c1dd32e5ec132db3ffda508dae1ca3dbdacef3eea0f0789,True,appendix/support
outputs/lava_5/diagnostic_100/stress_audio/noise/snr_20/774af2f26f8eed3ad5281fe7.json,.json,269,cc9690ce7bae51ffe122c4a4ba4c2bb145b2414507e7ff6810d3fa33c0ea4824,True,appendix/support
outputs/lava_5/diagnostic_100/stress_audio/noise/snr_20/774af2f26f8eed3ad5281fe7.wav,.wav,175440,3ba20ef0b1c0403bb4272eea6762633116b2d283b3b9cecf87d8e6d59ac2c470,True,appendix/support
outputs/lava_5/diagnostic_100/stress_audio/noise/snr_20/78e5829afd3e6864e5e71c73.json,.json,269,716795c87c58a1f35fa6e210e60a00479147d28f7252a9e5f854f71a0cad2b4b,True,appendix/support
outputs/lava_5/diagnostic_100/stress_audio/noise/snr_20/78e5829afd3e6864e5e71c73.wav,.wav,183184,756401b850d138f7baf46d7e8d7847ef2fe4b6d08cafc98d54499ca9530add71,True,appendix/support
outputs/lava_5/diagnostic_100/stress_audio/noise/snr_20/7a17be8240fb81d00748f3f1.json,.json,269,ae72cdbfd7543e59bf2709d5d338ed9d3f56f9346409a93086d932a7e381bd5d,True,appendix/support
outputs/lava_5/diagnostic_100/stress_audio/noise/snr_20/7a17be8240fb81d00748f3f1.wav,.wav,89620,325543f7e73c12354bd414240dc7c108a8e48c05bcb2db41ad93c3984734cc14,True,appendix/support
outputs/lava_5/diagnostic_100/stress_audio/noise/snr_20/7d3533480083913870e624e1.json,.json,269,2018e27659b9306ec6995b7d1260b0937a6a12a883ee04a41178091a7e86e74f,True,appendix/support
outputs/lava_5/diagnostic_100/stress_audio/noise/snr_20/7d3533480083913870e624e1.wav,.wav,213460,3391799d67a7588f26d6a23b8993787a6f68cdacc011c2d83db05bf0099c7253,True,appendix/support
outputs/lava_5/diagnostic_100/stress_audio/noise/snr_20/84dc75fc1ebb7bb994ab3928.json,.json,269,8f7e6628edebbc181a9ce9d7fb6e7b506cb4d2ebd72b6bfb185f35c683c3bddf,True,appendix/support
outputs/lava_5/diagnostic_100/stress_audio/noise/snr_20/84dc75fc1ebb7bb994ab3928.wav,.wav,51664,6eff9b2fa76095ce2338178dc61ae6bf8b03edd6235c71fee03d9e6cf9b56d27,True,appendix/support
outputs/lava_5/diagnostic_100/stress_audio/noise/snr_20/8837468e1872f56406fb42eb.json,.json,269,6eb8f1b4fda1c257d567f584727a771cc70571426f6e30854380a0feb316c5e3,True,appendix/support
outputs/lava_5/diagnostic_100/stress_audio/noise/snr_20/8837468e1872f56406fb42eb.wav,.wav,128848,e1f632367549316792c8dd58ffd77a66f9e8ccf6e83fa6fbd90a8d61f200e70b,True,appendix/support
outputs/lava_5/diagnostic_100/stress_audio/noise/snr_20/8dfea62bd956d74432a23ebe.json,.json,269,f87812c2ea3f94d4af7c04986b3eb86c83ca30dbd3643fa94f2334373c614187,True,appendix/support
outputs/lava_5/diagnostic_100/stress_audio/noise/snr_20/8dfea62bd956d74432a23ebe.wav,.wav,262480,b9181695f3543739fc1995039ba11f784dd2d0a4538bf982e98f2d5a8b92f986,True,appendix/support
outputs/lava_5/diagnostic_100/stress_audio/noise/snr_20/8f4b5a526d8509d6c28e4e1f.json,.json,269,079e469034d0b334d8a157d4495116cb4abdc3247608c949680268905781bdff,True,appendix/support
outputs/lava_5/diagnostic_100/stress_audio/noise/snr_20/8f4b5a526d8509d6c28e4e1f.wav,.wav,262480,c5e6bea20dc6796e2103e87ef7a4128afed235c5cc6f72931677cc38a915f750,True,appendix/support
outputs/lava_5/diagnostic_100/stress_audio/noise/snr_20/8f733fb9d55b72bc5f2eed54.json,.json,269,646e5c722b41ac61b2a3d89f3d9e4c1b16573f08a0a34bb5ec031ff52f17a200,True,appendix/support
outputs/lava_5/diagnostic_100/stress_audio/noise/snr_20/8f733fb9d55b72bc5f2eed54.wav,.wav,193744,06e632c7b3686ecf12d5dae69f617d79555ced35a3ded7a613ce82c38e585bbb,True,appendix/support
outputs/lava_5/diagnostic_100/stress_audio/noise/snr_20/8f7ceda91962e32fc2b5f66e.json,.json,269,9ab0d10b556e0a0a11b3b134e717d66d73639b2ee02a0fcc6f30aca478abec43,True,appendix/support
outputs/lava_5/diagnostic_100/stress_audio/noise/snr_20/8f7ceda91962e32fc2b5f66e.wav,.wav,72532,fb001fa98fb92e3607af9213503900cc5f4b79d55af0dc9f20c354e9de6c835a,True,appendix/support
outputs/lava_5/diagnostic_100/stress_audio/noise/snr_20/90d03bb99515f26ce1227834.json,.json,269,cb35d7951254cbcad59685070339ecfac8425b08848451b1ebfdeb95a6fdf065,True,appendix/support
outputs/lava_5/diagnostic_100/stress_audio/noise/snr_20/90d03bb99515f26ce1227834.wav,.wav,109328,4d9c047f711e4ec1f33f043304b2cdd493180c360890911f0553af28dd032cb4,True,appendix/support
outputs/lava_5/diagnostic_100/stress_audio/noise/snr_20/9333e9dd36bcb45439be4efc.json,.json,269,f4c6d60d64c53c0327f493fcca87454205642d7db2f604f3a310aa24c1d308a5,True,appendix/support
outputs/lava_5/diagnostic_100/stress_audio/noise/snr_20/9333e9dd36bcb45439be4efc.wav,.wav,262480,e94995ad494f48f4a0c8b6efa334993069bcff2d11c9f0d03a1982ad32d2d3d1,True,appendix/support
outputs/lava_5/diagnostic_100/stress_audio/noise/snr_20/9b28a9b42c335e11e04f958e.json,.json,269,9cc1c7be67cce539088d960823c1d98508180b63bd16378ad33dbc927846d4ca,True,appendix/support
outputs/lava_5/diagnostic_100/stress_audio/noise/snr_20/9b28a9b42c335e11e04f958e.wav,.wav,212816,256b77abf26798926985a6f6ecd30f2a2378c727557dff9e13573e80f11080f3,True,appendix/support
outputs/lava_5/diagnostic_100/stress_audio/noise/snr_20/9d179165adfea51f5cd4e20f.json,.json,269,cd176746fe02a212ecc76dafd08c615fd25b944d8294543709e95271cf4b7343,True,appendix/support
outputs/lava_5/diagnostic_100/stress_audio/noise/snr_20/9d179165adfea51f5cd4e20f.wav,.wav,190928,1135bdaf725cef4b2e33340c758d56fa9d088a3a1a2337a17eac90b90899a27b,True,appendix/support
outputs/lava_5/diagnostic_100/stress_audio/noise/snr_20/9f0918d28116126e7269f4e6.json,.json,269,1c27f7e1b600f3e6309791d4f7014307113de0372b65048b86e6714dc8971d96,True,appendix/support
outputs/lava_5/diagnostic_100/stress_audio/noise/snr_20/9f0918d28116126e7269f4e6.wav,.wav,262480,ace24758c4840447bb1dc8d6af891e2cae281d3e3cda19cf1fdc26c0684d2b37,True,appendix/support
outputs/lava_5/diagnostic_100/stress_audio/noise/snr_20/9f1fdcfd9d149c9f93a019bb.json,.json,269,29fb01bee4fe3e96f89e0f4c67806979bb276ce049a6074fb130342cdb5e1d5f,True,appendix/support
outputs/lava_5/diagnostic_100/stress_audio/noise/snr_20/9f1fdcfd9d149c9f93a019bb.wav,.wav,89744,a5b9713480072b436030cafb32ef70c00750019be7cd5ca8c33c1525bb463729,True,appendix/support
outputs/lava_5/diagnostic_100/stress_audio/noise/snr_20/a2b6797ebeaec85e9f2f606b.json,.json,269,b893bb0f328afab614b3124a38d430f281ca192496e6b706de3c1d61e0cb2344,True,appendix/support
outputs/lava_5/diagnostic_100/stress_audio/noise/snr_20/a2b6797ebeaec85e9f2f606b.wav,.wav,262480,6b315069550c43d778fdf6768cc6d4206b3af1d2e0b0278bc43576027cd5b7b6,True,appendix/support
outputs/lava_5/diagnostic_100/stress_audio/noise/snr_20/a81ba9f3564487c5c5ad6083.json,.json,269,ac2188504501e0a7089a2a79c03673690c755979a876a42b417247933b53bc3b,True,appendix/support
outputs/lava_5/diagnostic_100/stress_audio/noise/snr_20/a81ba9f3564487c5c5ad6083.wav,.wav,111504,db218f8d011bdc59316ef1ab40fcf9226e236a9c4d4f8fde65be3e65968a030c,True,appendix/support
outputs/lava_5/diagnostic_100/stress_audio/noise/snr_20/a9dfa080432da2cb38c10a36.json,.json,269,ee2c5fe1590c01650667badcba0d37843e67fcfe3c2556c6958a43d4e669e2ce,True,appendix/support
outputs/lava_5/diagnostic_100/stress_audio/noise/snr_20/a9dfa080432da2cb38c10a36.wav,.wav,195152,371d6a52a1c8b90ea6b13d2e6ab7c7e04c1f9908f0b61d9141248857a3c7eba7,True,appendix/support
outputs/lava_5/diagnostic_100/stress_audio/noise/snr_20/aa175eb8bb09da4aca353fbc.json,.json,269,085e40b891d13681c1668f894ceb81e08fd241f61479c6e716b03752ecb9990b,True,appendix/support
outputs/lava_5/diagnostic_100/stress_audio/noise/snr_20/aa175eb8bb09da4aca353fbc.wav,.wav,478124,9e76e343212c8807bcac22a98ca7c2b46bb64832eb82bae613a1296237d36ce6,True,appendix/support
outputs/lava_5/diagnostic_100/stress_audio/noise/snr_20/ab8e4cf7200bdca9d708710c.json,.json,269,601f4d00927410937f1742158a2dfc5294402f88a5a710237b40a36e9e5a248f,True,appendix/support
outputs/lava_5/diagnostic_100/stress_audio/noise/snr_20/ab8e4cf7200bdca9d708710c.wav,.wav,262480,410cdbfaf6d36886f3169cf791ff8a2013241d3d5b34b70b449361a8bf2beb23,True,appendix/support
outputs/lava_5/diagnostic_100/stress_audio/noise/snr_20/ae905c6b72d158aeaf1cf62e.json,.json,269,3b2e1643a61456f712a71c395966dba02a9b1ddf188d52e2354154baea0a5900,True,appendix/support
outputs/lava_5/diagnostic_100/stress_audio/noise/snr_20/ae905c6b72d158aeaf1cf62e.wav,.wav,191700,7e3318f2a05f880d545093278c49d1efebefe4599d94ca78ba6bd4824f5775b8,True,appendix/support
outputs/lava_5/diagnostic_100/stress_audio/noise/snr_20/af4a5345e3991cecef3aae8a.json,.json,269,8975f1f61c6f312c8ebc3066711680a6b80c374e46052c3578114e72b56170c5,True,appendix/support
outputs/lava_5/diagnostic_100/stress_audio/noise/snr_20/af4a5345e3991cecef3aae8a.wav,.wav,171284,97067391dd17a44054aebcab4e5a19119712faf89d7ef7c142ad18c8a93f163f,True,appendix/support
outputs/lava_5/diagnostic_100/stress_audio/noise/snr_20/b119d883b5c17cd91903587c.json,.json,269,3fd3410b86752a7b3326377eba70df1ad4d08f387e26bdf0386ca2800529e777,True,appendix/support
outputs/lava_5/diagnostic_100/stress_audio/noise/snr_20/b119d883b5c17cd91903587c.wav,.wav,139600,a798ac2d82b11755a2f06edcd48bb8bdcb75a832c18c141feffd938e5c0380eb,True,appendix/support
outputs/lava_5/diagnostic_100/stress_audio/noise/snr_20/b48e5c014630e6e9fd9b8663.json,.json,269,db63ac07d87d5b6cb3cc4453b46b9d29b5e0091876d5513c3ef74acbb733ea8d,True,appendix/support
outputs/lava_5/diagnostic_100/stress_audio/noise/snr_20/b48e5c014630e6e9fd9b8663.wav,.wav,145812,44a0251d637966d8dba097c8945b9bee039ec2fd99e7d5c7b8f7e087e014c654,True,appendix/support
outputs/lava_5/diagnostic_100/stress_audio/noise/snr_20/bb4a298808e45fe2abc20548.json,.json,269,891e40d5a43cdebf7c88dc1e8d2fb49802471ff70c1d1aa402aba200652233d1,True,appendix/support
outputs/lava_5/diagnostic_100/stress_audio/noise/snr_20/bb4a298808e45fe2abc20548.wav,.wav,225940,66d5efd423a17f5d39b8de72c4e4775422c9fb39cf1f3179febe404821051774,True,appendix/support
outputs/lava_5/diagnostic_100/stress_audio/noise/snr_20/bca256c04342e6f21518f4ed.json,.json,269,b9f7ee1882a16c7d4c6536c65e9679dfc5c471d23b48e8882a3f05dea1655f78,True,appendix/support
outputs/lava_5/diagnostic_100/stress_audio/noise/snr_20/bca256c04342e6f21518f4ed.wav,.wav,262480,ceb0932b0dde0ca3876677a5c308394d1f915e7d7d647721253b403757a48863,True,appendix/support
outputs/lava_5/diagnostic_100/stress_audio/noise/snr_20/bcf90da5d8f365547625d06e.json,.json,269,43b15f120f662425a35c9c70ec09dc91d54b88fabae157f496f22fce2105cf78,True,appendix/support
outputs/lava_5/diagnostic_100/stress_audio/noise/snr_20/bcf90da5d8f365547625d06e.wav,.wav,137232,f724648c65924277bd1a019ffb85e03eab33a77ca677203eeb1d919372031d92,True,appendix/support
outputs/lava_5/diagnostic_100/stress_audio/noise/snr_20/be23031a7c89418cd367d2b6.json,.json,269,8a79152a082a901a14adc6536bc02739e906806043bdc8658793dc6f18d37714,True,appendix/support
outputs/lava_5/diagnostic_100/stress_audio/noise/snr_20/be23031a7c89418cd367d2b6.wav,.wav,262480,803badc1b13e1d3f4857f9d4a8dbc9362a4a487186f51b60b06cc11499cfe372,True,appendix/support
outputs/lava_5/diagnostic_100/stress_audio/noise/snr_20/bf79c7858fa88bf58a01c563.json,.json,269,7e8a9a12c4a4f1aab5a654c1c5e81b01255ba597aebcd0e33831e4c10a54012e,True,appendix/support
outputs/lava_5/diagnostic_100/stress_audio/noise/snr_20/bf79c7858fa88bf58a01c563.wav,.wav,262480,9b198fdea1b52644cb81ab73ec4cdfae4eb46b439999094f8f369f114ea50c13,True,appendix/support
outputs/lava_5/diagnostic_100/stress_audio/noise/snr_20/c19a55980675a8655f10cb86.json,.json,269,db2b68b6b70b346cc1e0980f599c163ad132c67b342be6772cf9655896de882f,True,appendix/support
outputs/lava_5/diagnostic_100/stress_audio/noise/snr_20/c19a55980675a8655f10cb86.wav,.wav,82964,ee9bc73a574a6000e2894063c064d4bd85e7280a49a94cfcaa547d23bd6566d3,True,appendix/support
outputs/lava_5/diagnostic_100/stress_audio/noise/snr_20/c31e2f1d29e4bd849b1979ec.json,.json,269,c1f4941c4261efdb2a2722f2fd35543c2dd94a002495b0503cd86aed0189eb1e,True,appendix/support
outputs/lava_5/diagnostic_100/stress_audio/noise/snr_20/c31e2f1d29e4bd849b1979ec.wav,.wav,262480,38a87ff199ad02ec9fab02fa0e29b5731d2a73e94b32d54e67e63cc03c5d72fe,True,appendix/support
outputs/lava_5/diagnostic_100/stress_audio/noise/snr_20/c8fc323333c786b01aee38cc.json,.json,269,cfa36044bd4e03d6e7a488f4ca6b027a55f7999837d3114e74306b726183dc37,True,appendix/support
outputs/lava_5/diagnostic_100/stress_audio/noise/snr_20/c8fc323333c786b01aee38cc.wav,.wav,262480,427ea91ee05533ce45e2f82cb9d4cbee41e5b2374d2d8f581f8499286eac10de,True,appendix/support
outputs/lava_5/diagnostic_100/stress_audio/noise/snr_20/cb0d4895cd4931043d5add9a.json,.json,269,c55dc4d024242beb84e85c0752958eea74832ec439cdd247b135ede11d8e4644,True,appendix/support
outputs/lava_5/diagnostic_100/stress_audio/noise/snr_20/cb0d4895cd4931043d5add9a.wav,.wav,176208,97062dac818cf51fed98fb9491ce6c6531bf9f35571e961338a558d6224709cf,True,appendix/support
outputs/lava_5/diagnostic_100/stress_audio/noise/snr_20/cb2b10d7e455110be82f03cf.json,.json,269,71c5cb72488d948590f1f28aebbbad48f51b8bd1cdbe53ba012ebb1350269054,True,appendix/support
outputs/lava_5/diagnostic_100/stress_audio/noise/snr_20/cb2b10d7e455110be82f03cf.wav,.wav,172368,e0d6c58128e1c86b6ef953d8384a4f5df0eb2816e1976067e3945f10c3893ca2,True,appendix/support
outputs/lava_5/diagnostic_100/stress_audio/noise/snr_20/cb5fcbd2d9232dd2c54d2bae.json,.json,269,9c1f9f5ec075b46f468c6365953432e1cd61feddf5371bd16998541736fc3999,True,appendix/support
outputs/lava_5/diagnostic_100/stress_audio/noise/snr_20/cb5fcbd2d9232dd2c54d2bae.wav,.wav,262480,7032326a543201c00e51a760e182bf9d76325820f56d3f7a13bb9ac387ed381b,True,appendix/support
outputs/lava_5/diagnostic_100/stress_audio/noise/snr_20/ced0cb1635b69f6c2589670f.json,.json,269,bbd85d9763898455d829aa0c31f90950c97205bc9b95a065e9313585832c445a,True,appendix/support
outputs/lava_5/diagnostic_100/stress_audio/noise/snr_20/ced0cb1635b69f6c2589670f.wav,.wav,103188,a6bd4ff7b8a7b4160ef5307e97db213163516b928c9a4a7afbd5b403cbb2f085,True,appendix/support
outputs/lava_5/diagnostic_100/stress_audio/noise/snr_20/d30113a70f2a4f16402cc05f.json,.json,269,063907da9eaf9a608462b2808bf9c834fb5d3601f1fd0c01ea850d088d4b5cf9,True,appendix/support
outputs/lava_5/diagnostic_100/stress_audio/noise/snr_20/d30113a70f2a4f16402cc05f.wav,.wav,133012,eb64d6eb1cfe6fca952a555513d499e704f2715bd880a85b639badfa8ff40848,True,appendix/support
outputs/lava_5/diagnostic_100/stress_audio/noise/snr_20/d4fffc838ec52ffb01ade537.json,.json,269,ae5d5caa7a4ecd27ff94f6b436f8d84d36f3436b8ef9ceeb3206b0d51bef8cb7,True,appendix/support
outputs/lava_5/diagnostic_100/stress_audio/noise/snr_20/d4fffc838ec52ffb01ade537.wav,.wav,262480,20a5d460604f694c61751086aa5d27006c27e797d69446f63fda660b6a8ba836,True,appendix/support
outputs/lava_5/diagnostic_100/stress_audio/noise/snr_20/d97f1a7e17bce81dfa7ddefb.json,.json,269,fd028f553ab4ca6bb80dfcf41ab0578b3d70a0884903a83a29a8ae1c90dbe771,True,appendix/support
outputs/lava_5/diagnostic_100/stress_audio/noise/snr_20/d97f1a7e17bce81dfa7ddefb.wav,.wav,262480,8c625604ce85d9a930758c2861691b02a3441d4f3ef7537dae4306c56f939c02,True,appendix/support
outputs/lava_5/diagnostic_100/stress_audio/noise/snr_20/dbac3f24169ab38ddd09387d.json,.json,269,024a0d39c0c711049ac4aa485a917f163536608aa83996630dde7b09b5e5474b,True,appendix/support
outputs/lava_5/diagnostic_100/stress_audio/noise/snr_20/dbac3f24169ab38ddd09387d.wav,.wav,186708,08d16d067f012ee152cb813a778091b86b6ab584ac61ce0de76cc420737f77e8,True,appendix/support
outputs/lava_5/diagnostic_100/stress_audio/noise/snr_20/dc3988b11610bdb46c372125.json,.json,269,9affaf598e5a1d0a110fb6ab94e03e4e8c86fc3ab1a0021478f36c91efc932b1,True,appendix/support
outputs/lava_5/diagnostic_100/stress_audio/noise/snr_20/dc3988b11610bdb46c372125.wav,.wav,262480,f5a89b68de8a6452bd2cb4cee858b1592e01fa21d7d8e5592aa3c504733a4816,True,appendix/support
outputs/lava_5/diagnostic_100/stress_audio/noise/snr_20/dcf8f370f478257688c620d9.json,.json,269,d2cf0aa5acd0194fb73261358096fa5c0c6647b03e3e711842e28c6951d85236,True,appendix/support
outputs/lava_5/diagnostic_100/stress_audio/noise/snr_20/dcf8f370f478257688c620d9.wav,.wav,262480,790f11524a6f870abb136d314b0bf17c7da9cc540a3c664e75ea5799ef467415,True,appendix/support
outputs/lava_5/diagnostic_100/stress_audio/noise/snr_20/deefebbe516b3ac9ac603f38.json,.json,269,cb5340acabee1f961b8d90d603ceaa171e5669b181ad4be8550e02f5cea79cf8,True,appendix/support
outputs/lava_5/diagnostic_100/stress_audio/noise/snr_20/deefebbe516b3ac9ac603f38.wav,.wav,248528,0ba5cc087fcf347e46ad0d4bb4ff2330cfdd83ac850fe9cb89b3306ad95e1a8a,True,appendix/support
outputs/lava_5/diagnostic_100/stress_audio/noise/snr_20/e5271133037754a97eb8f3b6.json,.json,269,fac1c67a86da7e382af3e34f0f4f4883fd45ae988e01c816d122a9e975591fac,True,appendix/support
outputs/lava_5/diagnostic_100/stress_audio/noise/snr_20/e5271133037754a97eb8f3b6.wav,.wav,62736,129c94ed1e512acd985863075b9c401550462c597145537751c5c32ea2a0ab9c,True,appendix/support
outputs/lava_5/diagnostic_100/stress_audio/noise/snr_20/ead81e3391bff14cdf44d151.json,.json,269,1fde98daea4f80fdc2501884d026a5441f123d6efcfbd68dd679950b9bc60f97,True,appendix/support
outputs/lava_5/diagnostic_100/stress_audio/noise/snr_20/ead81e3391bff14cdf44d151.wav,.wav,133652,a2ccc1ddce4afbd6a9021b0e87bad363f845d186414148789bc464459872afbb,True,appendix/support
outputs/lava_5/diagnostic_100/stress_audio/noise/snr_20/eff7b7f3f65d718535f7ce56.json,.json,269,cbec540276c2e75abee1161c3b3d4fde450d9183713a94d21f003c4efdb55628,True,appendix/support
outputs/lava_5/diagnostic_100/stress_audio/noise/snr_20/eff7b7f3f65d718535f7ce56.wav,.wav,262480,edd9fe4438674f617e78e32b988b2590bd113cd622d5f5c9c25583294b88da4f,True,appendix/support
outputs/lava_5/diagnostic_100/stress_audio/noise/snr_20/f44a45f391f773d5b6f872e4.json,.json,269,baa12f0688346bb0bf7415f421fd584cc40404a3122ee801642efe2af188cb92,True,appendix/support
outputs/lava_5/diagnostic_100/stress_audio/noise/snr_20/f44a45f391f773d5b6f872e4.wav,.wav,178772,914a06ea87ed26b4a021f327253ba6329506bee4f2777c8d41de2f8654b80b49,True,appendix/support
outputs/lava_5/diagnostic_100/stress_audio/noise/snr_20/f7de6bfe58bdc0a31adfd6e8.json,.json,269,f3fede6e89ee2b35bc0f9d8cbe1b12a559a569a40791fd367cab47f626f68d9d,True,appendix/support
outputs/lava_5/diagnostic_100/stress_audio/noise/snr_20/f7de6bfe58bdc0a31adfd6e8.wav,.wav,262480,eac82c78aab76a1127711b73872bbef373ecb94aeca24a8d1331060d300a96b7,True,appendix/support
outputs/lava_5/diagnostic_100/stress_audio/noise/snr_20/faeb6ad107da2060ac39986a.json,.json,269,aa49c17ede3af82a1b41d173d0d6aaf5696bbf978a83f182289e89bb65f64b74,True,appendix/support
outputs/lava_5/diagnostic_100/stress_audio/noise/snr_20/faeb6ad107da2060ac39986a.wav,.wav,120400,72f2b962ef3654f6a3f8e800f2c256e14d8f7912ef0d3f517908f6bdc2bff97e,True,appendix/support
outputs/lava_5/diagnostic_100/stress_audio/noise/snr_20/fc60038e77e10940ab63c824.json,.json,269,f10b7ab40899c010beebd1f09f0218d804bb4653a5616df13c0a96b2e15fc399,True,appendix/support
outputs/lava_5/diagnostic_100/stress_audio/noise/snr_20/fc60038e77e10940ab63c824.wav,.wav,262480,8f1ae273cf5f237a979835d5018732059e49e5753f80e557c2ce8eb2df72013c,True,appendix/support
outputs/lava_5/diagnostic_100/stress_audio/noise/snr_20/fd1036b8f7b4966e96e2c8c7.json,.json,269,d5178cab7677369deac62b9f229bf50af2e3efa0afb336a36fb0f2ca2ef7eb82,True,appendix/support
outputs/lava_5/diagnostic_100/stress_audio/noise/snr_20/fd1036b8f7b4966e96e2c8c7.wav,.wav,262480,4cb9f646a40c6396361c8b181c70fb7ce24f136b7d8d471aeb6e1276d1bdfe14,True,appendix/support
outputs/lava_5/diagnostic_100/stress_audio/noise/snr_20/ffdce661a5cdb9c355d86f3c.json,.json,269,4816a4743230be84a77843813719fae320cd41f858f73039cc93e44377556cfc,True,appendix/support
outputs/lava_5/diagnostic_100/stress_audio/noise/snr_20/ffdce661a5cdb9c355d86f3c.wav,.wav,262480,82685a0757dfc2f037f215796b55e4c63a5471d3af3ce9660df6747c9f4bbe64,True,appendix/support
outputs/lava_5/diagnostic_100/stress_audio/noise/snr_5/07d9b5deb47c8c4f7a4add8f.json,.json,269,76d942550b181d9dc27a5457b54de95ffb9bb1aefef786e16151a20020373039,True,appendix/support
outputs/lava_5/diagnostic_100/stress_audio/noise/snr_5/07d9b5deb47c8c4f7a4add8f.wav,.wav,262480,2aa5017e9816cd69018ab9b2c70045fa085b98ee25d1fa62d45e71f9c0f39bac,True,appendix/support
outputs/lava_5/diagnostic_100/stress_audio/noise/snr_5/0820dd3eab813b0e27b93e8e.json,.json,269,ac3426a5de97427fda9cfbffc4a9c0db9d29ca70f85586fdc8d82baf40b38031,True,appendix/support
outputs/lava_5/diagnostic_100/stress_audio/noise/snr_5/0820dd3eab813b0e27b93e8e.wav,.wav,142100,71ee6a4836cfee1d07cd465548efa9548327e7d97eb842126e7b80934db605ce,True,appendix/support
outputs/lava_5/diagnostic_100/stress_audio/noise/snr_5/0899cf09f6d50c7d88ac7f41.json,.json,269,bf73acfdea6e1904d6091404aad11c548dba24727021f95eee91c59a38574f8c,True,appendix/support
outputs/lava_5/diagnostic_100/stress_audio/noise/snr_5/0899cf09f6d50c7d88ac7f41.wav,.wav,262480,43be9667a96672ce3edebe386fb46ce7042b1f6f516de658fa4939ecf812082a,True,appendix/support
outputs/lava_5/diagnostic_100/stress_audio/noise/snr_5/0b64d54b2ad1c742cfce0b3b.json,.json,269,ac012422b82338f0157d44ca93f2527f2389b1c23bb65767a2d33882250224cd,True,appendix/support
outputs/lava_5/diagnostic_100/stress_audio/noise/snr_5/0b64d54b2ad1c742cfce0b3b.wav,.wav,235984,ca066ec61a1ab0bcb1b982af38fd15a28d79f9bbe1fdc686f5ef75e38aea3fa4,True,appendix/support
outputs/lava_5/diagnostic_100/stress_audio/noise/snr_5/0ec75ca5547a5dceafb10cde.json,.json,269,dd8d68cfd43849aa5b8ce3b868851bf30c62425204343362bc55f384cd53fa90,True,appendix/support
outputs/lava_5/diagnostic_100/stress_audio/noise/snr_5/0ec75ca5547a5dceafb10cde.wav,.wav,118096,a0f7f8c94be62f348e707e33918da858665dc89893ee68e82d54b4470bbafb00,True,appendix/support
outputs/lava_5/diagnostic_100/stress_audio/noise/snr_5/0f5e87bc674a0d76952aba00.json,.json,269,bad55aa8f094d5555553a7a27c1047a895ef5c32ed49a42b303f4c98a5f4604d,True,appendix/support
outputs/lava_5/diagnostic_100/stress_audio/noise/snr_5/0f5e87bc674a0d76952aba00.wav,.wav,262480,f179b7b3c60d71302ef98c23d65f7c03e31019b7aa40b29129e7d1c7b6a31308,True,appendix/support
outputs/lava_5/diagnostic_100/stress_audio/noise/snr_5/0fe6868f97e611c23992d12c.json,.json,269,b30b7ca718aef621b34cf6251752139e1e99630f05cde4b6a08cf72ec46c1955,True,appendix/support
outputs/lava_5/diagnostic_100/stress_audio/noise/snr_5/0fe6868f97e611c23992d12c.wav,.wav,77136,590996e281e9b6ba95489a127360a0e74cbcf9a3827597e159e0d46bf60205fb,True,appendix/support
outputs/lava_5/diagnostic_100/stress_audio/noise/snr_5/12838c2d174bf0558d7fc31b.json,.json,269,20270e86c16367dff19967036f3705cf4ba38fbe1c46d2965c585e2d8331957e,True,appendix/support
outputs/lava_5/diagnostic_100/stress_audio/noise/snr_5/12838c2d174bf0558d7fc31b.wav,.wav,179220,f1336535690c576d68adddb2a1862ccf42f4cc2ee7c37c7d65119a6855e8beac,True,appendix/support
outputs/lava_5/diagnostic_100/stress_audio/noise/snr_5/13803178f8dd8668d906ee39.json,.json,269,486ed765fafee584093f1a00e615bb83adcbad5d2b8787d673e8c778ee9cdc9c,True,appendix/support
outputs/lava_5/diagnostic_100/stress_audio/noise/snr_5/13803178f8dd8668d906ee39.wav,.wav,221012,8b379279114c536d54b67ad459f8b812c0d67eeca607800d221aa7a6c6bb369a,True,appendix/support
outputs/lava_5/diagnostic_100/stress_audio/noise/snr_5/14d80c96a6550873915015e8.json,.json,269,eb90f736be2e3fb23c775e6d98abe849bcd932b84db3ca4098fded7421731e2f,True,appendix/support
outputs/lava_5/diagnostic_100/stress_audio/noise/snr_5/14d80c96a6550873915015e8.wav,.wav,259152,12dd2708274dcacc6620c1f9cb038ecaf70545f799fae5eab6d07ab759351711,True,appendix/support
outputs/lava_5/diagnostic_100/stress_audio/noise/snr_5/15b5d69cacf815ece2d95caa.json,.json,269,a482ddadfc1ed58e93d124bf2f5b3a737d778ea36bf9e7866374b16ba7f6cf19,True,appendix/support
outputs/lava_5/diagnostic_100/stress_audio/noise/snr_5/15b5d69cacf815ece2d95caa.wav,.wav,184148,b3c35a73acc7648b1fe1d82c45294635a09c2af98efd835b4ad04ba6cca683a3,True,appendix/support
outputs/lava_5/diagnostic_100/stress_audio/noise/snr_5/16519131f339da12045af5e8.json,.json,269,71cc5ccdd260a7ff209515f2d459d9c976970ded1da2ab0204179ecf34089d43,True,appendix/support
outputs/lava_5/diagnostic_100/stress_audio/noise/snr_5/16519131f339da12045af5e8.wav,.wav,183632,56d66cec11f4638664958943918017cbb35223c789f2046b0aaec72cc5d03b96,True,appendix/support
outputs/lava_5/diagnostic_100/stress_audio/noise/snr_5/1663a8d5bb42d6a2e8c8cdc0.json,.json,269,b47ab23def26ba5389e5a07c30a8295592f34181852131b4efe4d03b37652aef,True,appendix/support
outputs/lava_5/diagnostic_100/stress_audio/noise/snr_5/1663a8d5bb42d6a2e8c8cdc0.wav,.wav,185172,bbeea6766b23db86f6fe9534ddeb3e29a3493edf121f61d8ca8c8a3c3ee8f946,True,appendix/support
outputs/lava_5/diagnostic_100/stress_audio/noise/snr_5/1cc0f44320dd697c694c2416.json,.json,269,79e23ba1b3d4471cdb7e7848e638b373ed651e2908a6f48fd64c186268e03343,True,appendix/support
outputs/lava_5/diagnostic_100/stress_audio/noise/snr_5/1cc0f44320dd697c694c2416.wav,.wav,262480,520ba8ba629dd768182cd5d56a6a6854878ff5544f8b998b7e16e055c1e94db1,True,appendix/support
outputs/lava_5/diagnostic_100/stress_audio/noise/snr_5/1d05f3056ab84f705cb3db4f.json,.json,269,f83070db3d351f627e5c93abe082520eca673ff8b063980b2f97cd9c7701fca0,True,appendix/support
outputs/lava_5/diagnostic_100/stress_audio/noise/snr_5/1d05f3056ab84f705cb3db4f.wav,.wav,262480,e604d88f7adc687b95e4ad292be2415962879238c1c11fb7e169a5dc8dd0f698,True,appendix/support
outputs/lava_5/diagnostic_100/stress_audio/noise/snr_5/20e3ba6ea5ae847fc7730906.json,.json,269,fa89e56509f2b938cd68307de71b1699bc42c30784e3207e3325f009eaaf92d3,True,appendix/support
outputs/lava_5/diagnostic_100/stress_audio/noise/snr_5/20e3ba6ea5ae847fc7730906.wav,.wav,262480,fcc0d5f4a6b81a15e1fa645c3d233f0e51e8981dea31b6eb6fce4fb68d878124,True,appendix/support
outputs/lava_5/diagnostic_100/stress_audio/noise/snr_5/22a52105eeb8604387537fc8.json,.json,269,1c6c5f0520ab74385f383563cca8d0d0dc33068f6c3639dbefe0e0d23698c5c3,True,appendix/support
outputs/lava_5/diagnostic_100/stress_audio/noise/snr_5/22a52105eeb8604387537fc8.wav,.wav,182676,f79db1a28dd50a710db46fe27e1fd4fa074663e1b8864bc4c07299a9b5cb5519,True,appendix/support
outputs/lava_5/diagnostic_100/stress_audio/noise/snr_5/2312c3f3be831c56c2f7d6f9.json,.json,269,b8ffddd7f1028bde2601be8bd037ed1c910e9e06542ab5c7e07b6a17ab2bdbe0,True,appendix/support
outputs/lava_5/diagnostic_100/stress_audio/noise/snr_5/2312c3f3be831c56c2f7d6f9.wav,.wav,262480,db37525360eb62121a3d80d3b5d492e5b38b40b54fac2e47feaae5a2b414b05a,True,appendix/support
outputs/lava_5/diagnostic_100/stress_audio/noise/snr_5/23fdfd933236da9fc18b9698.json,.json,269,7d34ba015cf3b0e4922315ef2dda83906234e8a70f6f206f3608652c9e4f9d64,True,appendix/support
outputs/lava_5/diagnostic_100/stress_audio/noise/snr_5/23fdfd933236da9fc18b9698.wav,.wav,208976,7a7381f3eee1be067d63c6d23a68a6a2bdef3b75223ba0ae51ebdaca9898edee,True,appendix/support
outputs/lava_5/diagnostic_100/stress_audio/noise/snr_5/27cc7329c4e34012808006bd.json,.json,269,41b71df76bf5f5e0c6b27b722c0c8f4417eb09d4b816cd3227c09c123f3b17c0,True,appendix/support
outputs/lava_5/diagnostic_100/stress_audio/noise/snr_5/27cc7329c4e34012808006bd.wav,.wav,47060,f8aa143bfb2d3e671153fcab185c718642644e325d983e9036b4d7ac4d668cbc,True,appendix/support
outputs/lava_5/diagnostic_100/stress_audio/noise/snr_5/2bda1970d459fecae0012370.json,.json,269,29fe0e53696e51907e17b786ff2a288a10a2a1b8f363472f6784774c0ecbcf0c,True,appendix/support
outputs/lava_5/diagnostic_100/stress_audio/noise/snr_5/2bda1970d459fecae0012370.wav,.wav,262480,8a240763f52cc8784f65363bd56fe28f584ed0204c4571213464c4083afc4ce6,True,appendix/support
outputs/lava_5/diagnostic_100/stress_audio/noise/snr_5/2c8db8a471cc4054151aa683.json,.json,269,859de1276b8e316ef4faca6cd623bde816fe420f1cc662a7cf9dac9bb6aa9561,True,appendix/support
outputs/lava_5/diagnostic_100/stress_audio/noise/snr_5/2c8db8a471cc4054151aa683.wav,.wav,262480,ac90fe53a58cfdfe1b745f25356d6200cf3f10b559ee097ea7b124ada61c7f43,True,appendix/support
outputs/lava_5/diagnostic_100/stress_audio/noise/snr_5/32bd098cdbd1405bc95276d7.json,.json,269,95c13f2fbb15f9e957d990601f89d8e8c0f802a767872af35ff90d8a4c89c72b,True,appendix/support
outputs/lava_5/diagnostic_100/stress_audio/noise/snr_5/32bd098cdbd1405bc95276d7.wav,.wav,262480,aa11875e1896c345265449077cbd7b0c99ff0a3d403c8ba0e6930312e51fe1b9,True,appendix/support
outputs/lava_5/diagnostic_100/stress_audio/noise/snr_5/388612050711ea476f656661.json,.json,269,a1e9a1c1531ff4d500e56979d49d372d34f55a182fde63d2255ee9d009b5aced,True,appendix/support
outputs/lava_5/diagnostic_100/stress_audio/noise/snr_5/388612050711ea476f656661.wav,.wav,262480,dfc67029657169539edb5c720db13a0c36e7392c8b7545a34eeb02fc23fa634d,True,appendix/support
outputs/lava_5/diagnostic_100/stress_audio/noise/snr_5/3d9931154b09db0ada390088.json,.json,269,78309c19845d3a64b2679f8a5b9fadd5cf58a23091855b927d00b4af08fc8438,True,appendix/support
outputs/lava_5/diagnostic_100/stress_audio/noise/snr_5/3d9931154b09db0ada390088.wav,.wav,43088,30040a270daa06780d88ee60b00ec380f11626320bf74b856753dff660c6dd8d,True,appendix/support
outputs/lava_5/diagnostic_100/stress_audio/noise/snr_5/3e590da85ff04392bf1190fa.json,.json,269,fb206a30534b5dc1ec438f7723ac97f54167646d38b9376ca56f030d03e793fb,True,appendix/support
outputs/lava_5/diagnostic_100/stress_audio/noise/snr_5/3e590da85ff04392bf1190fa.wav,.wav,160208,be044a6676ff7ccf04ea3c7dae6569308ccb0ee8417191b47ddb8b215c463b4d,True,appendix/support
outputs/lava_5/diagnostic_100/stress_audio/noise/snr_5/3fe55cd5eebb79613297438d.json,.json,269,edb050a65becf28de598ae01868de197277f16b55636408295db5ad1c8b5a72b,True,appendix/support
outputs/lava_5/diagnostic_100/stress_audio/noise/snr_5/3fe55cd5eebb79613297438d.wav,.wav,262480,4b54a957af0205fe18ad8dc8e60a4ab545e76406471018e1d437bc4af0303fb8,True,appendix/support
outputs/lava_5/diagnostic_100/stress_audio/noise/snr_5/496c1972636422a85f2e070a.json,.json,269,b0f076d4741bcccf39ec2bd6b0a4f599435d152cef95c44424f089e991ad9ce7,True,appendix/support
outputs/lava_5/diagnostic_100/stress_audio/noise/snr_5/496c1972636422a85f2e070a.wav,.wav,262480,5ef68eacdbcda013202cc7cbf095e216193d5f6f35f715c71b86ce9efb095417,True,appendix/support
outputs/lava_5/diagnostic_100/stress_audio/noise/snr_5/4afd285ddaa5f0fcd4005176.json,.json,269,115725f66fb2ad4575f591f0b84ba24c31ad9a84975bdebd09d22ae2643bb530,True,appendix/support
outputs/lava_5/diagnostic_100/stress_audio/noise/snr_5/4afd285ddaa5f0fcd4005176.wav,.wav,96660,3612c6b193dc16c83a891197dc0f47b3fabff672e3c7bd336ead9b1b1b065313,True,appendix/support
outputs/lava_5/diagnostic_100/stress_audio/noise/snr_5/4f39ef17a122a3d2d30b79b8.json,.json,269,bececb039f51ec0f441d1dc1f71917761a476433f4f1783b1ef4c01fc811aa0e,True,appendix/support
outputs/lava_5/diagnostic_100/stress_audio/noise/snr_5/4f39ef17a122a3d2d30b79b8.wav,.wav,262480,53af81aaefca38cb249eac3bded406465755c4c00217441603940370eb615247,True,appendix/support
outputs/lava_5/diagnostic_100/stress_audio/noise/snr_5/5192c39d22744c82e8f05ebc.json,.json,269,42b21fdb02bc39f425b2a8eec1239b32914f294fc31c0b1cd5ff25b959be0890,True,appendix/support
outputs/lava_5/diagnostic_100/stress_audio/noise/snr_5/5192c39d22744c82e8f05ebc.wav,.wav,182484,09bee370da4456cf60462d8277bb79493c7f6b53e80bfec6755a95b88c73e587,True,appendix/support
outputs/lava_5/diagnostic_100/stress_audio/noise/snr_5/5351182494dd9c7262224149.json,.json,269,89689a594b5262eafcf75372bdf7bf467b7b2f6a1dc26286288a5c15eebf4d25,True,appendix/support
outputs/lava_5/diagnostic_100/stress_audio/noise/snr_5/5351182494dd9c7262224149.wav,.wav,723320,f7fef876aa7e57c0528dc205da264394f12fd790f4d5ccaba9d46b86b789514c,True,appendix/support
outputs/lava_5/diagnostic_100/stress_audio/noise/snr_5/5625dac162e4cd16afe7ec00.json,.json,269,c77e6f54ecd23e86090ae7853e1fbb8b3a16ebc431bbf39e99eae88a403015c2,True,appendix/support
outputs/lava_5/diagnostic_100/stress_audio/noise/snr_5/5625dac162e4cd16afe7ec00.wav,.wav,100688,bc8ae60c9a0d15893e6f63d1fca95eca49193249cd12d94488fbbb0221aaff26,True,appendix/support
outputs/lava_5/diagnostic_100/stress_audio/noise/snr_5/563cfc6338490ec7146f4047.json,.json,269,fa0b7ac9586fb6b37fae656646ae3ac0f06b843ed08b1144aa4c3c599991e872,True,appendix/support
outputs/lava_5/diagnostic_100/stress_audio/noise/snr_5/563cfc6338490ec7146f4047.wav,.wav,262480,8bf2ab48561981fb1066c41ddcde4fbcb9afa820e9201f135f58020bbd61323b,True,appendix/support
outputs/lava_5/diagnostic_100/stress_audio/noise/snr_5/5c43dec240130e4c8e1f5af1.json,.json,269,86814c1b1976ed72c5d5e8fd39cf19060bb18834e164b7b90e7702ad60b9f313,True,appendix/support
outputs/lava_5/diagnostic_100/stress_audio/noise/snr_5/5c43dec240130e4c8e1f5af1.wav,.wav,187152,cc588cd58a86c271e8840a1af37d49a9a9fe77fdb4ecf42c394c7158e2b40fa7,True,appendix/support
outputs/lava_5/diagnostic_100/stress_audio/noise/snr_5/5f00cfa3ef4f1bc1c7af915f.json,.json,269,a1d5293b8564408063811c516e60c3c6918598dadb11b3a879ac904f0c4f9f6a,True,appendix/support
outputs/lava_5/diagnostic_100/stress_audio/noise/snr_5/5f00cfa3ef4f1bc1c7af915f.wav,.wav,195540,338acd6bd825b03e74b4ef154ac71859f5093fad8daced8dbbfea1d22ffb8547,True,appendix/support
outputs/lava_5/diagnostic_100/stress_audio/noise/snr_5/65fa114084c78e3fa2ccb4c4.json,.json,269,3bd8a663ee6830c25cf5cf7723a9f3dfa0f22ee985c7e1ba01ac8c835cdb031b,True,appendix/support
outputs/lava_5/diagnostic_100/stress_audio/noise/snr_5/65fa114084c78e3fa2ccb4c4.wav,.wav,47252,f1fa950179760a2da375b60a383941a7b3e22e7a3430c89a609ae53397a54dda,True,appendix/support
outputs/lava_5/diagnostic_100/stress_audio/noise/snr_5/670e2ee7e3a1b0b302c5c029.json,.json,269,e7f0e325c83feecb1a34d982504ec7756bb9fc9e770aaac93acd88566e310336,True,appendix/support
outputs/lava_5/diagnostic_100/stress_audio/noise/snr_5/670e2ee7e3a1b0b302c5c029.wav,.wav,191312,0303329ce548ad7356c1a71a6780db60fb40deddd6b7b5f533b9b45495a2a28f,True,appendix/support
outputs/lava_5/diagnostic_100/stress_audio/noise/snr_5/69e58b63212e94fad9531cf8.json,.json,269,e33f5d15b2e952b52f2f9c79dc8bcd9ad6b8d2e011487c0f51410299620bab01,True,appendix/support
outputs/lava_5/diagnostic_100/stress_audio/noise/snr_5/69e58b63212e94fad9531cf8.wav,.wav,262480,18a1be9697fd36dfb23275a01945f7ab8efaaa2044215bf6717c50a014541ffc,True,appendix/support
outputs/lava_5/diagnostic_100/stress_audio/noise/snr_5/6a6744f2df1e37d04b424700.json,.json,269,8b0ceb0b9e728b0b00bdb7636a3dd74e6a65b5e7305df1bb2a9fefd93ea53f88,True,appendix/support
outputs/lava_5/diagnostic_100/stress_audio/noise/snr_5/6a6744f2df1e37d04b424700.wav,.wav,72016,0de3d4ea6d378d2a2b0e1896a4ce5396ac07d100ac790a647e57ab77c2087efa,True,appendix/support
outputs/lava_5/diagnostic_100/stress_audio/noise/snr_5/6b25544eba298359a41e3cda.json,.json,269,6271742c4bfcb817c88286f41a898f50d0629f5a21576f80316f384132862963,True,appendix/support
outputs/lava_5/diagnostic_100/stress_audio/noise/snr_5/6b25544eba298359a41e3cda.wav,.wav,42768,b390df8369d4039bb3a887a0d2a36cfa4b3cb48a8784923e720a718f41cdeba7,True,appendix/support
outputs/lava_5/diagnostic_100/stress_audio/noise/snr_5/6ba0bdb847ca9a4ac515e0b3.json,.json,269,107f1b19dd387dc42afc12d77bea0f8341c1684ecd0a9555bdd52c5f33e0b041,True,appendix/support
outputs/lava_5/diagnostic_100/stress_audio/noise/snr_5/6ba0bdb847ca9a4ac515e0b3.wav,.wav,65040,c7d5eba2e1bb297d302bfc5297f4e7acefed7b7187c350ee86e04d3e0ab6369c,True,appendix/support
outputs/lava_5/diagnostic_100/stress_audio/noise/snr_5/70acb10251feb1ba60704d3d.json,.json,269,0c27ff8bf1c555bbdf932145d1af9510b7d5c26c1dfbe360a6a55dd069c856f3,True,appendix/support
outputs/lava_5/diagnostic_100/stress_audio/noise/snr_5/70acb10251feb1ba60704d3d.wav,.wav,110672,b81282bc5747c8a2dccf877a0dd0fd5a35b2bc090ff05674b70a1bcb05dbcb13,True,appendix/support
outputs/lava_5/diagnostic_100/stress_audio/noise/snr_5/716d883d011d7ae890ad651a.json,.json,269,0d451faba0d00db854cbcef9fe8cf12ad974f9dff7ecc212c58a92f3977743f4,True,appendix/support
outputs/lava_5/diagnostic_100/stress_audio/noise/snr_5/716d883d011d7ae890ad651a.wav,.wav,262480,fa86deb6e042984f769a81ae24af1f2a49ee78517ef45efeed7c70678b353cde,True,appendix/support
outputs/lava_5/diagnostic_100/stress_audio/noise/snr_5/71efb74aba0dbca8edbaf96d.json,.json,269,4d20e691901f0ab6a78f29bc9573ce5270fa7610cf91851ed1386abbc89d0d68,True,appendix/support
outputs/lava_5/diagnostic_100/stress_audio/noise/snr_5/71efb74aba0dbca8edbaf96d.wav,.wav,262480,5e4e0c4d26a53dd267836f24c36608ca57106673d50a0f11e6a89c611966c61e,True,appendix/support
outputs/lava_5/diagnostic_100/stress_audio/noise/snr_5/724688588871a9e8ec972876.json,.json,269,7df0d5558137ffa9f60f3f0e6ccf699213f9b369c7729f41b52ae9ae82af9eb8,True,appendix/support
outputs/lava_5/diagnostic_100/stress_audio/noise/snr_5/724688588871a9e8ec972876.wav,.wav,259024,5b0cde829a983dfbda10460c56127bbd1f2db9aadf12d17f455e43b9ebf834fe,True,appendix/support
outputs/lava_5/diagnostic_100/stress_audio/noise/snr_5/76db2453d9db2a13cbb2ac04.json,.json,269,e8996e2566fa7f79c30eef2278168a2d955031324f11fa85bcacb48a150828fe,True,appendix/support
outputs/lava_5/diagnostic_100/stress_audio/noise/snr_5/76db2453d9db2a13cbb2ac04.wav,.wav,222676,ff3d90736ddb1ab2268c99e4630871aee820b045fee0a58558a4720a1212e736,True,appendix/support
outputs/lava_5/diagnostic_100/stress_audio/noise/snr_5/774af2f26f8eed3ad5281fe7.json,.json,269,5f592a5d3bb2cd31fae24b38cc8b023ac9ced01492f9dd009fa17fc1c319ea7c,True,appendix/support
outputs/lava_5/diagnostic_100/stress_audio/noise/snr_5/774af2f26f8eed3ad5281fe7.wav,.wav,175440,acf73663df40e2cb25066f69206e6df02289e6e9417260ca90600fde65a02237,True,appendix/support
outputs/lava_5/diagnostic_100/stress_audio/noise/snr_5/78e5829afd3e6864e5e71c73.json,.json,269,02e482bc4df263666ba6fecfaa414d556be4f15c9a8f16eb88eed86023cc1a57,True,appendix/support
outputs/lava_5/diagnostic_100/stress_audio/noise/snr_5/78e5829afd3e6864e5e71c73.wav,.wav,183184,6d9b4ea16d658331f08d920313421cd16a94abf44e26da4b25f264a69153c0c3,True,appendix/support
outputs/lava_5/diagnostic_100/stress_audio/noise/snr_5/7a17be8240fb81d00748f3f1.json,.json,269,c2834c1e03d9fca007e64c46b37a6969de288bb813cfc0ce7aee75953dae7989,True,appendix/support
outputs/lava_5/diagnostic_100/stress_audio/noise/snr_5/7a17be8240fb81d00748f3f1.wav,.wav,89620,01621a88c3f0ae0f06726195b3749f80384ddd1c86f595e0859af365b25272c5,True,appendix/support
outputs/lava_5/diagnostic_100/stress_audio/noise/snr_5/7d3533480083913870e624e1.json,.json,269,05f78214577bd7d8e279171a3dddca883667a23c2fa896063eae1a76c33f825c,True,appendix/support
outputs/lava_5/diagnostic_100/stress_audio/noise/snr_5/7d3533480083913870e624e1.wav,.wav,213460,2ee699dede3709e98f647bc1320a0f975a3289734389e1a44cbaabbd671c908c,True,appendix/support
outputs/lava_5/diagnostic_100/stress_audio/noise/snr_5/84dc75fc1ebb7bb994ab3928.json,.json,269,3939a461c9fb98df85faba7b499d689a5142b1621393b2093bceedfe2076b269,True,appendix/support
outputs/lava_5/diagnostic_100/stress_audio/noise/snr_5/84dc75fc1ebb7bb994ab3928.wav,.wav,51664,d4a436c7aadb42fd4629b5248d92b190509e143a9e9fd30199d2370ab6d9475e,True,appendix/support
outputs/lava_5/diagnostic_100/stress_audio/noise/snr_5/8837468e1872f56406fb42eb.json,.json,269,2ad117ae89fc99c703391d9f2f3ef1db14bd9c5884293811dc78b1eab59e7278,True,appendix/support
outputs/lava_5/diagnostic_100/stress_audio/noise/snr_5/8837468e1872f56406fb42eb.wav,.wav,128848,31f2df448cb85e7d53028712143a2568faa4ce59668fa7439a8b7f4d33234454,True,appendix/support
outputs/lava_5/diagnostic_100/stress_audio/noise/snr_5/8dfea62bd956d74432a23ebe.json,.json,269,bb5fd3a80b6ecca9180b8061d66a5385067a246a98c43013eceb2f8fd84080ce,True,appendix/support
outputs/lava_5/diagnostic_100/stress_audio/noise/snr_5/8dfea62bd956d74432a23ebe.wav,.wav,262480,10d9fd1c110ff2f3c5e205f8c95aaf8a325b3a959775806e1228825f5a6ec55b,True,appendix/support
outputs/lava_5/diagnostic_100/stress_audio/noise/snr_5/8f4b5a526d8509d6c28e4e1f.json,.json,269,aee18144ca20a4d81077a3c9540051fb078dd22d6c240d6ebbfe2ebfc2790c10,True,appendix/support
outputs/lava_5/diagnostic_100/stress_audio/noise/snr_5/8f4b5a526d8509d6c28e4e1f.wav,.wav,262480,c26b35bd773864b8c2bb637d3cf083eeb04b0442fd5ab3c5c0e186938b10fb07,True,appendix/support
outputs/lava_5/diagnostic_100/stress_audio/noise/snr_5/8f733fb9d55b72bc5f2eed54.json,.json,269,cda2aa4153c0d10b69582de50db0e72b946144cc9d5f388f5070d590843c3627,True,appendix/support
outputs/lava_5/diagnostic_100/stress_audio/noise/snr_5/8f733fb9d55b72bc5f2eed54.wav,.wav,193744,3c9967ee63f5c52f038db1eb6de00c9cd0ddb1603814100de3396277272ebd62,True,appendix/support
outputs/lava_5/diagnostic_100/stress_audio/noise/snr_5/8f7ceda91962e32fc2b5f66e.json,.json,269,292ccc7900ab5faf39dd3519a32b488a67819adf8debef7f2c3aa0846a4c99cd,True,appendix/support
outputs/lava_5/diagnostic_100/stress_audio/noise/snr_5/8f7ceda91962e32fc2b5f66e.wav,.wav,72532,9132bad1fb8533875a9cd02dde93a27ca79b85c7b477eaea85044938f3d5cf82,True,appendix/support
outputs/lava_5/diagnostic_100/stress_audio/noise/snr_5/90d03bb99515f26ce1227834.json,.json,269,6e48d2d923ceaddf20cf785386f3b20ddd2ca4b51701d106f860190ebe6de238,True,appendix/support
outputs/lava_5/diagnostic_100/stress_audio/noise/snr_5/90d03bb99515f26ce1227834.wav,.wav,109328,31a0debacb92e83f3c96ffd2aaca513c2d83687254fd473b3ea00d1f7e42a041,True,appendix/support
outputs/lava_5/diagnostic_100/stress_audio/noise/snr_5/9333e9dd36bcb45439be4efc.json,.json,269,416d0b85e0b0b55b27873bad1737cfea978802f71dc4284aead1aed6608ba3d9,True,appendix/support
outputs/lava_5/diagnostic_100/stress_audio/noise/snr_5/9333e9dd36bcb45439be4efc.wav,.wav,262480,ac4d6bf7db4e862a242937790e8e3d7bbb946e35714e5e79d9bad586d3f9b375,True,appendix/support
outputs/lava_5/diagnostic_100/stress_audio/noise/snr_5/9b28a9b42c335e11e04f958e.json,.json,269,091f1c984f083a6e54800feafdaf4454510288c631e51f31aa8f03520268d6f2,True,appendix/support
outputs/lava_5/diagnostic_100/stress_audio/noise/snr_5/9b28a9b42c335e11e04f958e.wav,.wav,212816,8d4e4dee2f3d04e637ab52801facd78040b63fa00844bf2fca4572a1422177a9,True,appendix/support
outputs/lava_5/diagnostic_100/stress_audio/noise/snr_5/9d179165adfea51f5cd4e20f.json,.json,269,099c81667b24ab84aba2d00f1d55c012bb2ad6db28b9d9554e65cadcc8ba7bad,True,appendix/support
outputs/lava_5/diagnostic_100/stress_audio/noise/snr_5/9d179165adfea51f5cd4e20f.wav,.wav,190928,fd4b4c7a5cf90a6e402da695d261f3b58a6d62acb5c013393d9367df9f20816a,True,appendix/support
outputs/lava_5/diagnostic_100/stress_audio/noise/snr_5/9f0918d28116126e7269f4e6.json,.json,269,6076b7b32704ace64d3ebb1e83f6af89456e2f21193480fd030996e93cef0a98,True,appendix/support
outputs/lava_5/diagnostic_100/stress_audio/noise/snr_5/9f0918d28116126e7269f4e6.wav,.wav,262480,79aef31b2dad621a43002c71904eaa72497afe5a2728ae5bb11258abce9b06a7,True,appendix/support
outputs/lava_5/diagnostic_100/stress_audio/noise/snr_5/9f1fdcfd9d149c9f93a019bb.json,.json,269,b7bf719110daba00f13f8ecb55a85ae9f117ca3176afd1ad95f1cf0945043021,True,appendix/support
outputs/lava_5/diagnostic_100/stress_audio/noise/snr_5/9f1fdcfd9d149c9f93a019bb.wav,.wav,89744,900b593cc74d08436696da9d8c64d6abb9e7d7b84765d6d174ddfc030189dd4c,True,appendix/support
outputs/lava_5/diagnostic_100/stress_audio/noise/snr_5/a2b6797ebeaec85e9f2f606b.json,.json,269,4b0620999e18ed132924151fb57e1deb93ecd62414bf030031ddc3875d9b2f98,True,appendix/support
outputs/lava_5/diagnostic_100/stress_audio/noise/snr_5/a2b6797ebeaec85e9f2f606b.wav,.wav,262480,a88ac7605a4a0189d749c1d10a9860c8628ea830994907abeb2765bb63c49f23,True,appendix/support
outputs/lava_5/diagnostic_100/stress_audio/noise/snr_5/a81ba9f3564487c5c5ad6083.json,.json,269,bf967a98080f612b6eb02f14ca1e6ce5fa3cddc95a8811ca79fe0d889b65786b,True,appendix/support
outputs/lava_5/diagnostic_100/stress_audio/noise/snr_5/a81ba9f3564487c5c5ad6083.wav,.wav,111504,1174abf9a87692b7c4b361219c61b1edd0902b751a52c621ed1731828f4ac257,True,appendix/support
outputs/lava_5/diagnostic_100/stress_audio/noise/snr_5/a9dfa080432da2cb38c10a36.json,.json,269,5f60b3de18c5b2fb8a69a4a3b6d596097b75ec362d72bf023dca437023560bae,True,appendix/support
outputs/lava_5/diagnostic_100/stress_audio/noise/snr_5/a9dfa080432da2cb38c10a36.wav,.wav,195152,b659a8976733bb2c56763bc7ab7a290471ed7d98c4f8aee52eb43d04d0806462,True,appendix/support
outputs/lava_5/diagnostic_100/stress_audio/noise/snr_5/aa175eb8bb09da4aca353fbc.json,.json,269,97a2c47bd6addc6b008468b9e359260f4fefcc2fe843fe1096f7aed98f1e293e,True,appendix/support
outputs/lava_5/diagnostic_100/stress_audio/noise/snr_5/aa175eb8bb09da4aca353fbc.wav,.wav,478124,c1d19cbd86410d965f09cddffee1b3362c6a724d47fdaffb8cdb5f927153cdc9,True,appendix/support
outputs/lava_5/diagnostic_100/stress_audio/noise/snr_5/ab8e4cf7200bdca9d708710c.json,.json,269,5c995230dcdaf493a3f292d607f7724eb24afa5f0a5876373cb80a79f6d7aee6,True,appendix/support
outputs/lava_5/diagnostic_100/stress_audio/noise/snr_5/ab8e4cf7200bdca9d708710c.wav,.wav,262480,0321da64698daf43cdec240f8c85e20d8e2ad4fc96b9f14432bb7109d3957e2e,True,appendix/support
outputs/lava_5/diagnostic_100/stress_audio/noise/snr_5/ae905c6b72d158aeaf1cf62e.json,.json,269,359f3bdfed099779f33d208cc6d913a5b5c6499df31931c541a32a0474891db5,True,appendix/support
outputs/lava_5/diagnostic_100/stress_audio/noise/snr_5/ae905c6b72d158aeaf1cf62e.wav,.wav,191700,c80b3dc29a10c14a8c59eb1ef04be22b47251e50fb7df1d0c0f220ec09926f38,True,appendix/support
outputs/lava_5/diagnostic_100/stress_audio/noise/snr_5/af4a5345e3991cecef3aae8a.json,.json,269,d31ff60746933372b7291e4e7c30548fb9a84839fa3300ea100b447e3e53847c,True,appendix/support
outputs/lava_5/diagnostic_100/stress_audio/noise/snr_5/af4a5345e3991cecef3aae8a.wav,.wav,171284,d6f8ddc1df01039c5318e6ce28d623212cf7b607ed6c099dc133929cffe64a38,True,appendix/support
outputs/lava_5/diagnostic_100/stress_audio/noise/snr_5/b119d883b5c17cd91903587c.json,.json,269,c4c62196345a209ef70d0ab886f22a0835c8844254a73a31b4c84fe156d81a33,True,appendix/support
outputs/lava_5/diagnostic_100/stress_audio/noise/snr_5/b119d883b5c17cd91903587c.wav,.wav,139600,f66e31bf05216a9e0774840cccb2e5611fb139fd35b3284dbd2d2af2faf69971,True,appendix/support
outputs/lava_5/diagnostic_100/stress_audio/noise/snr_5/b48e5c014630e6e9fd9b8663.json,.json,269,934a4e408333da455e89999e15cd75742123d3bbf100cc16991287f53947bc69,True,appendix/support
outputs/lava_5/diagnostic_100/stress_audio/noise/snr_5/b48e5c014630e6e9fd9b8663.wav,.wav,145812,94996e0f921aa90465a781f3ccccb1005d6fb77fd01367225975383a143198e2,True,appendix/support
outputs/lava_5/diagnostic_100/stress_audio/noise/snr_5/bb4a298808e45fe2abc20548.json,.json,269,5f8e8cb0029275605abe19f08487ac108e76fd302c30d473f485c671bcf82c60,True,appendix/support
outputs/lava_5/diagnostic_100/stress_audio/noise/snr_5/bb4a298808e45fe2abc20548.wav,.wav,225940,fbc8bcf125ed0ab822c5eaf74023b7e80baa9ed3c721e28d39e638d3f647be30,True,appendix/support
outputs/lava_5/diagnostic_100/stress_audio/noise/snr_5/bca256c04342e6f21518f4ed.json,.json,269,5a0404248ccaf34205e5b6430d256c84301cafc52ce27c71136923ec17382b2b,True,appendix/support
outputs/lava_5/diagnostic_100/stress_audio/noise/snr_5/bca256c04342e6f21518f4ed.wav,.wav,262480,170d1d034917455cc061154600f88ff785893ab84f244ffd073dcd566c84b449,True,appendix/support
outputs/lava_5/diagnostic_100/stress_audio/noise/snr_5/bcf90da5d8f365547625d06e.json,.json,269,f717963d13559992de9bbb02035060a378e5a04d4f5af6e4cc963dffc8e890d6,True,appendix/support
outputs/lava_5/diagnostic_100/stress_audio/noise/snr_5/bcf90da5d8f365547625d06e.wav,.wav,137232,6c5ef81628179265719ca1db93af9e6c719d30616d3aab5a86acac83a99720ba,True,appendix/support
outputs/lava_5/diagnostic_100/stress_audio/noise/snr_5/be23031a7c89418cd367d2b6.json,.json,269,b09e7d56237acede72d2c738bda0aeaa2e82add7aba87df3682086aa2fbab93d,True,appendix/support
outputs/lava_5/diagnostic_100/stress_audio/noise/snr_5/be23031a7c89418cd367d2b6.wav,.wav,262480,f8720469e795c400dcde041238d2e23570e0b9a6d3c6c029c9ccaa4270557092,True,appendix/support
outputs/lava_5/diagnostic_100/stress_audio/noise/snr_5/bf79c7858fa88bf58a01c563.json,.json,269,0b2d33e7cdb57bd26ec002df54464b50f1779dc152884bb5c17fd1ac42438145,True,appendix/support
outputs/lava_5/diagnostic_100/stress_audio/noise/snr_5/bf79c7858fa88bf58a01c563.wav,.wav,262480,96f566d22cfa13f0c959d892dc87254c5ab1e7e9a062662d88fc1164a2dd43b7,True,appendix/support
outputs/lava_5/diagnostic_100/stress_audio/noise/snr_5/c19a55980675a8655f10cb86.json,.json,269,ece614a2ce72d055e34579ef0b65ffb6d078f6b12239e9e02733c82955138f88,True,appendix/support
outputs/lava_5/diagnostic_100/stress_audio/noise/snr_5/c19a55980675a8655f10cb86.wav,.wav,82964,5754c61c7149b5c7b075666c3d75285a7b5c2847dc1a510056b5aa5015a2457a,True,appendix/support
outputs/lava_5/diagnostic_100/stress_audio/noise/snr_5/c31e2f1d29e4bd849b1979ec.json,.json,269,73e7c92208dda2eb25134399b1a44fac99b5ec7ac7bbb9bc2f355d58d8df06bd,True,appendix/support
outputs/lava_5/diagnostic_100/stress_audio/noise/snr_5/c31e2f1d29e4bd849b1979ec.wav,.wav,262480,ac222dc79914c428748e56db9669c92e19abd755809746c41984a0586bf01640,True,appendix/support
outputs/lava_5/diagnostic_100/stress_audio/noise/snr_5/c8fc323333c786b01aee38cc.json,.json,269,65b2d1e819dac3e0d8ca2b7044597ea7d70220e139ed680193f3a10db691e90a,True,appendix/support
outputs/lava_5/diagnostic_100/stress_audio/noise/snr_5/c8fc323333c786b01aee38cc.wav,.wav,262480,11c23be13c8240e22073717de68a7c714107416f44103b9b1fac1a4176c52d8b,True,appendix/support
outputs/lava_5/diagnostic_100/stress_audio/noise/snr_5/cb0d4895cd4931043d5add9a.json,.json,269,4d97e418af99c385bb6f1558e84f0811d0529f9fbcc85d0e0ebe8259f80b3b18,True,appendix/support
outputs/lava_5/diagnostic_100/stress_audio/noise/snr_5/cb0d4895cd4931043d5add9a.wav,.wav,176208,4eb39eec3337e8dc945a9a6d660f4457440f9e9449961dfa084158f8b8656f64,True,appendix/support
outputs/lava_5/diagnostic_100/stress_audio/noise/snr_5/cb2b10d7e455110be82f03cf.json,.json,269,2608ffe616a3c8a9479c62ae8a2149c01b0aec7517f63f7edda40fa6d79d4632,True,appendix/support
outputs/lava_5/diagnostic_100/stress_audio/noise/snr_5/cb2b10d7e455110be82f03cf.wav,.wav,172368,4bf5be6c260dd7e4ec19dfc15338aa1e0302c6887c6d50613d93bbed99484c4a,True,appendix/support
outputs/lava_5/diagnostic_100/stress_audio/noise/snr_5/cb5fcbd2d9232dd2c54d2bae.json,.json,269,b105b2387da9cbd716db6cf16a4bdf0d7c2d55b252eade3fb089673c52fe2562,True,appendix/support
outputs/lava_5/diagnostic_100/stress_audio/noise/snr_5/cb5fcbd2d9232dd2c54d2bae.wav,.wav,262480,d492e95f9787ea42c8cc0be2d1fcc9d3b4390867e292ff6c82c4337504bcdf7e,True,appendix/support
outputs/lava_5/diagnostic_100/stress_audio/noise/snr_5/ced0cb1635b69f6c2589670f.json,.json,269,fdd426426fc45ddaaa2190d792977b4ea7d24a9a1ca2aaf4ff8d9b805859f577,True,appendix/support
outputs/lava_5/diagnostic_100/stress_audio/noise/snr_5/ced0cb1635b69f6c2589670f.wav,.wav,103188,22e514e75f8d5d9e2312702058555ffdced860fafad0b5b92b56d8a85acc76e4,True,appendix/support
outputs/lava_5/diagnostic_100/stress_audio/noise/snr_5/d30113a70f2a4f16402cc05f.json,.json,269,c219f35679b637a14f1e76923951c7b33763e4bf32335889caf61746b9149f3b,True,appendix/support
outputs/lava_5/diagnostic_100/stress_audio/noise/snr_5/d30113a70f2a4f16402cc05f.wav,.wav,133012,5e6c50592f178201d4a5415c1cacfc1775904bf90f2b08e3157209d96fce9366,True,appendix/support
outputs/lava_5/diagnostic_100/stress_audio/noise/snr_5/d4fffc838ec52ffb01ade537.json,.json,269,711f146871eeb6fb9f8cb011e19b6b708b561a1a0e0344debfb7c27153510cd3,True,appendix/support
outputs/lava_5/diagnostic_100/stress_audio/noise/snr_5/d4fffc838ec52ffb01ade537.wav,.wav,262480,f38ab850cbff04119a237df4ca9abacd6aba404853d07c24ae8b393f87046bab,True,appendix/support
outputs/lava_5/diagnostic_100/stress_audio/noise/snr_5/d97f1a7e17bce81dfa7ddefb.json,.json,269,5c12446f5111259ba96168328938bd841e8f825c341ff466841786ca1c899d45,True,appendix/support
outputs/lava_5/diagnostic_100/stress_audio/noise/snr_5/d97f1a7e17bce81dfa7ddefb.wav,.wav,262480,192dff538e280660ade4c8d8fbc84b1611ac9b6a21159cdf3f4cc5d5b972001c,True,appendix/support
outputs/lava_5/diagnostic_100/stress_audio/noise/snr_5/dbac3f24169ab38ddd09387d.json,.json,269,5ea7faed8762919c1444b7d7c78e8d4697512568556fe7425e5aa10f13faf350,True,appendix/support
outputs/lava_5/diagnostic_100/stress_audio/noise/snr_5/dbac3f24169ab38ddd09387d.wav,.wav,186708,47ba39303bc6fe975c4624be44cfa504103cc05aeb5e12ffb9539ca9f101ecfc,True,appendix/support
outputs/lava_5/diagnostic_100/stress_audio/noise/snr_5/dc3988b11610bdb46c372125.json,.json,269,7a2a0b65f5318f8c9c573133ba87712545809eeb35bca60e94a6faa90e24664b,True,appendix/support
outputs/lava_5/diagnostic_100/stress_audio/noise/snr_5/dc3988b11610bdb46c372125.wav,.wav,262480,51843e846a0eacdcf0552417eaf360bb23d38f9f81a28f70747334972a75285e,True,appendix/support
outputs/lava_5/diagnostic_100/stress_audio/noise/snr_5/dcf8f370f478257688c620d9.json,.json,269,5abc401b46e8a4d3b0bec2f69d7ff31e2fe85f2e1107d146db23a9b39d24dff4,True,appendix/support
outputs/lava_5/diagnostic_100/stress_audio/noise/snr_5/dcf8f370f478257688c620d9.wav,.wav,262480,c0beb1ee9e43e14271069b8af0b04fc2796bfc63b169a64da5ea43c5cc1ad3a3,True,appendix/support
outputs/lava_5/diagnostic_100/stress_audio/noise/snr_5/deefebbe516b3ac9ac603f38.json,.json,269,1c12803716a4a3e5b76bb119beb70e80e79edb15c761f56166d3d4b1aa1bc81d,True,appendix/support
outputs/lava_5/diagnostic_100/stress_audio/noise/snr_5/deefebbe516b3ac9ac603f38.wav,.wav,248528,0ac19ab486895a7b75db0e19ba49f3b2259b5d39205443666301d828a97abe4f,True,appendix/support
outputs/lava_5/diagnostic_100/stress_audio/noise/snr_5/e5271133037754a97eb8f3b6.json,.json,269,a6de1904902de45eae5b446b5f0c23175bb997879d21a6da0431257f0e23194f,True,appendix/support
outputs/lava_5/diagnostic_100/stress_audio/noise/snr_5/e5271133037754a97eb8f3b6.wav,.wav,62736,a15c08119b95dca9cad45d007617e68d725756956cfc13e70b9fdd838afc2f3d,True,appendix/support
outputs/lava_5/diagnostic_100/stress_audio/noise/snr_5/ead81e3391bff14cdf44d151.json,.json,269,354a54ef032f4c98f9142f0d0ed0a75e249db01ed77d2fa3560a8bebf357dbd7,True,appendix/support
outputs/lava_5/diagnostic_100/stress_audio/noise/snr_5/ead81e3391bff14cdf44d151.wav,.wav,133652,b0133c589d2874244bc7863c983119acd811f60fea7a33a343dcab02c02136c5,True,appendix/support
outputs/lava_5/diagnostic_100/stress_audio/noise/snr_5/eff7b7f3f65d718535f7ce56.json,.json,269,8f595af7bbca643ad331349225dc37ee0ddc36afcf48ac97aed15e3389e2dbfb,True,appendix/support
outputs/lava_5/diagnostic_100/stress_audio/noise/snr_5/eff7b7f3f65d718535f7ce56.wav,.wav,262480,3f605791f8e9acc06a5e1ec08d43a23e70a9009a1de01a80ac2b7219f1a615aa,True,appendix/support
outputs/lava_5/diagnostic_100/stress_audio/noise/snr_5/f44a45f391f773d5b6f872e4.json,.json,269,8c43b486a4451d16c6b9326e07ea2bd816c47b184d00ccab26d3dbdac8fbb2e3,True,appendix/support
outputs/lava_5/diagnostic_100/stress_audio/noise/snr_5/f44a45f391f773d5b6f872e4.wav,.wav,178772,cd15313d52f185876d1765efbb656b507e3c6763d8aa1ffc4138f708557ebe51,True,appendix/support
outputs/lava_5/diagnostic_100/stress_audio/noise/snr_5/f7de6bfe58bdc0a31adfd6e8.json,.json,269,315856fa0543a5d3355e7b83e778a2754f64079b2347f200479ca4ad73c3f936,True,appendix/support
outputs/lava_5/diagnostic_100/stress_audio/noise/snr_5/f7de6bfe58bdc0a31adfd6e8.wav,.wav,262480,007bd7c3446bc7d32d8f25b3d3267c95c53d1d98c7a1d602d1f39adbf05b627b,True,appendix/support
outputs/lava_5/diagnostic_100/stress_audio/noise/snr_5/faeb6ad107da2060ac39986a.json,.json,269,55ade093c234b97655267075c11ec6ce27c2632d3ef4c1c4a2d66889180cb206,True,appendix/support
outputs/lava_5/diagnostic_100/stress_audio/noise/snr_5/faeb6ad107da2060ac39986a.wav,.wav,120400,7d0378e350b218abc9bec34fd955e3e3b12ac9eaa822bb82b70cd573a06edc3e,True,appendix/support
outputs/lava_5/diagnostic_100/stress_audio/noise/snr_5/fc60038e77e10940ab63c824.json,.json,269,07bb7fcb0147b7f9358bc378c4706255f0f58b0f94a32ba85646306015a86844,True,appendix/support
outputs/lava_5/diagnostic_100/stress_audio/noise/snr_5/fc60038e77e10940ab63c824.wav,.wav,262480,233d0e51b239fa1a97fc70230acec57fdeb13b7d80139b1909bd2c5a485628a9,True,appendix/support
outputs/lava_5/diagnostic_100/stress_audio/noise/snr_5/fd1036b8f7b4966e96e2c8c7.json,.json,269,181a87e18e033acb7dc33e694f130d791eb1756cb6a41289c920cc89db367a96,True,appendix/support
outputs/lava_5/diagnostic_100/stress_audio/noise/snr_5/fd1036b8f7b4966e96e2c8c7.wav,.wav,262480,0f89258243e992572e5753e7148cbdb05773a7898b3ed1d79883a9ee02891540,True,appendix/support
outputs/lava_5/diagnostic_100/stress_audio/noise/snr_5/ffdce661a5cdb9c355d86f3c.json,.json,269,b310c95de8e5fae567031287088987a70fe16fd12e07dc31ea4f54813ad840d5,True,appendix/support
outputs/lava_5/diagnostic_100/stress_audio/noise/snr_5/ffdce661a5cdb9c355d86f3c.wav,.wav,262480,1715392d6d40e9efbaf4eb8ab406ff5f71a32c7aacce481a52af13ef7fde4d5c,True,appendix/support
outputs/lava_5/diagnostic_100/stress_audio/replay/synthetic_channel/07d9b5deb47c8c4f7a4add8f.json,.json,269,4fe0a2628372fb2c9f8edde7fd57fc79697fb5739fa604c3b96b2108ed3a4eff,True,appendix/support
outputs/lava_5/diagnostic_100/stress_audio/replay/synthetic_channel/07d9b5deb47c8c4f7a4add8f.wav,.wav,262480,898f96729dfcf83e55f2035171f319824b79b98c9262fc2568fabd7d23c04e95,True,appendix/support
outputs/lava_5/diagnostic_100/stress_audio/replay/synthetic_channel/0820dd3eab813b0e27b93e8e.json,.json,269,f1c0c7f59e5243d6920b7307acb6112b085016667229438b4d25cfc105b2e4b2,True,appendix/support
outputs/lava_5/diagnostic_100/stress_audio/replay/synthetic_channel/0820dd3eab813b0e27b93e8e.wav,.wav,142100,e8c751a58c0ac2ce32fa5135f236d8847686ff78ddeadeba96c8cb3f6fdf0543,True,appendix/support
outputs/lava_5/diagnostic_100/stress_audio/replay/synthetic_channel/0899cf09f6d50c7d88ac7f41.json,.json,269,078dbfd53889a1bdcc4f60d0134bc2dfb22fc4780f90b27be66acb5c1ef833ad,True,appendix/support
outputs/lava_5/diagnostic_100/stress_audio/replay/synthetic_channel/0899cf09f6d50c7d88ac7f41.wav,.wav,262480,00d07d021919b1c724f193532052374a77ad23e5e969436de18056cca34541bc,True,appendix/support
outputs/lava_5/diagnostic_100/stress_audio/replay/synthetic_channel/0b64d54b2ad1c742cfce0b3b.json,.json,269,6602d24dede5a3d3027ddc86166aa4f73fbd75074d07a6ca2f749ec644a9bb14,True,appendix/support
outputs/lava_5/diagnostic_100/stress_audio/replay/synthetic_channel/0b64d54b2ad1c742cfce0b3b.wav,.wav,235984,5627662814cab63d5d493944b4fb2044d9c467e2a73aef170b7cc76b56da20f6,True,appendix/support
outputs/lava_5/diagnostic_100/stress_audio/replay/synthetic_channel/0ec75ca5547a5dceafb10cde.json,.json,269,9f12049abfe7359bf6b7f91846a3f049553ea6ba120a3a5f022a24cf774f7e36,True,appendix/support
outputs/lava_5/diagnostic_100/stress_audio/replay/synthetic_channel/0ec75ca5547a5dceafb10cde.wav,.wav,118096,2cec2502e8fadfa40ef9f12c9ff92bf96c7804a42cf19934e9cc03f7a83e8c10,True,appendix/support
outputs/lava_5/diagnostic_100/stress_audio/replay/synthetic_channel/0f5e87bc674a0d76952aba00.json,.json,269,e6f361834d40ceb6d593c2736560cc4cbf702d4cea152c758aadff8f212a4549,True,appendix/support
outputs/lava_5/diagnostic_100/stress_audio/replay/synthetic_channel/0f5e87bc674a0d76952aba00.wav,.wav,262480,b68a5092d753dd5db3e9b01fcfeb79dd3b6c82181ae3307c0b9dfe43112b83ef,True,appendix/support
outputs/lava_5/diagnostic_100/stress_audio/replay/synthetic_channel/0fe6868f97e611c23992d12c.json,.json,269,b81d124d018a8f9c08e19dad674353f4ec5e981672c2b18ad4babdd8f36522f1,True,appendix/support
outputs/lava_5/diagnostic_100/stress_audio/replay/synthetic_channel/0fe6868f97e611c23992d12c.wav,.wav,77136,97c67b1e1d6bf39490e99694a8eba96c73575a93a0a5923f50bc74a195c058c3,True,appendix/support
outputs/lava_5/diagnostic_100/stress_audio/replay/synthetic_channel/12838c2d174bf0558d7fc31b.json,.json,269,e187acb09f1a38c31e349411484986b5375aa135addacfe9915e38b0046b5df6,True,appendix/support
outputs/lava_5/diagnostic_100/stress_audio/replay/synthetic_channel/12838c2d174bf0558d7fc31b.wav,.wav,179220,900c0999a93e70f004aaa91bfc898cc899c8d82b464ac80f12bdd2d830af1925,True,appendix/support
outputs/lava_5/diagnostic_100/stress_audio/replay/synthetic_channel/13803178f8dd8668d906ee39.json,.json,269,91daa091487f7f12ec2885bbc9ff27366e1af5c367675164d7068b23bb1473ac,True,appendix/support
outputs/lava_5/diagnostic_100/stress_audio/replay/synthetic_channel/13803178f8dd8668d906ee39.wav,.wav,221012,73fcea7a7bca645c2c142da2df6270cbabafb2fe8cfe63d87b32e90cab0dea6e,True,appendix/support
outputs/lava_5/diagnostic_100/stress_audio/replay/synthetic_channel/14d80c96a6550873915015e8.json,.json,269,dfae0b6f318fa603252fd7632bc837db01ffb3bc2f6bb9c7403a8ba515f5407f,True,appendix/support
outputs/lava_5/diagnostic_100/stress_audio/replay/synthetic_channel/14d80c96a6550873915015e8.wav,.wav,259152,43f085038ae1c979cc75f9b713beb17ca2381283227dafa3934add1c586d10c6,True,appendix/support
outputs/lava_5/diagnostic_100/stress_audio/replay/synthetic_channel/15b5d69cacf815ece2d95caa.json,.json,269,742d5d5b629740048db1b5726691cca77cc03026a18915b65de9adbfe471d9f7,True,appendix/support
outputs/lava_5/diagnostic_100/stress_audio/replay/synthetic_channel/15b5d69cacf815ece2d95caa.wav,.wav,184148,b271723fb02b32e1f7508336a6d10b3fe2c0845db8fdc9b08f8a05a100491898,True,appendix/support
outputs/lava_5/diagnostic_100/stress_audio/replay/synthetic_channel/16519131f339da12045af5e8.json,.json,269,cd3cb9ef5a653168d17e5e386484b947efc984fd9cc59da60378258d54c2774a,True,appendix/support
outputs/lava_5/diagnostic_100/stress_audio/replay/synthetic_channel/16519131f339da12045af5e8.wav,.wav,183632,4fe1324ebca3ca2a9f97f2e58b38f7f6b5287de07385c35a9676436b6eeb7fe1,True,appendix/support
outputs/lava_5/diagnostic_100/stress_audio/replay/synthetic_channel/1663a8d5bb42d6a2e8c8cdc0.json,.json,269,b4635aed7c67dcbc6e28575a5c53db3426d0045cd2e396f514c8226976196ea7,True,appendix/support
outputs/lava_5/diagnostic_100/stress_audio/replay/synthetic_channel/1663a8d5bb42d6a2e8c8cdc0.wav,.wav,185172,b07d2f209825cabf9824aee3ba29e92daa4f84187c3c6b8b3bd75a4ce0e54128,True,appendix/support
outputs/lava_5/diagnostic_100/stress_audio/replay/synthetic_channel/1cc0f44320dd697c694c2416.json,.json,269,a034cbb240c01f84d1f6c65c63793fef6e730c4e10c4980defff7d4bec261182,True,appendix/support
outputs/lava_5/diagnostic_100/stress_audio/replay/synthetic_channel/1cc0f44320dd697c694c2416.wav,.wav,262480,a1add2da0b40cebde8e40b063ada29568a8c3ffa455ab159f5abe9c26234220c,True,appendix/support
outputs/lava_5/diagnostic_100/stress_audio/replay/synthetic_channel/1d05f3056ab84f705cb3db4f.json,.json,269,9a41bcf7b282f525ca9dc1721a221a0bfeec09bd37a67145e32f5feed55421db,True,appendix/support
outputs/lava_5/diagnostic_100/stress_audio/replay/synthetic_channel/1d05f3056ab84f705cb3db4f.wav,.wav,262480,1bd8058299db9440f796047af1c3353f3b019d030393e166126bbb38a1f0de30,True,appendix/support
outputs/lava_5/diagnostic_100/stress_audio/replay/synthetic_channel/20e3ba6ea5ae847fc7730906.json,.json,269,e43c8a431cb6fa3c46f4f5bbb2d2510b98b231010dc1b5cb92ed8e99a03fae75,True,appendix/support
outputs/lava_5/diagnostic_100/stress_audio/replay/synthetic_channel/20e3ba6ea5ae847fc7730906.wav,.wav,262480,ad9014d933978aedc4a253cf1d290167e7036967abb14f8fd2e788ce701c7274,True,appendix/support
outputs/lava_5/diagnostic_100/stress_audio/replay/synthetic_channel/22a52105eeb8604387537fc8.json,.json,269,184e2bd3020585d11c8490e1b453afab74063ccbaaa974eebdbd1da3d7489908,True,appendix/support
outputs/lava_5/diagnostic_100/stress_audio/replay/synthetic_channel/22a52105eeb8604387537fc8.wav,.wav,182676,7ee8bd5e982a9fba923cbeb8537ea9a7ffc78742027ccb9896e9e7d7e1e48f47,True,appendix/support
outputs/lava_5/diagnostic_100/stress_audio/replay/synthetic_channel/2312c3f3be831c56c2f7d6f9.json,.json,269,8d90d04980a86d838bd904289b0b9d07c3c9aa290618e446da685173d051c0d7,True,appendix/support
outputs/lava_5/diagnostic_100/stress_audio/replay/synthetic_channel/2312c3f3be831c56c2f7d6f9.wav,.wav,262480,b8241bc9456515e78ea4f8ff214d6125bc5494e98e9807f9ded9c619bce56f32,True,appendix/support
outputs/lava_5/diagnostic_100/stress_audio/replay/synthetic_channel/23fdfd933236da9fc18b9698.json,.json,269,8fad1428bbc7dac23f8f5a1eeeb197be10b5262b15615d87039be53ed0c8176d,True,appendix/support
outputs/lava_5/diagnostic_100/stress_audio/replay/synthetic_channel/23fdfd933236da9fc18b9698.wav,.wav,208976,07734adac36a8550238d140c978d3e03c5dce7e43579d0958708cebfb7dd1165,True,appendix/support
outputs/lava_5/diagnostic_100/stress_audio/replay/synthetic_channel/27cc7329c4e34012808006bd.json,.json,269,dfef7582f1f726edc48c3c14f83746586594af38d0a05c0d998c4eb66d06227a,True,appendix/support
outputs/lava_5/diagnostic_100/stress_audio/replay/synthetic_channel/27cc7329c4e34012808006bd.wav,.wav,47060,f4ce57bf7cec02c8e825ae4046b245962c2e23047a57de757dadaa0ff8054cfe,True,appendix/support
outputs/lava_5/diagnostic_100/stress_audio/replay/synthetic_channel/2bda1970d459fecae0012370.json,.json,269,ef87d7812db975285e15e9291a9734149e894effc1b88f13bf55754839603593,True,appendix/support
outputs/lava_5/diagnostic_100/stress_audio/replay/synthetic_channel/2bda1970d459fecae0012370.wav,.wav,262480,02cd8c659cd5358c55c4f225103eb45786170d202be3fc3554fc1ac277ff05c2,True,appendix/support
outputs/lava_5/diagnostic_100/stress_audio/replay/synthetic_channel/2c8db8a471cc4054151aa683.json,.json,269,4067e0cb778ee1b072180bcd5cd6be26849519cde87a4c29a8d86cdcd0efb125,True,appendix/support
outputs/lava_5/diagnostic_100/stress_audio/replay/synthetic_channel/2c8db8a471cc4054151aa683.wav,.wav,262480,ce8dd22ec2d7938a8f7d3f3be001583b12903e269032dbe7a1019222e70a7991,True,appendix/support
outputs/lava_5/diagnostic_100/stress_audio/replay/synthetic_channel/32bd098cdbd1405bc95276d7.json,.json,269,147c1b27723b87844be2dd19b02e890766096a675e67bf16cfcd738cdfdd4275,True,appendix/support
outputs/lava_5/diagnostic_100/stress_audio/replay/synthetic_channel/32bd098cdbd1405bc95276d7.wav,.wav,262480,71151a39a131f7cff8414c915f84056e2a4bb1b0216aced80a4d8275381487e3,True,appendix/support
outputs/lava_5/diagnostic_100/stress_audio/replay/synthetic_channel/388612050711ea476f656661.json,.json,269,2be75c721ca38b3756ff9c401cae534f9e233343820bed9dd5af3fdd177f6a21,True,appendix/support
outputs/lava_5/diagnostic_100/stress_audio/replay/synthetic_channel/388612050711ea476f656661.wav,.wav,262480,4f4cefd7c0644478e6cddb0ada62fb0db3ecaf7429ac4f4e2d7ee4d76f86c351,True,appendix/support
outputs/lava_5/diagnostic_100/stress_audio/replay/synthetic_channel/3d9931154b09db0ada390088.json,.json,269,894c242dbc404d44347c67cfe7b9224258eb67a702e3f4f42d298c51303e59e2,True,appendix/support
outputs/lava_5/diagnostic_100/stress_audio/replay/synthetic_channel/3d9931154b09db0ada390088.wav,.wav,43088,2bcae1cfbd3459925361ab7bbcde7639cd0d5da1eb2c4eeac60448574331a0e3,True,appendix/support
outputs/lava_5/diagnostic_100/stress_audio/replay/synthetic_channel/3e590da85ff04392bf1190fa.json,.json,269,0249b6282fd0bc5f72bbbf1bf41ad66e6cd2b0d35ef311e3265099b57a37696d,True,appendix/support
outputs/lava_5/diagnostic_100/stress_audio/replay/synthetic_channel/3e590da85ff04392bf1190fa.wav,.wav,160208,45ea20664ccb112913fb8b76f51fce1579fb65d2660f94c9b5014eb389cadc3c,True,appendix/support
outputs/lava_5/diagnostic_100/stress_audio/replay/synthetic_channel/3fe55cd5eebb79613297438d.json,.json,269,3e2969e13abbdc9ad3cb74ba4b14c5dd73287a71a1e5ad4503600e8739ce80f5,True,appendix/support
outputs/lava_5/diagnostic_100/stress_audio/replay/synthetic_channel/3fe55cd5eebb79613297438d.wav,.wav,262480,eb98d2b2327bde027442f6edec0f6a854c1dd37cb86ef5eaa0dc1bddc1ba7625,True,appendix/support
outputs/lava_5/diagnostic_100/stress_audio/replay/synthetic_channel/496c1972636422a85f2e070a.json,.json,269,bff15424d3ae6c03a0bba98ae52ecd35ff1f9067f22719ebea3da8eebdb8dbb9,True,appendix/support
outputs/lava_5/diagnostic_100/stress_audio/replay/synthetic_channel/496c1972636422a85f2e070a.wav,.wav,262480,c4f97547910c6b4422bd7f2b35584ac8b271ce264586700b846091741869c669,True,appendix/support
outputs/lava_5/diagnostic_100/stress_audio/replay/synthetic_channel/4afd285ddaa5f0fcd4005176.json,.json,269,f1eca786598e8eed45ac91666c3866878009069629c0bd82d66673287ecbca03,True,appendix/support
outputs/lava_5/diagnostic_100/stress_audio/replay/synthetic_channel/4afd285ddaa5f0fcd4005176.wav,.wav,96660,a079251cd305885c7c189e37500807a1ba9ae72f21c544f34e5b321dd204cfd0,True,appendix/support
outputs/lava_5/diagnostic_100/stress_audio/replay/synthetic_channel/4f39ef17a122a3d2d30b79b8.json,.json,269,675724416cc5b0296caa25cb6bee535c90095e771fd531e1664e0bd289ec708c,True,appendix/support
outputs/lava_5/diagnostic_100/stress_audio/replay/synthetic_channel/4f39ef17a122a3d2d30b79b8.wav,.wav,262480,3ed524ca0ba6744f51c3cdb65a317422a7736d676e9f276669932e84d4992e74,True,appendix/support
outputs/lava_5/diagnostic_100/stress_audio/replay/synthetic_channel/5192c39d22744c82e8f05ebc.json,.json,269,c85eab7039afc659fef84ff88d9a8c61847281b0e1a718b2c1d9c308087c074f,True,appendix/support
outputs/lava_5/diagnostic_100/stress_audio/replay/synthetic_channel/5192c39d22744c82e8f05ebc.wav,.wav,182484,fd6a4822f8f4a9b8d1f20000b4875dcc89e8c276fb8981b303e747c89c7dafd2,True,appendix/support
outputs/lava_5/diagnostic_100/stress_audio/replay/synthetic_channel/5351182494dd9c7262224149.json,.json,269,dc0f3eaf81a2093ee2c47719e2a217a4d74ea6f6b0a8b0882584bfe8def7f0e6,True,appendix/support
outputs/lava_5/diagnostic_100/stress_audio/replay/synthetic_channel/5351182494dd9c7262224149.wav,.wav,723320,4b42d46d3869773cc4a5067486a78cd16aae49ca3a91f7941303bf83cc444174,True,appendix/support
outputs/lava_5/diagnostic_100/stress_audio/replay/synthetic_channel/5625dac162e4cd16afe7ec00.json,.json,269,5aefd05c85153de31f9b5e51ea0af673cf0f0da30407e752eca168dff91d0d67,True,appendix/support
outputs/lava_5/diagnostic_100/stress_audio/replay/synthetic_channel/5625dac162e4cd16afe7ec00.wav,.wav,100688,d6f73a57adb162d7b56994f4bf0ed75ab1d1e4a333b28ab6bd32c28898533963,True,appendix/support
outputs/lava_5/diagnostic_100/stress_audio/replay/synthetic_channel/563cfc6338490ec7146f4047.json,.json,269,fb9849f0b480c8258c6e3a41204efe4048ba7c7ca6327037edcd5b4265d8ada8,True,appendix/support
outputs/lava_5/diagnostic_100/stress_audio/replay/synthetic_channel/563cfc6338490ec7146f4047.wav,.wav,262480,4462c8605a00527a4a3375d8a5e1d88e4da6b6c5829f01c9ce9044f7fdba0c55,True,appendix/support
outputs/lava_5/diagnostic_100/stress_audio/replay/synthetic_channel/5c43dec240130e4c8e1f5af1.json,.json,269,3d7938735e6927b3ba9b2d440bed9322b9728b5a75e0e82fd0e7101254308569,True,appendix/support
outputs/lava_5/diagnostic_100/stress_audio/replay/synthetic_channel/5c43dec240130e4c8e1f5af1.wav,.wav,187152,81a6f0dcea0d45d19d69604998521e0be93d6e5273e4ee2e183106e6310d2b9d,True,appendix/support
outputs/lava_5/diagnostic_100/stress_audio/replay/synthetic_channel/5f00cfa3ef4f1bc1c7af915f.json,.json,269,ab46ad6853bffa7db3edeb9f1c845e1ddebb889a36610f140fabeaed8e3da954,True,appendix/support
outputs/lava_5/diagnostic_100/stress_audio/replay/synthetic_channel/5f00cfa3ef4f1bc1c7af915f.wav,.wav,195540,4b09b744b3ec2564c2c9b244e6efbe198abc9efb5cd6294acafc3e1c32bc0d0d,True,appendix/support
outputs/lava_5/diagnostic_100/stress_audio/replay/synthetic_channel/65fa114084c78e3fa2ccb4c4.json,.json,269,e2c1dddf63dc8553c85dd074f0d4a81e1d803df88879aa0294073602d47bcc6b,True,appendix/support
outputs/lava_5/diagnostic_100/stress_audio/replay/synthetic_channel/65fa114084c78e3fa2ccb4c4.wav,.wav,47252,e942fdcc7e7395995568c00138e4cf05c570f0078a9d3cd35b0c3066af5e577f,True,appendix/support
outputs/lava_5/diagnostic_100/stress_audio/replay/synthetic_channel/670e2ee7e3a1b0b302c5c029.json,.json,269,1e47ca913e617bc9ede9c452134cc546b5267602c3757e8c424493b0d654ffc7,True,appendix/support
outputs/lava_5/diagnostic_100/stress_audio/replay/synthetic_channel/670e2ee7e3a1b0b302c5c029.wav,.wav,191312,76dc259db64968663d0c6b70863c8d19a297f0069ea57a9f40ec18472e85a7ce,True,appendix/support
outputs/lava_5/diagnostic_100/stress_audio/replay/synthetic_channel/69e58b63212e94fad9531cf8.json,.json,269,980e7133469af655429eec30cb3b2131bebd4b7492906395a0ef99be5765958f,True,appendix/support
outputs/lava_5/diagnostic_100/stress_audio/replay/synthetic_channel/69e58b63212e94fad9531cf8.wav,.wav,262480,42cc88ebf773f82da5c446c70a3840dc5cf848761a3f6cf482beac7193adb9c4,True,appendix/support
outputs/lava_5/diagnostic_100/stress_audio/replay/synthetic_channel/6a6744f2df1e37d04b424700.json,.json,269,94f1623b2c4c9996acab88559e64a823494cc8d48b2887e8e52fed01d5818dc1,True,appendix/support
outputs/lava_5/diagnostic_100/stress_audio/replay/synthetic_channel/6a6744f2df1e37d04b424700.wav,.wav,72016,d64650c22b273832e7d674aa1affe97cd21cc4126ef2ef75696e3d17aa93666e,True,appendix/support
outputs/lava_5/diagnostic_100/stress_audio/replay/synthetic_channel/6b25544eba298359a41e3cda.json,.json,269,76bf83faf4ae6c54ba6bcfc91392f1506e4bc48ad1dccca42c8734711697f296,True,appendix/support
outputs/lava_5/diagnostic_100/stress_audio/replay/synthetic_channel/6b25544eba298359a41e3cda.wav,.wav,42768,3f0498fb3e51bf07e50600bfcd2664215ac6bf21b4e408746196a5f5a43e75f6,True,appendix/support
outputs/lava_5/diagnostic_100/stress_audio/replay/synthetic_channel/6ba0bdb847ca9a4ac515e0b3.json,.json,269,ddda23aa61cfe282de538fb0cae5484b7137eee7582938bc21407fe8331b7775,True,appendix/support
outputs/lava_5/diagnostic_100/stress_audio/replay/synthetic_channel/6ba0bdb847ca9a4ac515e0b3.wav,.wav,65040,7d5e60a0364267c3e07d21961e20659e2eff63f47c21f854ae7629ccc5717763,True,appendix/support
outputs/lava_5/diagnostic_100/stress_audio/replay/synthetic_channel/70acb10251feb1ba60704d3d.json,.json,269,3913aef0206afea86ad02bc6e97231e5eed4227e3ee72158bf181429b4aed1bc,True,appendix/support
outputs/lava_5/diagnostic_100/stress_audio/replay/synthetic_channel/70acb10251feb1ba60704d3d.wav,.wav,110672,7ea8ff37cf82372f0087f77d3dcd2dce1a91a579a858b043109294de93fda95e,True,appendix/support
outputs/lava_5/diagnostic_100/stress_audio/replay/synthetic_channel/716d883d011d7ae890ad651a.json,.json,269,cb99af57f329c564a2592ece9e0ed4d550d1fc6f0428b77553d9442f694d34e0,True,appendix/support
outputs/lava_5/diagnostic_100/stress_audio/replay/synthetic_channel/716d883d011d7ae890ad651a.wav,.wav,262480,afe0e4cfcaf97fc248fd72d7c82fd53f749e342b8befabb186d4ecb9a701b874,True,appendix/support
outputs/lava_5/diagnostic_100/stress_audio/replay/synthetic_channel/71efb74aba0dbca8edbaf96d.json,.json,269,e5667a4c57a15878e52849dbf5e0930cff8dfd9bf33a46f0cbfb809e877fcaa8,True,appendix/support
outputs/lava_5/diagnostic_100/stress_audio/replay/synthetic_channel/71efb74aba0dbca8edbaf96d.wav,.wav,262480,2b7bcf7841f44ba02cca5b8ed9c76b2e1bf2b93801b053144ca502fcda36f30c,True,appendix/support
outputs/lava_5/diagnostic_100/stress_audio/replay/synthetic_channel/724688588871a9e8ec972876.json,.json,269,49fa7df0be09ad82e649f127fce279bf90d161e39959306f83ec57b748c3f10a,True,appendix/support
outputs/lava_5/diagnostic_100/stress_audio/replay/synthetic_channel/724688588871a9e8ec972876.wav,.wav,259024,8e547d4ea984066a10895f22a7bea346f3cacf86afb03360e4cc258b42f7cef8,True,appendix/support
outputs/lava_5/diagnostic_100/stress_audio/replay/synthetic_channel/76db2453d9db2a13cbb2ac04.json,.json,269,b95094c6eab7188c19436b3e77631d414d12f827a5d7e2ae75352f3ca3b3e270,True,appendix/support
outputs/lava_5/diagnostic_100/stress_audio/replay/synthetic_channel/76db2453d9db2a13cbb2ac04.wav,.wav,222676,8b50553e21ba5ef6c67aa98753f33f2b0093e8540bfb0c477b744dbc21c7c916,True,appendix/support
outputs/lava_5/diagnostic_100/stress_audio/replay/synthetic_channel/774af2f26f8eed3ad5281fe7.json,.json,269,eef236c27f2ecf2093244c6735b05e05fda92b47abd1b6441ec95a78a660bc52,True,appendix/support
outputs/lava_5/diagnostic_100/stress_audio/replay/synthetic_channel/774af2f26f8eed3ad5281fe7.wav,.wav,175440,68a22f211d1aae95a4854aa4389f34272fda81908db0fc96abd8c372870668bd,True,appendix/support
outputs/lava_5/diagnostic_100/stress_audio/replay/synthetic_channel/78e5829afd3e6864e5e71c73.json,.json,269,3651515aeeeabf96162a25dc135f417bccca6fd30d6b823a405bcc1a17f42085,True,appendix/support
outputs/lava_5/diagnostic_100/stress_audio/replay/synthetic_channel/78e5829afd3e6864e5e71c73.wav,.wav,183184,46933610a2ff8b0c51e7625690f91e92a5d4865d06b04933e92d6aeeff7caa43,True,appendix/support
outputs/lava_5/diagnostic_100/stress_audio/replay/synthetic_channel/7a17be8240fb81d00748f3f1.json,.json,269,7902d6439234f1f3db2e2f34d4760fa68f687f42d5d2edc94a7bedbae915c843,True,appendix/support
outputs/lava_5/diagnostic_100/stress_audio/replay/synthetic_channel/7a17be8240fb81d00748f3f1.wav,.wav,89620,540ddd37c9d4b75acbe526ee5a0786d5e654c7641d790d8666c9e0a282e94c65,True,appendix/support
outputs/lava_5/diagnostic_100/stress_audio/replay/synthetic_channel/7d3533480083913870e624e1.json,.json,269,1ff220e603d66270356bd823bc1b9afcbd4299f9644998fd9e5c88facadefc43,True,appendix/support
outputs/lava_5/diagnostic_100/stress_audio/replay/synthetic_channel/7d3533480083913870e624e1.wav,.wav,213460,f3cacc255a40392630cfb545f4cce9292d72ebbab4182c16a21ae57780f8834c,True,appendix/support
outputs/lava_5/diagnostic_100/stress_audio/replay/synthetic_channel/84dc75fc1ebb7bb994ab3928.json,.json,269,4c5b4905c82ae9391b90388570bd17267ca59e276da81d9c28084556644e34c6,True,appendix/support
outputs/lava_5/diagnostic_100/stress_audio/replay/synthetic_channel/84dc75fc1ebb7bb994ab3928.wav,.wav,51664,cc0442c8fdc8592c94cf05e48dde0052fa23ec2e17149a54754df73006547dd1,True,appendix/support
outputs/lava_5/diagnostic_100/stress_audio/replay/synthetic_channel/8837468e1872f56406fb42eb.json,.json,269,b8883a0ecceb2573adb78305ab10728754cc1fa36f987d735bafe76f4b9a090e,True,appendix/support
outputs/lava_5/diagnostic_100/stress_audio/replay/synthetic_channel/8837468e1872f56406fb42eb.wav,.wav,128848,a1d7ee69defa43b7cf482d5ee228fb1de1ceabac5f9015d804a0497edaabadf3,True,appendix/support
outputs/lava_5/diagnostic_100/stress_audio/replay/synthetic_channel/8dfea62bd956d74432a23ebe.json,.json,269,bd487c188adf649515672f323863b11034df199bbc658e91213751797606934e,True,appendix/support
outputs/lava_5/diagnostic_100/stress_audio/replay/synthetic_channel/8dfea62bd956d74432a23ebe.wav,.wav,262480,ba604e1f009773d29f96ebf45865bd04e3c904ec71bee95cdba308b6d4ec8690,True,appendix/support
outputs/lava_5/diagnostic_100/stress_audio/replay/synthetic_channel/8f4b5a526d8509d6c28e4e1f.json,.json,269,9c30cda329291e67b9d0038bbe112058d58025bc7e622f3cc6eac30d1f82d312,True,appendix/support
outputs/lava_5/diagnostic_100/stress_audio/replay/synthetic_channel/8f4b5a526d8509d6c28e4e1f.wav,.wav,262480,7242b621e43f65a8290429cba6f6d4ffa6d0c002d31e0b545ab533e079c40291,True,appendix/support
outputs/lava_5/diagnostic_100/stress_audio/replay/synthetic_channel/8f733fb9d55b72bc5f2eed54.json,.json,269,46d9f0296313be5f8ee678f5745c49244a11e83bc90c3c13acaccb3fa7137ec4,True,appendix/support
outputs/lava_5/diagnostic_100/stress_audio/replay/synthetic_channel/8f733fb9d55b72bc5f2eed54.wav,.wav,193744,5d7dbbc13c606ff3bddd60e4271b56d179eecfbbd5c06ccb8f62b2f432f163de,True,appendix/support
outputs/lava_5/diagnostic_100/stress_audio/replay/synthetic_channel/8f7ceda91962e32fc2b5f66e.json,.json,269,e88622b139116fac0c397aad9f7ae4fc2f9f445490c1af0990fe96b1f2a1354d,True,appendix/support
outputs/lava_5/diagnostic_100/stress_audio/replay/synthetic_channel/8f7ceda91962e32fc2b5f66e.wav,.wav,72532,ead250d2296662b0b359dc913b30d5f709b133881482a501a1a55b1acc924139,True,appendix/support
outputs/lava_5/diagnostic_100/stress_audio/replay/synthetic_channel/90d03bb99515f26ce1227834.json,.json,269,42c714c69cd6e70a0dba1979cb398d37d70f38917dea8412002b5a9467739fbe,True,appendix/support
outputs/lava_5/diagnostic_100/stress_audio/replay/synthetic_channel/90d03bb99515f26ce1227834.wav,.wav,109328,72fc902e82575aa73ec9beaf050a6ffee43ed959a7e3131b4176c98499596ad2,True,appendix/support
outputs/lava_5/diagnostic_100/stress_audio/replay/synthetic_channel/9333e9dd36bcb45439be4efc.json,.json,269,af1f63e7576635cc21dbcadd19897c0a2a02d868bd3b653f149c0bcc3564b899,True,appendix/support
outputs/lava_5/diagnostic_100/stress_audio/replay/synthetic_channel/9333e9dd36bcb45439be4efc.wav,.wav,262480,8b37c0fe164f9139835955b6729152dbbe0bc9dab36e6bca8c203d7ad0791433,True,appendix/support
outputs/lava_5/diagnostic_100/stress_audio/replay/synthetic_channel/9b28a9b42c335e11e04f958e.json,.json,269,ce07f0aa3585cbb022a19744b9d19951b093be82de5410197731a40d91b7edef,True,appendix/support
outputs/lava_5/diagnostic_100/stress_audio/replay/synthetic_channel/9b28a9b42c335e11e04f958e.wav,.wav,212816,463ffb5113e662abca7954973702b7e80c184d9aa6d5bf4adf132955e11676b4,True,appendix/support
outputs/lava_5/diagnostic_100/stress_audio/replay/synthetic_channel/9d179165adfea51f5cd4e20f.json,.json,269,8e6013529141eba5911b3ebf5ec65b373fa9ec1cc288d47409bdb75172f92447,True,appendix/support
outputs/lava_5/diagnostic_100/stress_audio/replay/synthetic_channel/9d179165adfea51f5cd4e20f.wav,.wav,190928,17f72899d4d4e875f624f065c53befbbd6718d321fa4b5a1dc668463b852e4ee,True,appendix/support
outputs/lava_5/diagnostic_100/stress_audio/replay/synthetic_channel/9f0918d28116126e7269f4e6.json,.json,269,bac285ccf2525bb6fdcae10677545be590834ee6e93e22c36b68ac1752c0e10f,True,appendix/support
outputs/lava_5/diagnostic_100/stress_audio/replay/synthetic_channel/9f0918d28116126e7269f4e6.wav,.wav,262480,23deb10a8d6b549eadcbeefc6411a757ed0aed2a33dd974dee8ac3f37956001c,True,appendix/support
outputs/lava_5/diagnostic_100/stress_audio/replay/synthetic_channel/9f1fdcfd9d149c9f93a019bb.json,.json,269,c867325f91b3fa803eea001a2a41ce044889be4a7326540947a384ede4935825,True,appendix/support
outputs/lava_5/diagnostic_100/stress_audio/replay/synthetic_channel/9f1fdcfd9d149c9f93a019bb.wav,.wav,89744,d3ddb6f6235a097cb6767f56cda780c69c7cb6bbb456f641e98aef02ba80ff50,True,appendix/support
outputs/lava_5/diagnostic_100/stress_audio/replay/synthetic_channel/a2b6797ebeaec85e9f2f606b.json,.json,269,027ade5280f3e3922a4535397d725bb96049410eafab638110f5fdd76679b2aa,True,appendix/support
outputs/lava_5/diagnostic_100/stress_audio/replay/synthetic_channel/a2b6797ebeaec85e9f2f606b.wav,.wav,262480,eb390c973a6624aec3d4960a6530d1d4e906ba4c510582f54ae40cd6524b6b4b,True,appendix/support
outputs/lava_5/diagnostic_100/stress_audio/replay/synthetic_channel/a81ba9f3564487c5c5ad6083.json,.json,269,1c5242c4b1161340b8d5c5e385ba7e337f2bff419fae0c331476fba5a7f242e1,True,appendix/support
outputs/lava_5/diagnostic_100/stress_audio/replay/synthetic_channel/a81ba9f3564487c5c5ad6083.wav,.wav,111504,34afd7ac90b5b7a25a59757e4f66578b42ef077d2f758004a5d16a0c8ab6f466,True,appendix/support
outputs/lava_5/diagnostic_100/stress_audio/replay/synthetic_channel/a9dfa080432da2cb38c10a36.json,.json,269,b77f211c17f40340bbf8656433f070680847031910ea2984263d146d462d46b3,True,appendix/support
outputs/lava_5/diagnostic_100/stress_audio/replay/synthetic_channel/a9dfa080432da2cb38c10a36.wav,.wav,195152,78765a2e38c93396f7b80bd0ceb11379e52fb21cb0cb7676cbaa09889c0bd783,True,appendix/support
outputs/lava_5/diagnostic_100/stress_audio/replay/synthetic_channel/aa175eb8bb09da4aca353fbc.json,.json,269,332027919428ade382aea27874bd8aafa44eeaebfa939f0ea1b54b6dd6d80320,True,appendix/support
outputs/lava_5/diagnostic_100/stress_audio/replay/synthetic_channel/aa175eb8bb09da4aca353fbc.wav,.wav,478124,88f315abb873e6311a6a53b15ac9d7018cb0fc18910189c83734c3c6ababff2d,True,appendix/support
outputs/lava_5/diagnostic_100/stress_audio/replay/synthetic_channel/ab8e4cf7200bdca9d708710c.json,.json,269,60e0d79679fc901b834d7062006f206a413f7d13a5033587f64df54684bccbc7,True,appendix/support
outputs/lava_5/diagnostic_100/stress_audio/replay/synthetic_channel/ab8e4cf7200bdca9d708710c.wav,.wav,262480,722ed3b1808a14df069c3af1f97a7af80f694c02b31c018927db48f9c8caa3f5,True,appendix/support
outputs/lava_5/diagnostic_100/stress_audio/replay/synthetic_channel/ae905c6b72d158aeaf1cf62e.json,.json,269,d1dbb015acfd384cf38a184425115927a5eb86cd594617d7e7b989e4636a2436,True,appendix/support
outputs/lava_5/diagnostic_100/stress_audio/replay/synthetic_channel/ae905c6b72d158aeaf1cf62e.wav,.wav,191700,7db80e5145301ee9ff63126301b162b496a563eff63c3da6f55ea88f5d863f75,True,appendix/support
outputs/lava_5/diagnostic_100/stress_audio/replay/synthetic_channel/af4a5345e3991cecef3aae8a.json,.json,269,1e0a38d508c0fc8e085a5b9f1da67ae4f2001a8f4e618cf3314159a4c36695da,True,appendix/support
outputs/lava_5/diagnostic_100/stress_audio/replay/synthetic_channel/af4a5345e3991cecef3aae8a.wav,.wav,171284,07c2754b61613350081442970364c30c1c753bcfc340d86825e31b637b2b0301,True,appendix/support
outputs/lava_5/diagnostic_100/stress_audio/replay/synthetic_channel/b119d883b5c17cd91903587c.json,.json,269,022d28bda7bbaea73c73c8948d97f99120089ecec18e1594033973da989edc92,True,appendix/support
outputs/lava_5/diagnostic_100/stress_audio/replay/synthetic_channel/b119d883b5c17cd91903587c.wav,.wav,139600,7f801995e21e036cb9225ed1df64158364cd6deaec551e94ee338576f2d2674d,True,appendix/support
outputs/lava_5/diagnostic_100/stress_audio/replay/synthetic_channel/b48e5c014630e6e9fd9b8663.json,.json,269,49341e5061cbe71dabcc70b8c7446bff4b30fe6a1333f2e2c28f7c0524e93cf7,True,appendix/support
outputs/lava_5/diagnostic_100/stress_audio/replay/synthetic_channel/b48e5c014630e6e9fd9b8663.wav,.wav,145812,fee16833095e592c57b68ec2abf8a977a5d2aa28fcc991bd6fc4409c5985e95e,True,appendix/support
outputs/lava_5/diagnostic_100/stress_audio/replay/synthetic_channel/bb4a298808e45fe2abc20548.json,.json,269,3a48a316addb91ef18d6de249f2f84b48006c03b76e193c79a0fcd850c6a24ca,True,appendix/support
outputs/lava_5/diagnostic_100/stress_audio/replay/synthetic_channel/bb4a298808e45fe2abc20548.wav,.wav,225940,118521345bc8d4ede70bddc45def2a31228f6ef9f9b1122a8df95e91d15544f8,True,appendix/support
outputs/lava_5/diagnostic_100/stress_audio/replay/synthetic_channel/bca256c04342e6f21518f4ed.json,.json,269,5113a03c739de81c396173e890412bb310408d96e893564b9e951ad44662d1f1,True,appendix/support
outputs/lava_5/diagnostic_100/stress_audio/replay/synthetic_channel/bca256c04342e6f21518f4ed.wav,.wav,262480,6d015d20624cbcad31820dcf3a1e762cbc5fe272a5837210dee4ebc85960ffbc,True,appendix/support
outputs/lava_5/diagnostic_100/stress_audio/replay/synthetic_channel/bcf90da5d8f365547625d06e.json,.json,269,e5fefc7467dae28845def4d5c86ca4247ca58234788fcb0b7b92971e3a5fcf87,True,appendix/support
outputs/lava_5/diagnostic_100/stress_audio/replay/synthetic_channel/bcf90da5d8f365547625d06e.wav,.wav,137232,525ced1d2bd5eeeb0c38a35228265d85fdb131cc9bb453e0278c6f7ec53fa6be,True,appendix/support
outputs/lava_5/diagnostic_100/stress_audio/replay/synthetic_channel/be23031a7c89418cd367d2b6.json,.json,269,0f38896fc93d51e71f3c3e957bfd4f7fa23a2448e63b0467848c4945f9881bf0,True,appendix/support
outputs/lava_5/diagnostic_100/stress_audio/replay/synthetic_channel/be23031a7c89418cd367d2b6.wav,.wav,262480,cd7b5434b5ab6eb94907c0d2b339783adafef6a2f4912238d4753607cc709e34,True,appendix/support
outputs/lava_5/diagnostic_100/stress_audio/replay/synthetic_channel/bf79c7858fa88bf58a01c563.json,.json,269,4f8b2a8f9ac203d23e5444d1499a62adae59d746886b553ff26e2b8b39afa59b,True,appendix/support
outputs/lava_5/diagnostic_100/stress_audio/replay/synthetic_channel/bf79c7858fa88bf58a01c563.wav,.wav,262480,6ef956538b94102f840c4ced082056812fabea6cde79a70b768e57f351f800b7,True,appendix/support
outputs/lava_5/diagnostic_100/stress_audio/replay/synthetic_channel/c19a55980675a8655f10cb86.json,.json,269,79ba91345044815a94c87a29ab68cdf1f23ecc51fc51d00b861ce5a460d2f638,True,appendix/support
outputs/lava_5/diagnostic_100/stress_audio/replay/synthetic_channel/c19a55980675a8655f10cb86.wav,.wav,82964,8d41e82840f9f8b6db15277d8d56ed2a754bedfe7dd0b4e5e52e59d533bc71f8,True,appendix/support
outputs/lava_5/diagnostic_100/stress_audio/replay/synthetic_channel/c31e2f1d29e4bd849b1979ec.json,.json,269,62c8fb23caec3173cfc034ce0dd94d5235c4832261a9dc7ef6212aa51ebda7ba,True,appendix/support
outputs/lava_5/diagnostic_100/stress_audio/replay/synthetic_channel/c31e2f1d29e4bd849b1979ec.wav,.wav,262480,a268a86a8ce65c1165d62608bad1a7acb6806a957a37a727d574c0a35c59e3a5,True,appendix/support
outputs/lava_5/diagnostic_100/stress_audio/replay/synthetic_channel/c8fc323333c786b01aee38cc.json,.json,269,b8aee93bcfdbc84fab7e501d6c8a05cba0599ef60df59eae59d72f380f3bcabd,True,appendix/support
outputs/lava_5/diagnostic_100/stress_audio/replay/synthetic_channel/c8fc323333c786b01aee38cc.wav,.wav,262480,ae3b19b648d4b4010cd09bb67931b01535816565afdbfeec1b7897a011ba5596,True,appendix/support
outputs/lava_5/diagnostic_100/stress_audio/replay/synthetic_channel/cb0d4895cd4931043d5add9a.json,.json,269,ae919ad55af812af9aa7ac77d5ad1efafa487d7aa77bae4236a2547a8d047e41,True,appendix/support
outputs/lava_5/diagnostic_100/stress_audio/replay/synthetic_channel/cb0d4895cd4931043d5add9a.wav,.wav,176208,5297928685dd49e39627c09fda24e9f56c6cdd92d57e7e3e78b7ce79478f6ba3,True,appendix/support
outputs/lava_5/diagnostic_100/stress_audio/replay/synthetic_channel/cb2b10d7e455110be82f03cf.json,.json,269,c4401f95fd078ab91d54e0675aae5c153e9d8f395eea927ef7eb2dda4992dd59,True,appendix/support
outputs/lava_5/diagnostic_100/stress_audio/replay/synthetic_channel/cb2b10d7e455110be82f03cf.wav,.wav,172368,4500382da18ae3d1e53d7e79c825bb343f396c2c6c17a78cee512c17d22307fb,True,appendix/support
outputs/lava_5/diagnostic_100/stress_audio/replay/synthetic_channel/cb5fcbd2d9232dd2c54d2bae.json,.json,269,8d996d7ee759b6edd8b34ca7bbe051072050b87dc211a26ef8460df3e09f9f59,True,appendix/support
outputs/lava_5/diagnostic_100/stress_audio/replay/synthetic_channel/cb5fcbd2d9232dd2c54d2bae.wav,.wav,262480,d89be4c99cc88bbedb9a15de7e8f1b481bd8005a8ce83acc22b4abed83d68f70,True,appendix/support
outputs/lava_5/diagnostic_100/stress_audio/replay/synthetic_channel/ced0cb1635b69f6c2589670f.json,.json,269,c0a25c50e1d5675aa0c111e43ff33318625d5c529f38fc6d969e2bcbc6a24ab8,True,appendix/support
outputs/lava_5/diagnostic_100/stress_audio/replay/synthetic_channel/ced0cb1635b69f6c2589670f.wav,.wav,103188,0ec08fc2277c412b92dbdd8f47e29adf4a0472985b90ac9c42690eb299f074e3,True,appendix/support
outputs/lava_5/diagnostic_100/stress_audio/replay/synthetic_channel/d30113a70f2a4f16402cc05f.json,.json,269,52ba6120ea7d07a20bcdc9278c661a46eb69b9f3a9ad61b100552cacb159b5ed,True,appendix/support
outputs/lava_5/diagnostic_100/stress_audio/replay/synthetic_channel/d30113a70f2a4f16402cc05f.wav,.wav,133012,c310aed63fe8a6d84afaec3793e3c2d4dff3da11319d1ce15c576880427925f7,True,appendix/support
outputs/lava_5/diagnostic_100/stress_audio/replay/synthetic_channel/d4fffc838ec52ffb01ade537.json,.json,269,85d703f323e3033f00bf1eee3de8fa8f73a8960bb98ab207bb42986ceaef6719,True,appendix/support
outputs/lava_5/diagnostic_100/stress_audio/replay/synthetic_channel/d4fffc838ec52ffb01ade537.wav,.wav,262480,d8e47cefd42d778bab5889617caa130d82a40fb46d2c22dc6849c5f43622b015,True,appendix/support
outputs/lava_5/diagnostic_100/stress_audio/replay/synthetic_channel/d97f1a7e17bce81dfa7ddefb.json,.json,269,0cb1fafaacbc35b9b85ed1e4d89ad5457bc42d753952b3ecbcc074d659e82ca7,True,appendix/support
outputs/lava_5/diagnostic_100/stress_audio/replay/synthetic_channel/d97f1a7e17bce81dfa7ddefb.wav,.wav,262480,47162b0167596bfb80d8e1d12b191f77940c0efff57b15ff77aade8ab01d19c1,True,appendix/support
outputs/lava_5/diagnostic_100/stress_audio/replay/synthetic_channel/dbac3f24169ab38ddd09387d.json,.json,269,d243287725be51bd6c3269703ab21402a3eaa0a11a353ffcf1eb6818b61fd5fc,True,appendix/support
outputs/lava_5/diagnostic_100/stress_audio/replay/synthetic_channel/dbac3f24169ab38ddd09387d.wav,.wav,186708,1f64f1c3cad49657ccc8afa250d453c4faeddd3402705197bea5e407d773fce8,True,appendix/support
outputs/lava_5/diagnostic_100/stress_audio/replay/synthetic_channel/dc3988b11610bdb46c372125.json,.json,269,d4ce55f63b5608fca8272a86b521dedd7411fb53fc313d8d6a16889ac5aa3002,True,appendix/support
outputs/lava_5/diagnostic_100/stress_audio/replay/synthetic_channel/dc3988b11610bdb46c372125.wav,.wav,262480,ac752036e5c424e78779c7cbeb4e1677bfc315b5892b04097a1dfdf6a48ef535,True,appendix/support
outputs/lava_5/diagnostic_100/stress_audio/replay/synthetic_channel/dcf8f370f478257688c620d9.json,.json,269,52e7475d4eb8d33f7f558c33ec1dc933f3d72e88731f67d3a049b6a284da928d,True,appendix/support
outputs/lava_5/diagnostic_100/stress_audio/replay/synthetic_channel/dcf8f370f478257688c620d9.wav,.wav,262480,61aba32455caaf6a39c4796f1b8c89bc4173f5687fe184d941cc744b81a65d0e,True,appendix/support
outputs/lava_5/diagnostic_100/stress_audio/replay/synthetic_channel/deefebbe516b3ac9ac603f38.json,.json,269,d748c1dd98b164a67641b227bf07e790b3ef598762ca23f02619abb8a53c2e59,True,appendix/support
outputs/lava_5/diagnostic_100/stress_audio/replay/synthetic_channel/deefebbe516b3ac9ac603f38.wav,.wav,248528,453dd73aed4cb4342f5aea74385959eeca53fa8c1cf4b1be2937d8ddfa95f1f7,True,appendix/support
outputs/lava_5/diagnostic_100/stress_audio/replay/synthetic_channel/e5271133037754a97eb8f3b6.json,.json,269,f87df716b80be7e4ae2df5e6c9cb037894e9165a69654cbd3019c2a4f3437197,True,appendix/support
outputs/lava_5/diagnostic_100/stress_audio/replay/synthetic_channel/e5271133037754a97eb8f3b6.wav,.wav,62736,a3b56533936fb2d289454d1878aaa1d57ad47c95a3bf12a58983d287c0e80035,True,appendix/support
outputs/lava_5/diagnostic_100/stress_audio/replay/synthetic_channel/ead81e3391bff14cdf44d151.json,.json,269,550706438d0b1d8c460404950e21e2ba4b1e1008cca8a2ffcea578af8836b502,True,appendix/support
outputs/lava_5/diagnostic_100/stress_audio/replay/synthetic_channel/ead81e3391bff14cdf44d151.wav,.wav,133652,1f995180f822f070df460972603c29527f9e5bf44a192ab295a94a8df0d350fa,True,appendix/support
outputs/lava_5/diagnostic_100/stress_audio/replay/synthetic_channel/eff7b7f3f65d718535f7ce56.json,.json,269,d46bf4cc852e088af3a45c675e847f7a2bb8c8515a0bebb6aaa76cfa8be03996,True,appendix/support
outputs/lava_5/diagnostic_100/stress_audio/replay/synthetic_channel/eff7b7f3f65d718535f7ce56.wav,.wav,262480,273f8549648ae38cc33e9c43d1c14fd96c16bfee5b2d40a54aef9e6a99dc3094,True,appendix/support
outputs/lava_5/diagnostic_100/stress_audio/replay/synthetic_channel/f44a45f391f773d5b6f872e4.json,.json,269,ed6f5e6f3f85ad3185bbc7b55d41b5669de072c2807cc40578283c47eda0eef2,True,appendix/support
outputs/lava_5/diagnostic_100/stress_audio/replay/synthetic_channel/f44a45f391f773d5b6f872e4.wav,.wav,178772,04017df3263e5bd818f1dd455bde17df9762a6661cd03b5fcf0e8bae67ffc84c,True,appendix/support
outputs/lava_5/diagnostic_100/stress_audio/replay/synthetic_channel/f7de6bfe58bdc0a31adfd6e8.json,.json,269,7d198ffa227e775541a58de25b1a82841d49bda9938bc3298afe3d165814594d,True,appendix/support
outputs/lava_5/diagnostic_100/stress_audio/replay/synthetic_channel/f7de6bfe58bdc0a31adfd6e8.wav,.wav,262480,11c037849ebec355a8d51b1a68dc6618ee76b7493bc3bc01ed245cd30d1411a0,True,appendix/support
outputs/lava_5/diagnostic_100/stress_audio/replay/synthetic_channel/faeb6ad107da2060ac39986a.json,.json,269,b3881baeb70c29d210d656660a3c4a25a5cb2c6e9a1dd138603785459f8a1205,True,appendix/support
outputs/lava_5/diagnostic_100/stress_audio/replay/synthetic_channel/faeb6ad107da2060ac39986a.wav,.wav,120400,0b5fa23f55080d694fd9aaeeb4434d104bf007818ad8921e2dbb06eb15de913d,True,appendix/support
outputs/lava_5/diagnostic_100/stress_audio/replay/synthetic_channel/fc60038e77e10940ab63c824.json,.json,269,364f208a21bac5e903edc48d2cc892d62ca94a1d25ec67a3891c4e2faba2a974,True,appendix/support
outputs/lava_5/diagnostic_100/stress_audio/replay/synthetic_channel/fc60038e77e10940ab63c824.wav,.wav,262480,971532a1f908e3802bc1ce3c85b4d42e8325fc29bf9c22349ebaf0e02a1f70d0,True,appendix/support
outputs/lava_5/diagnostic_100/stress_audio/replay/synthetic_channel/fd1036b8f7b4966e96e2c8c7.json,.json,269,1fe4136b494ebe42040fa92f8b8ab9b8dbc6a1805186f6f7c30999d29efed920,True,appendix/support
outputs/lava_5/diagnostic_100/stress_audio/replay/synthetic_channel/fd1036b8f7b4966e96e2c8c7.wav,.wav,262480,841078ef181f7c32d7c7f00dcdf6fa4178f3a18e90dd3686db3f868bb67fb177,True,appendix/support
outputs/lava_5/diagnostic_100/stress_audio/replay/synthetic_channel/ffdce661a5cdb9c355d86f3c.json,.json,269,8c4ddbe42e62ce673b3e164e1d0c56d2b326a606f8a5c46f966723488e0dfdd9,True,appendix/support
outputs/lava_5/diagnostic_100/stress_audio/replay/synthetic_channel/ffdce661a5cdb9c355d86f3c.wav,.wav,262480,0179459727efd734222b5916bd8418ee12c4be439a44d073f0b736d3381e4956,True,appendix/support
outputs/lava_5/diagnostic_100/tables/dataset_recording_formats.csv,.csv,85,afd2ed44e590c8802043fed127374fd187c8c5781f8bfbdc29a785035d298df7,True,appendix/support
outputs/lava_5/diagnostic_100/tables/table_1_detector_specification.csv,.csv,2646,b4b314c53e44e7d84f46eaafafcc9e476bc5eeabaf2624114e0af790d701ef04,True,appendix/support
outputs/lava_5/diagnostic_100/tables/table_2_clean.csv,.csv,2109,edbecc52e0b8a952c92c6d8d7190fd0f0266bde388e4955cf57fbf41824636ed,True,appendix/support
outputs/lava_5/diagnostic_100/tables/table_3_robustness.csv,.csv,619,1d7aa947965337f4f50c1d047ddede7517b82d9660a8e1b5e198eaa8bc2e33bc,True,appendix/support
outputs/lava_5/diagnostic_100/tables/table_4_efficiency.csv,.csv,1020,a8201e8364b4b64512e0517b5b63417457330f3c0f5ac392258141b38f9b9394,True,appendix/support
outputs/lava_5/diagnostic_100/tables/table_5_pareto.csv,.csv,444,25b4bf3a44a57df66401a9121a5202cbb189de0dcb2ad0502e5f2add0b15dd46,True,appendix/support
outputs/lava_5/efficiency/aasist/summary.json,.json,5459,43d5085b8c215135534717e64c594ba27d9e24ce7b4c1046f2b6031e8dbbc58d,True,appendix/support
outputs/lava_5/efficiency/efficientnet_b0_lstm/summary.json,.json,5470,03d17a753c1cb106557e6ea6aebec221590ef9faa9aa27bcb01d9c5c00e1e1ac,True,appendix/support
outputs/lava_5/efficiency/mnasnet_lstm/summary.json,.json,5447,eff2f4992666b3d9405607d03b2d5faad261118288cf7113c394c276d2f34c44,True,appendix/support
outputs/lava_5/efficiency/mobilenetv3_lstm/summary.json,.json,5432,bd24c29823f63c444d29c543682059f9b12ca44c2fa6976a01ae6aac954671a6,True,appendix/support
outputs/lava_5/efficiency/rawnet2/summary.json,.json,5428,3406ecf764c0ea20f8b10c01587cb586f419129a4414f915bf7b22c27750bbc0,True,appendix/support
outputs/lava_6/lava_6_results.csv,.csv,3041,f2f3d1f5864275dd469290c7bf7f062a440ce62c67eb32127dc15cbd56fd807c,True,main evidence
outputs/lava_6/clean/shufflenetv2_lstm/confusion_matrix.png,.png,36018,f3c62335e1a2d42b743ac16cc677d2a151ed8e57a2e800ae94d0aecb2b615efd,True,main evidence
outputs/lava_6/clean/shufflenetv2_lstm/det_curve.png,.png,58653,83dbdfdbd242784682d281ae1669b0fb9469ef73d491cbaeef556ea28afe4847,True,main evidence
outputs/lava_6/clean/shufflenetv2_lstm/precision_recall_curve.png,.png,59708,d31541e366461680f6ca22a9f154302cf80f0c243963190e9ad99cdefdcfcd23,True,main evidence
outputs/lava_6/clean/shufflenetv2_lstm/roc_curve.png,.png,58312,563d0926d57862e8107c628672a5a854acaf4fc20ad2af8aedc7a1d48862f2ec,True,main evidence
outputs/lava_6/clean/shufflenetv2_lstm/scores.csv,.csv,158335,efb8a2cc2a80aa0162f752a1333b2d50ec091563acc63c33b2f17c4b6180172c,True,main evidence
outputs/lava_6/clean/shufflenetv2_lstm/summary.json,.json,679,e12ac506bab702d4213e18e1af8842e25e445c08ad6f1ff4a807e45c2a389c42,True,main evidence
outputs/lava_6/diagnostic_100/clean/shufflenetv2_lstm/scores.csv,.csv,5845,726a8bcef343aca438796c4720bd5a7fb0b43f35f38dc14ce2e0633704eb46cf,True,main evidence
outputs/lava_6/diagnostic_100/clean/shufflenetv2_lstm/summary.json,.json,694,1bf952bd44d98544dc3c886c4b0d65878b5739f86bb35ed22699928a18d50e4d,True,main evidence
outputs/lava_6/diagnostic_100/protocol/protocol.json,.json,28824,772f1da6239fed7adf3a98f1a3cc16b2126525384397a0c2768f1a0a51d1f636,True,main evidence
outputs/lava_6/diagnostic_100/protocol/test_samples.csv,.csv,31670,f128b7d31522a1b3df6c07f265860e48e6d278bdfb4f7dacf75329c3604f72cd,True,main evidence
outputs/lava_6/diagnostic_100/robustness/compression/aac_96k/shufflenetv2_lstm/scores.csv,.csv,5857,3cd4e73d66e3fd54155c1b661941b965873aa7422ec03b966168c86efdaded31,True,main evidence
outputs/lava_6/diagnostic_100/robustness/compression/aac_96k/shufflenetv2_lstm/summary.json,.json,643,f76d099773910c116ee00b9511b72cbe03a2aa12c6f381f0122d4640f2f83652,True,main evidence
outputs/lava_6/diagnostic_100/robustness/compression/mp3_128k/shufflenetv2_lstm/scores.csv,.csv,5853,f4ba3078b1be3426ae9c276367764b0a1545f6736160e65b087798d4e1634327,True,main evidence
outputs/lava_6/diagnostic_100/robustness/compression/mp3_128k/shufflenetv2_lstm/summary.json,.json,643,cff55e2292d770290b57439bedc902115f803d44e533086e5f32a10cefe0b98d,True,main evidence
outputs/lava_6/diagnostic_100/robustness/compression/mp3_64k/shufflenetv2_lstm/scores.csv,.csv,5845,345963dae4bfbff3a64041ba00734fa3af540dd7d2e688270a54debe057f41f6,True,main evidence
outputs/lava_6/diagnostic_100/robustness/compression/mp3_64k/shufflenetv2_lstm/summary.json,.json,641,9fdce1d76278ed67b7305ec101bce4482692ba7377127cfb920bf7cf4fe92023,True,main evidence
outputs/lava_6/diagnostic_100/robustness/compression/opus_64k/shufflenetv2_lstm/scores.csv,.csv,5850,e5d68abdf2f5ec4baec61b26508ca5df0bd9cd622f0b596db5d5aa1459185dcb,True,main evidence
outputs/lava_6/diagnostic_100/robustness/compression/opus_64k/shufflenetv2_lstm/summary.json,.json,643,d3119563ca9b85010447c6098bbe83de7239c82ef795a23426c7070be0f328d8,True,main evidence
outputs/lava_6/diagnostic_100/robustness/noise/snr_0/shufflenetv2_lstm/scores.csv,.csv,5802,051d5dfe45d24949f9c5bc11b8093ea334ee5e58f7cff16a978c47d8f52640f6,True,main evidence
outputs/lava_6/diagnostic_100/robustness/noise/snr_0/shufflenetv2_lstm/summary.json,.json,655,8b035228c95a51b7da7d60c5149e6c5247f870d8b761fc2de6a0d2bd9146e478,True,main evidence
outputs/lava_6/diagnostic_100/robustness/noise/snr_10/shufflenetv2_lstm/scores.csv,.csv,5807,3e0f8de7e8976cd84cf096c83357926f9b8711eab4a094c7ecf8b6c26612f9ef,True,main evidence
outputs/lava_6/diagnostic_100/robustness/noise/snr_10/shufflenetv2_lstm/summary.json,.json,644,d4755cd95b968534bd174984d8c11aff01e40599ed4bdfc77bb517cbc2323965,True,main evidence
outputs/lava_6/diagnostic_100/robustness/noise/snr_20/shufflenetv2_lstm/scores.csv,.csv,5841,b9a1166a547eb6a04cfdfaa24f5c91043ba2fc1e71a66deb29d8c17d6d2732f4,True,main evidence
outputs/lava_6/diagnostic_100/robustness/noise/snr_20/shufflenetv2_lstm/summary.json,.json,658,f50e1f08490ddde9b827306279722f60cb929c2a964b7f2ebb56b9eacec26b52,True,main evidence
outputs/lava_6/diagnostic_100/robustness/noise/snr_5/shufflenetv2_lstm/scores.csv,.csv,5786,12e78f0ebdcc7ec48494a92407b885f5b883e6d2c343ff2f05cdc2d17adceb9d,True,main evidence
outputs/lava_6/diagnostic_100/robustness/noise/snr_5/shufflenetv2_lstm/summary.json,.json,613,1af54a606123a19c1544d0bfdfc6ff48fe1b584f17bbb9fb4faac04237f1e244,True,main evidence
outputs/lava_6/diagnostic_100/robustness/replay/synthetic_channel/shufflenetv2_lstm/scores.csv,.csv,5838,59b5311f664410d3c393f4eefc42a78d7fb40133c3f2179674c50ea84531b082,True,main evidence
outputs/lava_6/diagnostic_100/robustness/replay/synthetic_channel/shufflenetv2_lstm/summary.json,.json,651,28803a75b649fa6903eea7ecf27394fd943030ececeb9e02f5f31dac988a66b8,True,main evidence
outputs/lava_6/efficiency/shufflenetv2_lstm/summary.json,.json,5411,6aed4c4cd2a2bdf6f24b9f16eb5f711269470cd7ae7e16e988b530244399adb0,True,main evidence
outputs/lava_6/efficiency/shufflenetv2_lstm/summary_uncontrolled_threads.json,.json,5419,fc89578d1ecabb3456f767705f198af288f2d1ff2fee4170eff5b592e9878105,True,main evidence
outputs/lava_6/error_analysis/agreement_heatmap_6_models.png,.png,192638,351c8ad5683d6af2ac15dbecb31dd4c3ade9aa1040ca16277da47b34347ed9fc,True,main evidence
outputs/lava_6/error_analysis/agreement_matrix_6_models.csv,.csv,775,526a108ec68a610e874f77649cf744c59646fd2c31404c0ec6d118a36806da53,True,main evidence
outputs/lava_6/error_analysis/all_6_correct.csv,.csv,44318,eee652cff9bc949b4a7e073562b616e806d436d3c9ee38977d25df9a013fb4b8,True,main evidence
outputs/lava_6/error_analysis/all_6_wrong.csv,.csv,527,edb11f601994514de8398b30dab1b5cd5d1cce7bb1d6c747e39d8e063c902abc,True,main evidence
outputs/lava_6/error_analysis/bootstrap_95_ci_6_models.csv,.csv,2274,221e887702c4a478f73b190a52b3533995cbb252c7852dfc03f1ae9309a6a499,True,main evidence
outputs/lava_6/error_analysis/lightweight_correct_reference_wrong.csv,.csv,38684,4748d10035a5e0fa551edf74c2177208fc7bc016260835c258880e0260cfeda3,True,main evidence
outputs/lava_6/error_analysis/lightweight_wrong_reference_correct.csv,.csv,170,3d3500e7d3d5c60b9657ffb865b8b775dc7f8cbc15571e86330b05b738f99d96,True,main evidence
outputs/lava_6/error_analysis/model_unique_failures.csv,.csv,50106,17344d0b9ee573e69966297e103fd93523f4e0dcbfad4ba1a5ad9c07ad04c384,True,main evidence
outputs/lava_6/error_analysis/paired_comparison_6_models.csv,.csv,3087,835d32fd44fd0bbb1c42496fc95e7c2ee5326a5c76deeef87c07450a22b6a3d0,True,main evidence
outputs/lava_6/figures/accuracy_comparison_6_models.png,.png,129339,377d142be64abebc5a23fc8b2a48661f5e56dc53b784cce3b907e3c68b847a9e,True,main evidence
outputs/lava_6/figures/codec_auc_comparison_6_models.png,.png,154820,01bf55c4c10365b5178389039b9451ddaf40c54aafce0ad815a4a0ae79444e9a,True,main evidence
outputs/lava_6/figures/codec_degradation_bar_6_models.png,.png,170469,c446601bb476b8a73c5baed1e969b78263592d4f115aceca2bc3097afbf07461,True,main evidence
outputs/lava_6/figures/codec_eer_comparison_6_models.png,.png,128657,7d1aadbb28ccd204a9dfb2981176f78d071af0515b60d99ead8cc8190f012d37,True,main evidence
outputs/lava_6/figures/codec_f1_comparison_6_models.png,.png,142089,43c9a35f2b04499e4ec0b66053a0c141d71d61fb11395a15138425a124b1a597,True,main evidence
outputs/lava_6/figures/det_comparison_6_models.png,.png,180065,f2ca5533f8c2a0f09d091d8fdd40d139cd93012f8177df3413ae67dd68f640ae,True,main evidence
outputs/lava_6/figures/eer_comparison_6_models.png,.png,122181,2a1f0b0269e067ba6a70d9364fd6b6699bfefa120d0d343a17cd8710aa98dc35,True,main evidence
outputs/lava_6/figures/end_to_end_latency_bar_6_models.png,.png,145185,d10ad4c4b3bee87d560a75abdd761d8d9a37ed610d2e0a0af2b5660cca8b39f0,True,main evidence
outputs/lava_6/figures/f1_comparison_6_models.png,.png,125911,54b4fa82df8c59118302b735dd8c5b4d270d5d35d580ca6a50979aa5be4fb870,True,main evidence
outputs/lava_6/figures/lava_6_model_overview.png,.png,149207,020763847a675c1c200dd02251b10a4af84abd6e59ac60af451c2b315a2d2497,True,main evidence
outputs/lava_6/figures/macro_f1_comparison_6_models.png,.png,127546,4b01bc86de386aa1727d49fe9e476820a5fe2cc8273390de09f19f98b4aef216,True,main evidence
outputs/lava_6/figures/memory_bar_6_models.png,.png,146897,edfe2e39d2e15fce67f45288801197914d5c20cc97f342c5a48c01bf5a2f2b52,True,main evidence
outputs/lava_6/figures/model_size_bar_6_models.png,.png,134698,bd516379b4f934510d0160b3110fae8887d2d032224845f37b1d178a50761bc9,True,main evidence
outputs/lava_6/figures/noise_auc_vs_snr_6_models.png,.png,249924,93916ddcd61174963cc3fd09f3cece41aabe8b5f01792d044199ad77afbc5f06,True,main evidence
outputs/lava_6/figures/noise_degradation_bar_6_models.png,.png,161371,e646072c60cfe0cb765b0d3e343a1322d254287714229a9344b670df5ea27eb4,True,main evidence
outputs/lava_6/figures/noise_eer_vs_snr_6_models.png,.png,237935,645d8484b225d464f9cee88c95177faa965df2aca8dffa73116b85f096ce752d,True,main evidence
outputs/lava_6/figures/noise_f1_vs_snr_6_models.png,.png,267018,8aaf41e6f394802f898d3676468c9e6a7d0d92895f36133db69feb1ea21cc98d,True,main evidence
outputs/lava_6/figures/parameters_bar_6_models.png,.png,138559,81ce11db9829d5b3c03503686f4e2851832f878e32ede84605090cb32cc5c6ce,True,main evidence
outputs/lava_6/figures/pr_comparison_6_models.png,.png,156654,a37108427d2dbcc2a3ec1dace63073b7112d2f58e338171c0351ec9777aaab9b,True,main evidence
outputs/lava_6/figures/replay_auc_comparison_6_models.png,.png,130248,5996f6a61e095fcb892591995f35b8314bdb81dbaf36204cb26d9c9b71742964,True,main evidence
outputs/lava_6/figures/replay_degradation_bar_6_models.png,.png,163594,0ccb8e39025a9daa449f383f02206ac09cc229f366a3ef97d3f6f80d66b7f582,True,main evidence
outputs/lava_6/figures/replay_eer_comparison_6_models.png,.png,151079,f25b2ce2ec2e8094157f6b3cbb441ef25d3dae127fc8f8997cdd24d85ca98f1c,True,main evidence
outputs/lava_6/figures/replay_f1_comparison_6_models.png,.png,156733,a1da8b48cfa9cdc1a46fd95454c9a04233579a6e02027178810f5328d990ed0e,True,main evidence
outputs/lava_6/figures/robustness_heatmap_6_models.png,.png,195226,a99e72d644176e1f7ac2a5176a9351e48520ce398baebb3aa75c7138eff280e3,True,main evidence
outputs/lava_6/figures/roc_auc_comparison_6_models.png,.png,129284,91716551edca413b8b21c9395683f1bc7be0480f3179f970e451129105dff395,True,main evidence
outputs/lava_6/figures/roc_comparison_6_models.png,.png,162604,3bb44c48aaa929c3a3ba9827f5ef52ec59bdf66de8a9398ee1b9c5673889a298,True,main evidence
outputs/lava_6/figures/rtf_bar_6_models.png,.png,126694,ed690422b3baaf3b17edbcadf0bbbd27ddd3fc6169cd875a180e6cdaef9b2067,True,main evidence
outputs/lava_6/figures/shufflenetv2_lstm_architecture.png,.png,141469,47417a7525718c77bdac9833bdd70ae8945e56896fa8b8a8799939a0339da44f,True,main evidence
outputs/lava_6/figures/throughput_bar_6_models.png,.png,126246,cd819550edc28d99f899ffb978e6a4fc18e9a949a51436f3c36bec60d050f135,True,main evidence
outputs/lava_6/pareto/dominance_matrix_6_models.csv,.csv,253,d6915b6454a4fbd7cfb0a4c29a59768442253b3993f63dcac97f9f2882b6a30a,True,main evidence
outputs/lava_6/pareto/pareto_3d_6_models.png,.png,553089,17a8df55d57a78a06db92662fce2bf1937a8d9f085fa0b9d4cbe6e09184e79a0,True,main evidence
outputs/lava_6/pareto/pareto_eer_rtf_6_models.png,.png,142045,d8f860d7663135b75e3f42f3e192a0b14ff10899772e461e26274862487d899e,True,main evidence
outputs/lava_6/pareto/pareto_results_6_models.csv,.csv,3041,f2f3d1f5864275dd469290c7bf7f062a440ce62c67eb32127dc15cbd56fd807c,True,main evidence
outputs/lava_6/pareto/pareto_robustness_rtf_6_models.png,.png,147640,31891fa2870195038bb3551d5f04b99936540008979ae3e1c08c802ca476fcfe,True,main evidence
outputs/lava_6/protocol/protocol.json,.json,28364,8d2ae77e5e86813b0e1420808dc6c30f19ce36b23fe6eda4f91a34c82bd8adbd,True,main evidence
outputs/lava_6/protocol/shufflenetv2_lstm_load.json,.json,539,f5f7465d9544aafaf3558679f3ac882be0d2bbf147f9be88c0c8bb1f4a6444bb,True,main evidence
outputs/lava_6/protocol/shufflenet_artifact_audit.json,.json,5763,ec3ed1962e01f5f029d19840014f441377026829ab196df6e26e58d4e160b660,True,main evidence
outputs/lava_6/protocol/test_samples.csv,.csv,861641,ba700d004a6abf84f2e5690c0540f463eb02a268e95b177424b773ed1160cd05,True,main evidence
outputs/lava_6/report/acceptance.json,.json,849,2c4b388ca6fc9ab0d49a82873feaa04a43a0180d9088c47bf8e827916efbc211,True,main evidence
outputs/lava_6/report/LAVA_FULL_BENCHMARK_REPORT.md,.md,4771,714822ceb93799d5984909c85ab34d918b026aba945d464006b1633cda8806ba,True,main evidence
outputs/lava_6/tables/table_1_detector_specification_6_models.csv,.csv,1560,4f6b08b0ae97e50026ac9e0b5d5c78d1bd9de82c6a1e244312b0ae974becfcd0,True,main evidence
outputs/lava_6/tables/table_2_clean_6_models.csv,.csv,2411,fbc3c58ebb799c90be948bc1dab1d7004ad8b4c5ace8d2d1bcf4c4eb92bcd922,True,main evidence
outputs/lava_6/tables/table_3_robustness_diagnostic_6_models.csv,.csv,619,185a070e13c97d82055a3742aab2c8bf7cc7a5a4533e50c6afe5e7e3c151e813,True,main evidence
outputs/lava_6/tables/table_4_efficiency_6_models.csv,.csv,1207,cec9784ec876117aad84b9ffece7feb18d9f060f6093f6b49a1dbf9d257aa4a4,True,main evidence
outputs/lava_6/tables/table_5_pareto_diagnostic_6_models.csv,.csv,539,237102278b1c9775f8df5acb4cbaf5de81f9077c773b626e8353adecd1b6dbbb,True,main evidence
