sample_id,path,basename,extension,label,label_name,size_bytes,sha256,sample_rate,duration_seconds,channels,speaker_id,source_id,generator_id,dataset_id,parent_recording_id,duplicate_group_id,canonical_sample_id,integrity_status,included,exclusion_reason
db0be2b96ed44391dcb5f726,data/FAKE/1160.wav,1160,.wav,1,FAKE,284794,526ea80e87c2112042e66a5d4ef564b227c301e17aa1734a80b1c9abc150d9d6,16000,4.449000000,1,UNKNOWN,UNKNOWN,UNKNOWN,UNKNOWN,UNKNOWN,sha256:526ea80e87c2112042e66a5d4ef564b227c301e17aa1734a80b1c9abc150d9d6,1f314f82de845490f847e79a,DUPLICATE_EXCLUDED,False,same-label byte duplicate; canonical member retained
d4d6fb5a587123ae582c7524,data/FAKE/1161.wav,1161,.wav,1,FAKE,888826,c6d68aeb8ad6087efe9b9388defe3b21cbe1f17dcbbeb8cf9fbbe04ba4fe306c,16000,13.887000000,1,UNKNOWN,UNKNOWN,UNKNOWN,UNKNOWN,UNKNOWN,sha256:c6d68aeb8ad6087efe9b9388defe3b21cbe1f17dcbbeb8cf9fbbe04ba4fe306c,bef198c6a7ca05c06cbfa5f8,DUPLICATE_EXCLUDED,False,same-label byte duplicate; canonical member retained
ba56246c3a1fc705e4cd9923,data/FAKE/20744.wav,20744,.wav,1,FAKE,632318,851b79e7344a519afae383f4426da0add9b293f6dd09be3155c32b1d9d66cd5d,16000,9.879062500,1,UNKNOWN,UNKNOWN,UNKNOWN,UNKNOWN,UNKNOWN,sha256:851b79e7344a519afae383f4426da0add9b293f6dd09be3155c32b1d9d66cd5d,2dcd666b12712bb6d89e410b,DUPLICATE_EXCLUDED,False,same-label byte duplicate; canonical member retained
fa42a1856ff715eb6324a605,data/FAKE/20745.wav,20745,.wav,1,FAKE,271738,0674982fd37ab2509017c87ace96a581b70413100b84f1246a12bf919e20ac09,16000,4.245000000,1,UNKNOWN,UNKNOWN,UNKNOWN,UNKNOWN,UNKNOWN,sha256:0674982fd37ab2509017c87ace96a581b70413100b84f1246a12bf919e20ac09,e588e7dbe26d65affa961bac,DUPLICATE_EXCLUDED,False,same-label byte duplicate; canonical member retained
1ed5472b054a3035b993d1c9,data/FAKE/20746.wav,20746,.wav,1,FAKE,124218,a8cc5ecfeefec62ff201d63647228ddb78af918d5dfa74438b3dc4280f1a5144,16000,1.940000000,1,UNKNOWN,UNKNOWN,UNKNOWN,UNKNOWN,UNKNOWN,sha256:a8cc5ecfeefec62ff201d63647228ddb78af918d5dfa74438b3dc4280f1a5144,cef0252e88c56a370684ffff,DUPLICATE_EXCLUDED,False,same-label byte duplicate; canonical member retained
4e4613fae938ee788039e118,data/FAKE/20747.wav,20747,.wav,1,FAKE,58494,4afb67e02daf947a0f724ae6edbdcf8bc3c4226933dc6a6d3104566bf8711ee3,16000,0.913062500,1,UNKNOWN,UNKNOWN,UNKNOWN,UNKNOWN,UNKNOWN,sha256:4afb67e02daf947a0f724ae6edbdcf8bc3c4226933dc6a6d3104566bf8711ee3,6bd770b8d07ae38c444df5bd,DUPLICATE_EXCLUDED,False,same-label byte duplicate; canonical member retained
b401abbb3543a072c3f2d4f0,data/FAKE/2075.wav,2075,.wav,1,FAKE,243002,770815555c3e04140ea30419ad3093891524cf9f7b7fd2ce91fad23527686c24,16000,3.796000000,1,UNKNOWN,UNKNOWN,UNKNOWN,UNKNOWN,UNKNOWN,sha256:770815555c3e04140ea30419ad3093891524cf9f7b7fd2ce91fad23527686c24,ade90b35d4a0b629fae91708,DUPLICATE_EXCLUDED,False,same-label byte duplicate; canonical member retained
7881f80a3905449537ad8179,data/FAKE/20750.wav,20750,.wav,1,FAKE,90938,8120656a272b0fa1f22521d8521841d016386c8dfa9166d08cebe89c054a6f99,16000,1.420000000,1,UNKNOWN,UNKNOWN,UNKNOWN,UNKNOWN,UNKNOWN,sha256:8120656a272b0fa1f22521d8521841d016386c8dfa9166d08cebe89c054a6f99,09380335412a78f7c23c72ee,DUPLICATE_EXCLUDED,False,same-label byte duplicate; canonical member retained
71db3f354041281e5d07c186,data/FAKE/20751.wav,20751,.wav,1,FAKE,111546,e1f1f0c69e233ed32ff2e716a18d0c7ede8655741ca817d4b423ab77c25db641,16000,1.742000000,1,UNKNOWN,UNKNOWN,UNKNOWN,UNKNOWN,UNKNOWN,sha256:e1f1f0c69e233ed32ff2e716a18d0c7ede8655741ca817d4b423ab77c25db641,1952d40231238b49d16e5c8f,DUPLICATE_EXCLUDED,False,same-label byte duplicate; canonical member retained
b30986b5a0caba110cd16fe0,data/FAKE/20752.wav,20752,.wav,1,FAKE,295802,21bbc850f5360f5912f4d6fbd796b74548e34c4e708e02f941d1de81db08b183,16000,4.621000000,1,UNKNOWN,UNKNOWN,UNKNOWN,UNKNOWN,UNKNOWN,sha256:21bbc850f5360f5912f4d6fbd796b74548e34c4e708e02f941d1de81db08b183,62f9356d313f5fe726dbd5eb,DUPLICATE_EXCLUDED,False,same-label byte duplicate; canonical member retained
d8387d65166b038f0a043669,data/FAKE/21339.wav,21339,.wav,1,FAKE,529978,80b0ddd41a1be2d503714f06ae0f70943114b47e828c474c1f1f1958fb17b14b,16000,8.280000000,1,UNKNOWN,UNKNOWN,UNKNOWN,UNKNOWN,UNKNOWN,sha256:80b0ddd41a1be2d503714f06ae0f70943114b47e828c474c1f1f1958fb17b14b,aa1c339c46070afec1efc7e1,DUPLICATE_EXCLUDED,False,same-label byte duplicate; canonical member retained
8646fba21b0f626bd96316eb,data/FAKE/21342.wav,21342,.wav,1,FAKE,736890,663cff908162a45379e9821c742af5feb65e598fca9ae1d2dab4328bb6122c65,16000,11.513000000,1,UNKNOWN,UNKNOWN,UNKNOWN,UNKNOWN,UNKNOWN,sha256:663cff908162a45379e9821c742af5feb65e598fca9ae1d2dab4328bb6122c65,5cf0a40cfad4891c9e9bd940,DUPLICATE_EXCLUDED,False,same-label byte duplicate; canonical member retained
5f30e3e64e85cab1f6c3a13b,data/FAKE/21346.wav,21346,.wav,1,FAKE,74618,ddba5dbde26dd0f2b478026f40da042f20472ae6dae6a12ee50fee06cc48cb66,16000,1.165000000,1,UNKNOWN,UNKNOWN,UNKNOWN,UNKNOWN,UNKNOWN,sha256:ddba5dbde26dd0f2b478026f40da042f20472ae6dae6a12ee50fee06cc48cb66,5a132c874b4315c05f4c0c2b,DUPLICATE_EXCLUDED,False,same-label byte duplicate; canonical member retained
5a4b9b19738e4b65f1ba9b20,data/FAKE/21349.wav,21349,.wav,1,FAKE,297466,2149fa2cd7951e0ab7427107234a1aebd886d1d5fb5896edab4ca6e07e9fdbbb,16000,4.647000000,1,UNKNOWN,UNKNOWN,UNKNOWN,UNKNOWN,UNKNOWN,sha256:2149fa2cd7951e0ab7427107234a1aebd886d1d5fb5896edab4ca6e07e9fdbbb,a55aa2a74c609cb65e8a97e1,DUPLICATE_EXCLUDED,False,same-label byte duplicate; canonical member retained
db7d0ad29a5a0712922e659c,data/FAKE/21350.wav,21350,.wav,1,FAKE,310782,1860aaf258d4f56378f34dcbaac3fcd55e570dde5afd9ca03650e6ee656a9409,16000,4.855062500,1,UNKNOWN,UNKNOWN,UNKNOWN,UNKNOWN,UNKNOWN,sha256:1860aaf258d4f56378f34dcbaac3fcd55e570dde5afd9ca03650e6ee656a9409,2e9ddaf57342779791179966,DUPLICATE_EXCLUDED,False,same-label byte duplicate; canonical member retained
1548f3c3c992bb274532ee43,data/FAKE/21355.wav,21355,.wav,1,FAKE,1302394,0da67aadc0ae82dafd22a33de95797f6dacb08b36829c8f9a49168e61003a51a,16000,20.349000000,1,UNKNOWN,UNKNOWN,UNKNOWN,UNKNOWN,UNKNOWN,sha256:0da67aadc0ae82dafd22a33de95797f6dacb08b36829c8f9a49168e61003a51a,eaef80527ba3f82c52c19198,DUPLICATE_EXCLUDED,False,same-label byte duplicate; canonical member retained
a1d21a5ae400bd8eda13ba02,data/FAKE/21357.wav,21357,.wav,1,FAKE,200446,ab39cc44ab65efe65bf83f15e1bef02629e666bfc54de9a0d7784e5e49dba61c,16000,3.131062500,1,UNKNOWN,UNKNOWN,UNKNOWN,UNKNOWN,UNKNOWN,sha256:ab39cc44ab65efe65bf83f15e1bef02629e666bfc54de9a0d7784e5e49dba61c,896f39fd62610e58765b6a2f,DUPLICATE_EXCLUDED,False,same-label byte duplicate; canonical member retained
6850e7ef1677abeeb94ea499,data/FAKE/21358.wav,21358,.wav,1,FAKE,689722,246b94224bfcf14943f6131d3d4f97c7397ea0444b6e153bfb79f474f594ab49,16000,10.776000000,1,UNKNOWN,UNKNOWN,UNKNOWN,UNKNOWN,UNKNOWN,sha256:246b94224bfcf14943f6131d3d4f97c7397ea0444b6e153bfb79f474f594ab49,168f3fb97b4e5790be8bcaff,DUPLICATE_EXCLUDED,False,same-label byte duplicate; canonical member retained
9dbe1e0bdb1244a3347c289a,data/FAKE/21359.wav,21359,.wav,1,FAKE,148538,d055d49494ffbfb8459bbb6ac05355906d7f85bb76f8d6cb7e64dcc391ad3359,16000,2.320000000,1,UNKNOWN,UNKNOWN,UNKNOWN,UNKNOWN,UNKNOWN,sha256:d055d49494ffbfb8459bbb6ac05355906d7f85bb76f8d6cb7e64dcc391ad3359,425e86d5717a8250d0db15f9,DUPLICATE_EXCLUDED,False,same-label byte duplicate; canonical member retained
780f03df17c9bb668ef993ed,data/FAKE/21361.wav,21361,.wav,1,FAKE,92282,c107843726d3630f8fb8bdfe97cd2592fc1306233038b7add5e1ff72b7d3ff1f,16000,1.441000000,1,UNKNOWN,UNKNOWN,UNKNOWN,UNKNOWN,UNKNOWN,sha256:c107843726d3630f8fb8bdfe97cd2592fc1306233038b7add5e1ff72b7d3ff1f,49e7fbedc802d06018ab9564,DUPLICATE_EXCLUDED,False,same-label byte duplicate; canonical member retained
983ef411465c0ec678d6e51e,data/FAKE/21363.wav,21363,.wav,1,FAKE,156926,05afdbd47961271252e43a87be30708518dfa988d1aba104d388f18a9524f021,16000,2.451062500,1,UNKNOWN,UNKNOWN,UNKNOWN,UNKNOWN,UNKNOWN,sha256:05afdbd47961271252e43a87be30708518dfa988d1aba104d388f18a9524f021,708eac1ae81426839a07d0b8,DUPLICATE_EXCLUDED,False,same-label byte duplicate; canonical member retained
bdcf59c6a8dcecafb60fbb65,data/FAKE/21365.wav,21365,.wav,1,FAKE,300986,d905acd1df06254b06d69d13e3ad500f06fe8f6202951c5a117fa6df8ed858b7,16000,4.702000000,1,UNKNOWN,UNKNOWN,UNKNOWN,UNKNOWN,UNKNOWN,sha256:d905acd1df06254b06d69d13e3ad500f06fe8f6202951c5a117fa6df8ed858b7,f87430f4c011117f5cde2ed3,DUPLICATE_EXCLUDED,False,same-label byte duplicate; canonical member retained
72c8bb86511c49d54db063dd,data/FAKE/2137.wav,2137,.wav,1,FAKE,151806,8af9aee3c9f4fba229b563843a95e07a8fabcf8ac94b36371693a84ef911d15b,16000,2.371062500,1,UNKNOWN,UNKNOWN,UNKNOWN,UNKNOWN,UNKNOWN,sha256:8af9aee3c9f4fba229b563843a95e07a8fabcf8ac94b36371693a84ef911d15b,8fbba8fed21660a5002306d1,DUPLICATE_EXCLUDED,False,same-label byte duplicate; canonical member retained
e14f38b74713aba90c92e83b,data/FAKE/21371.wav,21371,.wav,1,FAKE,875578,a2e619310690678e119d00cbb4de0f7839df59ae6b2df3b22664598be473a70e,16000,13.680000000,1,UNKNOWN,UNKNOWN,UNKNOWN,UNKNOWN,UNKNOWN,sha256:a2e619310690678e119d00cbb4de0f7839df59ae6b2df3b22664598be473a70e,cd51400df7fe6d6c765ecb6c,DUPLICATE_EXCLUDED,False,same-label byte duplicate; canonical member retained
bd74ffaa841b9348214d9315,data/FAKE/21372.wav,21372,.wav,1,FAKE,345082,9ef89d34fc63d37f5b4024a11a053f149dfefe0ffb262ad450da064268f63146,16000,5.391000000,1,UNKNOWN,UNKNOWN,UNKNOWN,UNKNOWN,UNKNOWN,sha256:9ef89d34fc63d37f5b4024a11a053f149dfefe0ffb262ad450da064268f63146,34f3ceeb146b6d4943544dcb,DUPLICATE_EXCLUDED,False,same-label byte duplicate; canonical member retained
57f803b644e57df44a2c715a,data/FAKE/21373.wav,21373,.wav,1,FAKE,180602,349f7c1837f58a72cc376b3c5b2f9e4683fb84f602cd34767112a7f08f9340d7,16000,2.821000000,1,UNKNOWN,UNKNOWN,UNKNOWN,UNKNOWN,UNKNOWN,sha256:349f7c1837f58a72cc376b3c5b2f9e4683fb84f602cd34767112a7f08f9340d7,71ad8358a02324ac38b85751,DUPLICATE_EXCLUDED,False,same-label byte duplicate; canonical member retained
7edf6678ac5e1c760c867a18,data/FAKE/21376.wav,21376,.wav,1,FAKE,512378,ec8c819fe7287175f5a34c67d5b2acd157e9409141a77ae576d409203cd4f6ae,16000,8.005000000,1,UNKNOWN,UNKNOWN,UNKNOWN,UNKNOWN,UNKNOWN,sha256:ec8c819fe7287175f5a34c67d5b2acd157e9409141a77ae576d409203cd4f6ae,9333e9dd36bcb45439be4efc,DUPLICATE_EXCLUDED,False,same-label byte duplicate; canonical member retained
acf37cc2334a4ccf5f7b0afd,data/FAKE/21377.wav,21377,.wav,1,FAKE,217342,618450c860a0d3295517028355c07550dfbd28a4587945f8b9b9406629669cc1,16000,3.395062500,1,UNKNOWN,UNKNOWN,UNKNOWN,UNKNOWN,UNKNOWN,sha256:618450c860a0d3295517028355c07550dfbd28a4587945f8b9b9406629669cc1,3b8cac83570b328cbe20b188,DUPLICATE_EXCLUDED,False,same-label byte duplicate; canonical member retained
2ccff796c863443d47059e96,data/FAKE/21388.wav,21388,.wav,1,FAKE,324222,14f2bca86f99ab85e16a134ba3f7cdde196abf994a168676e0cfc9915f2e6a21,16000,5.065062500,1,UNKNOWN,UNKNOWN,UNKNOWN,UNKNOWN,UNKNOWN,sha256:14f2bca86f99ab85e16a134ba3f7cdde196abf994a168676e0cfc9915f2e6a21,0cdfa0009b83369ccd7c9be2,DUPLICATE_EXCLUDED,False,same-label byte duplicate; canonical member retained
f93dcfe0c98827240852666b,data/FAKE/21389.wav,21389,.wav,1,FAKE,175994,1a64d06e50b1d7d256f2b7b8e9ac65a5d53517abb8dd0bdd4a9c9d2c2321157a,16000,2.749000000,1,UNKNOWN,UNKNOWN,UNKNOWN,UNKNOWN,UNKNOWN,sha256:1a64d06e50b1d7d256f2b7b8e9ac65a5d53517abb8dd0bdd4a9c9d2c2321157a,61a21c81c44064c6cde2debf,DUPLICATE_EXCLUDED,False,same-label byte duplicate; canonical member retained
61372ba5e7b16c9e3056931c,data/FAKE/21390.wav,21390,.wav,1,FAKE,93882,25d065eb821e87ef869b6cdf2ad4e707a60d1204f5435be37f58cd01c56e7222,16000,1.466000000,1,UNKNOWN,UNKNOWN,UNKNOWN,UNKNOWN,UNKNOWN,sha256:25d065eb821e87ef869b6cdf2ad4e707a60d1204f5435be37f58cd01c56e7222,7eedbc9904c43b0813273db8,DUPLICATE_EXCLUDED,False,same-label byte duplicate; canonical member retained
63c3a61059e670f36a4daf9a,data/FAKE/21391.wav,21391,.wav,1,FAKE,550846,567c1c17cb6c003edffc76d8c7a4b875773e806a0e2078720b09653bfd33d551,16000,8.606062500,1,UNKNOWN,UNKNOWN,UNKNOWN,UNKNOWN,UNKNOWN,sha256:567c1c17cb6c003edffc76d8c7a4b875773e806a0e2078720b09653bfd33d551,8f78dcbf92fcda267baba076,DUPLICATE_EXCLUDED,False,same-label byte duplicate; canonical member retained
2428006f7552944202b7e5b7,data/FAKE/21392.wav,21392,.wav,1,FAKE,557630,f0143aeae39c48733adc23fd954ddabc8c76c547075f5b264c143bbba6fb3695,16000,8.712062500,1,UNKNOWN,UNKNOWN,UNKNOWN,UNKNOWN,UNKNOWN,sha256:f0143aeae39c48733adc23fd954ddabc8c76c547075f5b264c143bbba6fb3695,e6661f88559fd8296bcb0cc7,DUPLICATE_EXCLUDED,False,same-label byte duplicate; canonical member retained
c1c7b8f82a5fe27a2ebcf3b3,data/FAKE/21393.wav,21393,.wav,1,FAKE,437310,81d8f916e352607d2c72957f6bbeb187d6a99aaaa9165c931c40bddd7e0a0dfb,16000,6.832062500,1,UNKNOWN,UNKNOWN,UNKNOWN,UNKNOWN,UNKNOWN,sha256:81d8f916e352607d2c72957f6bbeb187d6a99aaaa9165c931c40bddd7e0a0dfb,be196c5ce764382dd3a942e4,DUPLICATE_EXCLUDED,False,same-label byte duplicate; canonical member retained
61cc22d9c7d1c601f10dca62,data/FAKE/21394.wav,21394,.wav,1,FAKE,157818,9d944985c864d93d27ad0c775349a9d9fff73a52cae6b59bf1782edf3957a39a,16000,2.465000000,1,UNKNOWN,UNKNOWN,UNKNOWN,UNKNOWN,UNKNOWN,sha256:9d944985c864d93d27ad0c775349a9d9fff73a52cae6b59bf1782edf3957a39a,f832b25a1278621ab314d2ed,DUPLICATE_EXCLUDED,False,same-label byte duplicate; canonical member retained
6797980fb1e82a6d28976eba,data/FAKE/21397.wav,21397,.wav,1,FAKE,325370,b257a51fae96ec913cc7e8fa21cd9dfa049c98675046d22f4813350beb291a27,16000,5.083000000,1,UNKNOWN,UNKNOWN,UNKNOWN,UNKNOWN,UNKNOWN,sha256:b257a51fae96ec913cc7e8fa21cd9dfa049c98675046d22f4813350beb291a27,f42fbf25c89f2968eb838b35,DUPLICATE_EXCLUDED,False,same-label byte duplicate; canonical member retained
49927c8b7e969914be2bd6e5,data/FAKE/214.wav,214,.wav,1,FAKE,133754,543f49a2583a26a8c86b8e2d20061b7b66074aba807bbc870e4cbd16e418abf3,16000,2.089000000,1,UNKNOWN,UNKNOWN,UNKNOWN,UNKNOWN,UNKNOWN,sha256:543f49a2583a26a8c86b8e2d20061b7b66074aba807bbc870e4cbd16e418abf3,53be0cecd550ee9c05b86308,DUPLICATE_EXCLUDED,False,same-label byte duplicate; canonical member retained
22963f5c4e66538c64284640,data/FAKE/22162.wav,22162,.wav,1,FAKE,610366,6aa7e2323f5e0f5bc7a591c7f9be34c3a41709f070fbd4567ca31b9ae9b0e00e,16000,9.536062500,1,UNKNOWN,UNKNOWN,UNKNOWN,UNKNOWN,UNKNOWN,sha256:6aa7e2323f5e0f5bc7a591c7f9be34c3a41709f070fbd4567ca31b9ae9b0e00e,5b51a80650725e3e01a91066,DUPLICATE_EXCLUDED,False,same-label byte duplicate; canonical member retained
0581272118ebfbd99ec621c4,data/FAKE/22441.wav,22441,.wav,1,FAKE,107002,fb542444a59daccdf492258d4275792800eb44d4072f33b9c3888d0a9f38c627,16000,1.671000000,1,UNKNOWN,UNKNOWN,UNKNOWN,UNKNOWN,UNKNOWN,sha256:fb542444a59daccdf492258d4275792800eb44d4072f33b9c3888d0a9f38c627,e893a3292d67c79cf57ff5f7,DUPLICATE_EXCLUDED,False,same-label byte duplicate; canonical member retained
f3eccb557c712c9c8dbc541c,data/FAKE/22444.wav,22444,.wav,1,FAKE,149246,c478a3529ce0b349e5ac9f87295303182d2dc2e37b751eaacffc65961fe52085,16000,2.331062500,1,UNKNOWN,UNKNOWN,UNKNOWN,UNKNOWN,UNKNOWN,sha256:c478a3529ce0b349e5ac9f87295303182d2dc2e37b751eaacffc65961fe52085,4427377ce2784442b2613001,DUPLICATE_EXCLUDED,False,same-label byte duplicate; canonical member retained
a03d6cdd1beb1f33f81bc838,data/FAKE/22445.wav,22445,.wav,1,FAKE,688254,8ca78a15990be0a43e081914810714571eb1e19568412ca03f5330067bd29709,16000,10.753062500,1,UNKNOWN,UNKNOWN,UNKNOWN,UNKNOWN,UNKNOWN,sha256:8ca78a15990be0a43e081914810714571eb1e19568412ca03f5330067bd29709,c118032e51ea61c964c70819,DUPLICATE_EXCLUDED,False,same-label byte duplicate; canonical member retained
dae5cb742f462104a7a8a2e6,data/FAKE/22449.wav,22449,.wav,1,FAKE,294458,d6fe1a562082e0bf2c2992ecbef1bc3d600c29853c60af58652b0c3a967aa99d,16000,4.600000000,1,UNKNOWN,UNKNOWN,UNKNOWN,UNKNOWN,UNKNOWN,sha256:d6fe1a562082e0bf2c2992ecbef1bc3d600c29853c60af58652b0c3a967aa99d,826b53dc9865cdaf8ad7d464,DUPLICATE_EXCLUDED,False,same-label byte duplicate; canonical member retained
a7c48d2cde00cae7bc95f11c,data/FAKE/22450.wav,22450,.wav,1,FAKE,595134,d5d0fb4fd3d4538eb9f2b30282bfa2f62268108080ef077719373286eb561a7b,16000,9.298062500,1,UNKNOWN,UNKNOWN,UNKNOWN,UNKNOWN,UNKNOWN,sha256:d5d0fb4fd3d4538eb9f2b30282bfa2f62268108080ef077719373286eb561a7b,085810b6f0072adf552e745a,DUPLICATE_EXCLUDED,False,same-label byte duplicate; canonical member retained
c2221830ae5d96be5457d28a,data/FAKE/2246.wav,2246,.wav,1,FAKE,261818,ab9887b41f5a949fd9d4ce4c43b059bf85bb1a94622234f7c361bc4a75aadf72,16000,4.090000000,1,UNKNOWN,UNKNOWN,UNKNOWN,UNKNOWN,UNKNOWN,sha256:ab9887b41f5a949fd9d4ce4c43b059bf85bb1a94622234f7c361bc4a75aadf72,79c15f040d1363c3c8f6e791,DUPLICATE_EXCLUDED,False,same-label byte duplicate; canonical member retained
f0460a772561473de3fff18d,data/FAKE/22460.wav,22460,.wav,1,FAKE,298878,454d4e3d93e3c02d26a99083e4b08f5f3c5a3087f36062e42bc694896d8c2241,16000,4.669062500,1,UNKNOWN,UNKNOWN,UNKNOWN,UNKNOWN,UNKNOWN,sha256:454d4e3d93e3c02d26a99083e4b08f5f3c5a3087f36062e42bc694896d8c2241,d168ad665078e9482fe91f88,DUPLICATE_EXCLUDED,False,same-label byte duplicate; canonical member retained
b37333b6d5cf081d6a61a156,data/FAKE/22473.wav,22473,.wav,1,FAKE,445306,4f305997808ae52b645ce98816b2e360d11b746c217183d307e79aea6beaa304,16000,6.957000000,1,UNKNOWN,UNKNOWN,UNKNOWN,UNKNOWN,UNKNOWN,sha256:4f305997808ae52b645ce98816b2e360d11b746c217183d307e79aea6beaa304,d5d53b3de632c19a3b286493,DUPLICATE_EXCLUDED,False,same-label byte duplicate; canonical member retained
7e17dfa024b07d7536c11284,data/FAKE/22474.wav,22474,.wav,1,FAKE,109438,091725647e42c339eee53504a6c3eab8cb7a28408137aac09fd51ba1190b7fa5,16000,1.709062500,1,UNKNOWN,UNKNOWN,UNKNOWN,UNKNOWN,UNKNOWN,sha256:091725647e42c339eee53504a6c3eab8cb7a28408137aac09fd51ba1190b7fa5,1f1fad357ba695b923b56a2b,DUPLICATE_EXCLUDED,False,same-label byte duplicate; canonical member retained
514acc0dda54bedb73960b1f,data/FAKE/22476.wav,22476,.wav,1,FAKE,101434,c765b6a77dc99b5343d1f89201a71f6f5390296cec831c1933c2bb6ce16f922e,16000,1.584000000,1,UNKNOWN,UNKNOWN,UNKNOWN,UNKNOWN,UNKNOWN,sha256:c765b6a77dc99b5343d1f89201a71f6f5390296cec831c1933c2bb6ce16f922e,21e74c592919a5965dbcc71c,DUPLICATE_EXCLUDED,False,same-label byte duplicate; canonical member retained
f3ac3093b57f05378814ce2d,data/FAKE/22479.wav,22479,.wav,1,FAKE,484734,7feae42af43a6eeb166b1a3eab62f675a466b0b20be09a0ebac93d3ca2b9d60a,16000,7.573062500,1,UNKNOWN,UNKNOWN,UNKNOWN,UNKNOWN,UNKNOWN,sha256:7feae42af43a6eeb166b1a3eab62f675a466b0b20be09a0ebac93d3ca2b9d60a,32f73669a68ba106776f4135,DUPLICATE_EXCLUDED,False,same-label byte duplicate; canonical member retained
0d519ffa41b7b0ee25661047,data/FAKE/22483.wav,22483,.wav,1,FAKE,113790,cda255c8edb5eca925491ec5f14c682b1b044583acd9c30bfee79b834de3086d,16000,1.777062500,1,UNKNOWN,UNKNOWN,UNKNOWN,UNKNOWN,UNKNOWN,sha256:cda255c8edb5eca925491ec5f14c682b1b044583acd9c30bfee79b834de3086d,88d67d237ae52eb022b01e9b,DUPLICATE_EXCLUDED,False,same-label byte duplicate; canonical member retained
277c080b7262631c7b701217,data/FAKE/22484.wav,22484,.wav,1,FAKE,223998,6c442a860842a625488ae96e49994c2c648532fb017b6d0689dfd359afe3df54,16000,3.499062500,1,UNKNOWN,UNKNOWN,UNKNOWN,UNKNOWN,UNKNOWN,sha256:6c442a860842a625488ae96e49994c2c648532fb017b6d0689dfd359afe3df54,13ffe893a91c1fa9f05c6337,DUPLICATE_EXCLUDED,False,same-label byte duplicate; canonical member retained
1364fc88bd83e5c0450a50ce,data/FAKE/22485.wav,22485,.wav,1,FAKE,98430,c616c7568eb631385edf817effa5ba52f041720315aba5c002606da0b4d785e7,16000,1.537062500,1,UNKNOWN,UNKNOWN,UNKNOWN,UNKNOWN,UNKNOWN,sha256:c616c7568eb631385edf817effa5ba52f041720315aba5c002606da0b4d785e7,908719ee1f61cd1175f2f2e2,DUPLICATE_EXCLUDED,False,same-label byte duplicate; canonical member retained
f01d3302ed91bdd7ef1671d5,data/FAKE/22486.wav,22486,.wav,1,FAKE,351870,b2c7c6520f1fc3296ba5c75acb6ac5bda0a5465ca2583bfe2559941df4293b14,16000,5.497062500,1,UNKNOWN,UNKNOWN,UNKNOWN,UNKNOWN,UNKNOWN,sha256:b2c7c6520f1fc3296ba5c75acb6ac5bda0a5465ca2583bfe2559941df4293b14,89d38b6515c4ec5c27b14adf,DUPLICATE_EXCLUDED,False,same-label byte duplicate; canonical member retained
73778643eb6dfdbeac6a194a,data/FAKE/2249.wav,2249,.wav,1,FAKE,828218,0c575ba3a5dbbd6fccfcf94363d0b69e64cb7a817e5df7cd8f9428d9e2bf27e1,16000,12.940000000,1,UNKNOWN,UNKNOWN,UNKNOWN,UNKNOWN,UNKNOWN,sha256:0c575ba3a5dbbd6fccfcf94363d0b69e64cb7a817e5df7cd8f9428d9e2bf27e1,7b1a0a935172b6d8901dab83,DUPLICATE_EXCLUDED,False,same-label byte duplicate; canonical member retained
1cc8411f2774730be2a6f354,data/FAKE/22492.wav,22492,.wav,1,FAKE,492218,2bb40a6a51783b1b4f127f1e4c5534d38ce8cc01bf492448a81960a5551ee29d,16000,7.690000000,1,UNKNOWN,UNKNOWN,UNKNOWN,UNKNOWN,UNKNOWN,sha256:2bb40a6a51783b1b4f127f1e4c5534d38ce8cc01bf492448a81960a5551ee29d,3fe515599808e41c80576e6e,DUPLICATE_EXCLUDED,False,same-label byte duplicate; canonical member retained
8ad2cfeca9d3deb81cd783d2,data/FAKE/22493.wav,22493,.wav,1,FAKE,1004542,b3a6e037fb295807cc390d83962bc05f3982097f75c60d4321b0f63c69f7d8e9,16000,15.695062500,1,UNKNOWN,UNKNOWN,UNKNOWN,UNKNOWN,UNKNOWN,sha256:b3a6e037fb295807cc390d83962bc05f3982097f75c60d4321b0f63c69f7d8e9,c98b0920406ca84c5f0182d5,DUPLICATE_EXCLUDED,False,same-label byte duplicate; canonical member retained
f23f1c47d74ca8a3c23fe0d6,data/FAKE/225.wav,225,.wav,1,FAKE,167418,5dd1423ace3999cdbe9ab3369d767c9897bc03a69161385c1d42de7a965b7cf3,16000,2.615000000,1,UNKNOWN,UNKNOWN,UNKNOWN,UNKNOWN,UNKNOWN,sha256:5dd1423ace3999cdbe9ab3369d767c9897bc03a69161385c1d42de7a965b7cf3,81c029ae43c0977c31f218d7,DUPLICATE_EXCLUDED,False,same-label byte duplicate; canonical member retained
cfa10f31047a84a555ec2d99,data/FAKE/22504.wav,22504,.wav,1,FAKE,324794,1fa328c0f5b7bc990a746771207421b3867f768bcc3aa460df40533095d136f7,16000,5.074000000,1,UNKNOWN,UNKNOWN,UNKNOWN,UNKNOWN,UNKNOWN,sha256:1fa328c0f5b7bc990a746771207421b3867f768bcc3aa460df40533095d136f7,98f9eba6ad511d5ac7b4c920,DUPLICATE_EXCLUDED,False,same-label byte duplicate; canonical member retained
37b8a7377452a3d1c6de64fa,data/FAKE/22505.wav,22505,.wav,1,FAKE,768442,ba26d6f6886bc6dc9d9880346d90b2745e875a994862299a54811b4555b9832c,16000,12.006000000,1,UNKNOWN,UNKNOWN,UNKNOWN,UNKNOWN,UNKNOWN,sha256:ba26d6f6886bc6dc9d9880346d90b2745e875a994862299a54811b4555b9832c,a5649ca8b819d2068d2e1c28,DUPLICATE_EXCLUDED,False,same-label byte duplicate; canonical member retained
84edf3551ef0dfe66b9f4d9a,data/FAKE/22507.wav,22507,.wav,1,FAKE,412030,1da050a25eca682e17a45a6a76b11a7bc9c8c70811602083943823b432c53502,16000,6.437062500,1,UNKNOWN,UNKNOWN,UNKNOWN,UNKNOWN,UNKNOWN,sha256:1da050a25eca682e17a45a6a76b11a7bc9c8c70811602083943823b432c53502,679adb2a20e0c9dd8609cd3b,DUPLICATE_EXCLUDED,False,same-label byte duplicate; canonical member retained
9181923538183a18d857e5ea,data/FAKE/2251.wav,2251,.wav,1,FAKE,376506,1c48e55655372852c23f4f9fd4c52c3809b606b1401e79e09b66d3809084ab28,16000,5.882000000,1,UNKNOWN,UNKNOWN,UNKNOWN,UNKNOWN,UNKNOWN,sha256:1c48e55655372852c23f4f9fd4c52c3809b606b1401e79e09b66d3809084ab28,7aeb8fe9386413992857479a,DUPLICATE_EXCLUDED,False,same-label byte duplicate; canonical member retained
c94fed0de9376b15b54c53a4,data/FAKE/22511.wav,22511,.wav,1,FAKE,87354,d4cfe71f57bf004f68fc4ae3f0fd6339e5b4c9cf63111414341f272f772ff51a,16000,1.364000000,1,UNKNOWN,UNKNOWN,UNKNOWN,UNKNOWN,UNKNOWN,sha256:d4cfe71f57bf004f68fc4ae3f0fd6339e5b4c9cf63111414341f272f772ff51a,a4f5971bafb77802a893dd6c,DUPLICATE_EXCLUDED,False,same-label byte duplicate; canonical member retained
0a3f4ab57450cd1a1c629015,data/FAKE/22517.wav,22517,.wav,1,FAKE,441470,0d789ad75c65cc3a32a25ceef8a6761586e27b0c803e3c6bd1e5cd3c32f4832f,16000,6.897062500,1,UNKNOWN,UNKNOWN,UNKNOWN,UNKNOWN,UNKNOWN,sha256:0d789ad75c65cc3a32a25ceef8a6761586e27b0c803e3c6bd1e5cd3c32f4832f,66222b74bb6a7f06b0914d7c,DUPLICATE_EXCLUDED,False,same-label byte duplicate; canonical member retained
8008f78dbcad904df8446df7,data/FAKE/22518.wav,22518,.wav,1,FAKE,465150,f4a9cd29571b80f6a1f3c63dee0247abd8ff104a7e82655873016a9288de730d,16000,7.267062500,1,UNKNOWN,UNKNOWN,UNKNOWN,UNKNOWN,UNKNOWN,sha256:f4a9cd29571b80f6a1f3c63dee0247abd8ff104a7e82655873016a9288de730d,b1f7aee518a80c1eef3ef71d,DUPLICATE_EXCLUDED,False,same-label byte duplicate; canonical member retained
830ae357a54eed2332b19ec3,data/FAKE/2252.wav,2252,.wav,1,FAKE,801854,1d3d2e5d294c1df20e8d84e24f2156f7789b751b8895341ae25f555ace1211c4,16000,12.528062500,1,UNKNOWN,UNKNOWN,UNKNOWN,UNKNOWN,UNKNOWN,sha256:1d3d2e5d294c1df20e8d84e24f2156f7789b751b8895341ae25f555ace1211c4,bc46b1eef8cbab33a2c02776,DUPLICATE_EXCLUDED,False,same-label byte duplicate; canonical member retained
727aec89b7428b9df4bd0662,data/FAKE/22522.wav,22522,.wav,1,FAKE,525946,2267508d50dddd5907778cd595c6958bde84448945b5e12de9a74bdffe3d9cd7,16000,8.217000000,1,UNKNOWN,UNKNOWN,UNKNOWN,UNKNOWN,UNKNOWN,sha256:2267508d50dddd5907778cd595c6958bde84448945b5e12de9a74bdffe3d9cd7,048fc3fd3e3923c074441167,DUPLICATE_EXCLUDED,False,same-label byte duplicate; canonical member retained
6953e16b84f6badae7439442,data/FAKE/22526.wav,22526,.wav,1,FAKE,240446,d913341de0117354cfafb7da43112e7571e8157e0f05df0314d06d481864ad87,16000,3.756062500,1,UNKNOWN,UNKNOWN,UNKNOWN,UNKNOWN,UNKNOWN,sha256:d913341de0117354cfafb7da43112e7571e8157e0f05df0314d06d481864ad87,35bbf1bd4b922adea5471045,DUPLICATE_EXCLUDED,False,same-label byte duplicate; canonical member retained
e112aad86d1d66c304174057,data/FAKE/22532.wav,22532,.wav,1,FAKE,235962,bd5b5e8a15f89c3541cfd40dc86b3b63e061f841e582710f334ee5cc7351a74e,16000,3.686000000,1,UNKNOWN,UNKNOWN,UNKNOWN,UNKNOWN,UNKNOWN,sha256:bd5b5e8a15f89c3541cfd40dc86b3b63e061f841e582710f334ee5cc7351a74e,e690bb288c53642ef02235b2,DUPLICATE_EXCLUDED,False,same-label byte duplicate; canonical member retained
737e624976c194a0d40d27f3,data/FAKE/22698.wav,22698,.wav,1,FAKE,94842,5ae4110f936dba5d86b1373d3f11d73a8a933fba2f9d61dac325dca350c53e81,16000,1.481000000,1,UNKNOWN,UNKNOWN,UNKNOWN,UNKNOWN,UNKNOWN,sha256:5ae4110f936dba5d86b1373d3f11d73a8a933fba2f9d61dac325dca350c53e81,ff1e589a4429f8f91f3df9b6,DUPLICATE_EXCLUDED,False,same-label byte duplicate; canonical member retained
b795525b50207894c892bca8,data/FAKE/22699.wav,22699,.wav,1,FAKE,120958,5b9df03946c7032b94d4f505f5708bd58e6798cfee8ac645f90f96d8f9763c03,16000,1.889062500,1,UNKNOWN,UNKNOWN,UNKNOWN,UNKNOWN,UNKNOWN,sha256:5b9df03946c7032b94d4f505f5708bd58e6798cfee8ac645f90f96d8f9763c03,e1cf52fdeb7c1973be7a08fc,DUPLICATE_EXCLUDED,False,same-label byte duplicate; canonical member retained
ec01ab93af47cc7d2192c72f,data/FAKE/2270.wav,2270,.wav,1,FAKE,76858,1beabdf98dad734da9884dcaf9412f97157d16c6fb383066d2da2b8c8a89deb4,16000,1.200000000,1,UNKNOWN,UNKNOWN,UNKNOWN,UNKNOWN,UNKNOWN,sha256:1beabdf98dad734da9884dcaf9412f97157d16c6fb383066d2da2b8c8a89deb4,2ff3e6b623e90dc50ee11ac1,DUPLICATE_EXCLUDED,False,same-label byte duplicate; canonical member retained
7650499c4f485002ff4214d0,data/FAKE/22707.wav,22707,.wav,1,FAKE,103290,d744bde031feec8357fdcc39ef4da9b5440b245a601bd187c51ac182deb5eccc,16000,1.613000000,1,UNKNOWN,UNKNOWN,UNKNOWN,UNKNOWN,UNKNOWN,sha256:d744bde031feec8357fdcc39ef4da9b5440b245a601bd187c51ac182deb5eccc,c86d8274503b602895d88c8f,DUPLICATE_EXCLUDED,False,same-label byte duplicate; canonical member retained
76f7336bdc1a6588bad1e297,data/FAKE/22709.wav,22709,.wav,1,FAKE,300094,006793f308413d67647041fdd5a1eb1d2e6ace1f30d4270031dbca5b55455cc5,16000,4.688062500,1,UNKNOWN,UNKNOWN,UNKNOWN,UNKNOWN,UNKNOWN,sha256:006793f308413d67647041fdd5a1eb1d2e6ace1f30d4270031dbca5b55455cc5,036acf73aebb4bf8359d0d18,DUPLICATE_EXCLUDED,False,same-label byte duplicate; canonical member retained
98d22bdaa730472bb23a4c64,data/FAKE/2271.wav,2271,.wav,1,FAKE,1395646,25a79cf348d12296766d66e3e5536e14de17e1cb3f9a7dbe3c45dff99c4e57fa,16000,21.806062500,1,UNKNOWN,UNKNOWN,UNKNOWN,UNKNOWN,UNKNOWN,sha256:25a79cf348d12296766d66e3e5536e14de17e1cb3f9a7dbe3c45dff99c4e57fa,92423313d80c59da531ebadf,DUPLICATE_EXCLUDED,False,same-label byte duplicate; canonical member retained
f0b83884f6e17abaef959950,data/FAKE/22721.wav,22721,.wav,1,FAKE,446846,51cc6fd9f2273698ab6eb775722effa95601a7bd4ebdb896666b4973c9961a37,16000,6.981062500,1,UNKNOWN,UNKNOWN,UNKNOWN,UNKNOWN,UNKNOWN,sha256:51cc6fd9f2273698ab6eb775722effa95601a7bd4ebdb896666b4973c9961a37,ff50388a36285f421f0a6360,DUPLICATE_EXCLUDED,False,same-label byte duplicate; canonical member retained
1c18be089ca8dd0b2d419bf7,data/FAKE/22722.wav,22722,.wav,1,FAKE,179386,5cf9faeb8340e3c043fb60d89c8def65fc05b41bd51863393c45699cb295f56c,16000,2.802000000,1,UNKNOWN,UNKNOWN,UNKNOWN,UNKNOWN,UNKNOWN,sha256:5cf9faeb8340e3c043fb60d89c8def65fc05b41bd51863393c45699cb295f56c,b688b881fc279bb5a478b7e8,DUPLICATE_EXCLUDED,False,same-label byte duplicate; canonical member retained
e7fe0e140d765cd4db57dc5a,data/FAKE/22723.wav,22723,.wav,1,FAKE,375098,5c4320ecaa7aaa9a8b98a5de2d195b48ae4cd99a20fd554ef19a0048d618d7f8,16000,5.860000000,1,UNKNOWN,UNKNOWN,UNKNOWN,UNKNOWN,UNKNOWN,sha256:5c4320ecaa7aaa9a8b98a5de2d195b48ae4cd99a20fd554ef19a0048d618d7f8,db471e642cf123c261c6d495,DUPLICATE_EXCLUDED,False,same-label byte duplicate; canonical member retained
aa7563c18ec8438bc44aa83e,data/FAKE/22724.wav,22724,.wav,1,FAKE,167674,f894aafee06ebc8cbb07e7f06ec15654e4c1326e8cf374658421ec4de5e8afe6,16000,2.619000000,1,UNKNOWN,UNKNOWN,UNKNOWN,UNKNOWN,UNKNOWN,sha256:f894aafee06ebc8cbb07e7f06ec15654e4c1326e8cf374658421ec4de5e8afe6,de179cfcf39583b7512b04ea,DUPLICATE_EXCLUDED,False,same-label byte duplicate; canonical member retained
e3d80b0762f30704ee3ee7ca,data/FAKE/22725.wav,22725,.wav,1,FAKE,192830,55a58c000c88adb3570b3aaf981b30f6b58d17b3c182cc09bf1e52d995d9a1f8,16000,3.012062500,1,UNKNOWN,UNKNOWN,UNKNOWN,UNKNOWN,UNKNOWN,sha256:55a58c000c88adb3570b3aaf981b30f6b58d17b3c182cc09bf1e52d995d9a1f8,9dd6a4d5f0a85e4753cdc795,DUPLICATE_EXCLUDED,False,same-label byte duplicate; canonical member retained
0b1d51a0eabb1609b3a27599,data/FAKE/22730.wav,22730,.wav,1,FAKE,50430,ccdbb5ad09c57631dbdcf4b0c1831b3342d201b3fd42806cd3aa2afd1964eea5,16000,0.787062500,1,UNKNOWN,UNKNOWN,UNKNOWN,UNKNOWN,UNKNOWN,sha256:ccdbb5ad09c57631dbdcf4b0c1831b3342d201b3fd42806cd3aa2afd1964eea5,44a6a62faf38c7f404e62fb0,DUPLICATE_EXCLUDED,False,same-label byte duplicate; canonical member retained
1a75548cac87beb6d85fb89b,data/FAKE/22737.wav,22737,.wav,1,FAKE,393850,f71f262d765ba151879c00c91cabf1fddb662bfb8ab4c6a0c0d3064bcc6eca82,16000,6.153000000,1,UNKNOWN,UNKNOWN,UNKNOWN,UNKNOWN,UNKNOWN,sha256:f71f262d765ba151879c00c91cabf1fddb662bfb8ab4c6a0c0d3064bcc6eca82,97aa5ba4f1b6f5cbfef6689b,DUPLICATE_EXCLUDED,False,same-label byte duplicate; canonical member retained
87e55bab1323feab648f8723,data/FAKE/22738.wav,22738,.wav,1,FAKE,92606,60ce8cf2b00f720d4f417bc82da19c6039fb550ea2426fd67bcee3e29fb9beaf,16000,1.446062500,1,UNKNOWN,UNKNOWN,UNKNOWN,UNKNOWN,UNKNOWN,sha256:60ce8cf2b00f720d4f417bc82da19c6039fb550ea2426fd67bcee3e29fb9beaf,b781f4db26323ef4dcf45c5f,DUPLICATE_EXCLUDED,False,same-label byte duplicate; canonical member retained
d0acd6cce69175fd30c9c543,data/FAKE/2274.wav,2274,.wav,1,FAKE,126206,ca9f75d503c14d6e0ed211157018a3ea9c02f436fde70c346d7870c019ee5b56,16000,1.971062500,1,UNKNOWN,UNKNOWN,UNKNOWN,UNKNOWN,UNKNOWN,sha256:ca9f75d503c14d6e0ed211157018a3ea9c02f436fde70c346d7870c019ee5b56,6104ebdbd0224f5bdb02c3dd,DUPLICATE_EXCLUDED,False,same-label byte duplicate; canonical member retained
e56bcc27ec769960103ba03d,data/FAKE/22744.wav,22744,.wav,1,FAKE,273598,b42c80b039d4e753a1aeb5b64664343279470e2b4ef44d5ab28bb6e40aec26e0,16000,4.274062500,1,UNKNOWN,UNKNOWN,UNKNOWN,UNKNOWN,UNKNOWN,sha256:b42c80b039d4e753a1aeb5b64664343279470e2b4ef44d5ab28bb6e40aec26e0,5ae03f7060926d457ecbae7e,DUPLICATE_EXCLUDED,False,same-label byte duplicate; canonical member retained
bc665f8620bf6eb5a3869d6e,data/FAKE/22746.wav,22746,.wav,1,FAKE,290366,0a029eb33cc75d0bf9d292b86f2b3078674fbe3580309d5da107d1dfda217efe,16000,4.536062500,1,UNKNOWN,UNKNOWN,UNKNOWN,UNKNOWN,UNKNOWN,sha256:0a029eb33cc75d0bf9d292b86f2b3078674fbe3580309d5da107d1dfda217efe,bd1a232b14728149be765d59,DUPLICATE_EXCLUDED,False,same-label byte duplicate; canonical member retained
528068645c922c394519337c,data/FAKE/2275.wav,2275,.wav,1,FAKE,424702,48d473c2182de422bffeb412378871b3b716a4c8e7a7d4308a3aef33a93a103b,16000,6.635062500,1,UNKNOWN,UNKNOWN,UNKNOWN,UNKNOWN,UNKNOWN,sha256:48d473c2182de422bffeb412378871b3b716a4c8e7a7d4308a3aef33a93a103b,9c7ff99ecb69e4bed7993b6f,DUPLICATE_EXCLUDED,False,same-label byte duplicate; canonical member retained
ec89563f76eacca5c4b63806,data/FAKE/22755.wav,22755,.wav,1,FAKE,302138,1cae6ed18ae2e1ec3ad4c40b061d56f305fb17ff7f27981de1a8e69d82474240,16000,4.720000000,1,UNKNOWN,UNKNOWN,UNKNOWN,UNKNOWN,UNKNOWN,sha256:1cae6ed18ae2e1ec3ad4c40b061d56f305fb17ff7f27981de1a8e69d82474240,b20c1558d508f710ec83913e,DUPLICATE_EXCLUDED,False,same-label byte duplicate; canonical member retained
19df18b0bbdadf797b5ffd0c,data/FAKE/22762.wav,22762,.wav,1,FAKE,711358,e0cb41ce080e03e5e9195368bc8eb8ae118cdf6aa7ccbadad966789f4d565afa,16000,11.114062500,1,UNKNOWN,UNKNOWN,UNKNOWN,UNKNOWN,UNKNOWN,sha256:e0cb41ce080e03e5e9195368bc8eb8ae118cdf6aa7ccbadad966789f4d565afa,c596add2f09a88d4ba485496,DUPLICATE_EXCLUDED,False,same-label byte duplicate; canonical member retained
0705faa7238c9bbd64a6d9e5,data/FAKE/22763.wav,22763,.wav,1,FAKE,355066,db42eef2dcdcd5e4a1502fee8e7cc230dd212ce59b1d725e92774702cd58908f,16000,5.547000000,1,UNKNOWN,UNKNOWN,UNKNOWN,UNKNOWN,UNKNOWN,sha256:db42eef2dcdcd5e4a1502fee8e7cc230dd212ce59b1d725e92774702cd58908f,88d11d55d56169b88b9d7403,DUPLICATE_EXCLUDED,False,same-label byte duplicate; canonical member retained
87da2170f59d049e00b0963c,data/FAKE/22768.wav,22768,.wav,1,FAKE,555962,fa97446c417398f4d3cf38b46cb7d913f6f9b718ee361c36cfc3d3c1457b622b,16000,8.686000000,1,UNKNOWN,UNKNOWN,UNKNOWN,UNKNOWN,UNKNOWN,sha256:fa97446c417398f4d3cf38b46cb7d913f6f9b718ee361c36cfc3d3c1457b622b,48a37ae282853aa67de616fe,DUPLICATE_EXCLUDED,False,same-label byte duplicate; canonical member retained
56d873598e31500f23b9979e,data/FAKE/22770.wav,22770,.wav,1,FAKE,233530,ee567f6d9298edee6f69a0ef4a82e5ae754040cd45f148113992ebec00c3e313,16000,3.648000000,1,UNKNOWN,UNKNOWN,UNKNOWN,UNKNOWN,UNKNOWN,sha256:ee567f6d9298edee6f69a0ef4a82e5ae754040cd45f148113992ebec00c3e313,be2dd0c297180075adbb20a5,DUPLICATE_EXCLUDED,False,same-label byte duplicate; canonical member retained
c829840668691c6381a2c065,data/FAKE/22901.wav,22901,.wav,1,FAKE,1596602,73bc9e60b2202a8cbfe50d6dda7b3626a4120e3949716ad7985c3c72b1423b44,16000,24.946000000,1,UNKNOWN,UNKNOWN,UNKNOWN,UNKNOWN,UNKNOWN,sha256:73bc9e60b2202a8cbfe50d6dda7b3626a4120e3949716ad7985c3c72b1423b44,e37337f839b54fc58164de8a,DUPLICATE_EXCLUDED,False,same-label byte duplicate; canonical member retained
f88343794a16edf181d2e917,data/FAKE/22902.wav,22902,.wav,1,FAKE,970750,dddd03655c26a170236edb350c2b1573baeb70330a7e5c3899f5dd89024d4ef3,16000,15.167062500,1,UNKNOWN,UNKNOWN,UNKNOWN,UNKNOWN,UNKNOWN,sha256:dddd03655c26a170236edb350c2b1573baeb70330a7e5c3899f5dd89024d4ef3,2b104cccebff849cbffd8b10,DUPLICATE_EXCLUDED,False,same-label byte duplicate; canonical member retained
bcb7f892e2e6d27c4c69e680,data/FAKE/22904.wav,22904,.wav,1,FAKE,215290,5af25d2652eb331cbcba4dcd1c93df9620d82d3c4baa2571115cca7dd877551f,16000,3.363000000,1,UNKNOWN,UNKNOWN,UNKNOWN,UNKNOWN,UNKNOWN,sha256:5af25d2652eb331cbcba4dcd1c93df9620d82d3c4baa2571115cca7dd877551f,21eaeeb12497d3ca0fafe794,DUPLICATE_EXCLUDED,False,same-label byte duplicate; canonical member retained
920b62f3bed579577daa1428,data/FAKE/22906.wav,22906,.wav,1,FAKE,229242,e83120e3615f1a7facc6d6ea32303110d88a500fc720fab3d20f54d843502dc8,16000,3.581000000,1,UNKNOWN,UNKNOWN,UNKNOWN,UNKNOWN,UNKNOWN,sha256:e83120e3615f1a7facc6d6ea32303110d88a500fc720fab3d20f54d843502dc8,1bb8419bcf46e30f649a334d,DUPLICATE_EXCLUDED,False,same-label byte duplicate; canonical member retained
d2843f0eac452e10c1cbc525,data/FAKE/22907.wav,22907,.wav,1,FAKE,222206,001c31d4a9ba2e6dfc1108d41d2afff3628647c1f6492e4face2ce1811220f73,16000,3.471062500,1,UNKNOWN,UNKNOWN,UNKNOWN,UNKNOWN,UNKNOWN,sha256:001c31d4a9ba2e6dfc1108d41d2afff3628647c1f6492e4face2ce1811220f73,907f65736baf955dd444fae5,DUPLICATE_EXCLUDED,False,same-label byte duplicate; canonical member retained
b7220e47da7b6299f394e780,data/FAKE/22909.wav,22909,.wav,1,FAKE,363134,6346a880ad1040eda4dc4dd97d054094aed5cb7532b7445a425d2ad63c04fa12,16000,5.673062500,1,UNKNOWN,UNKNOWN,UNKNOWN,UNKNOWN,UNKNOWN,sha256:6346a880ad1040eda4dc4dd97d054094aed5cb7532b7445a425d2ad63c04fa12,0327ac44bb0f19f255260c58,DUPLICATE_EXCLUDED,False,same-label byte duplicate; canonical member retained
8d28046791d8875e4876cd01,data/FAKE/22917.wav,22917,.wav,1,FAKE,271550,72735131354c28b744f8a60c7b5028f46d825f5c893830ca06b48b73a099bf6c,16000,4.242062500,1,UNKNOWN,UNKNOWN,UNKNOWN,UNKNOWN,UNKNOWN,sha256:72735131354c28b744f8a60c7b5028f46d825f5c893830ca06b48b73a099bf6c,8f0dbdda2bb5de1715994012,DUPLICATE_EXCLUDED,False,same-label byte duplicate; canonical member retained
8096b57255d6f8697bf4f1a5,data/FAKE/22923.wav,22923,.wav,1,FAKE,498302,d94df9fa90fff544c0942fe5476b11adb2b6bb6dd7cb352d644d5bedf20513d2,16000,7.785062500,1,UNKNOWN,UNKNOWN,UNKNOWN,UNKNOWN,UNKNOWN,sha256:d94df9fa90fff544c0942fe5476b11adb2b6bb6dd7cb352d644d5bedf20513d2,8a2f58112272440506a811ed,DUPLICATE_EXCLUDED,False,same-label byte duplicate; canonical member retained
a69a8098f52206879a3d9901,data/FAKE/22924.wav,22924,.wav,1,FAKE,187642,ec560d48ae31c8b0369f0ade068ee8e3c5a727fa48cc426a25fc238ee0dded9f,16000,2.931000000,1,UNKNOWN,UNKNOWN,UNKNOWN,UNKNOWN,UNKNOWN,sha256:ec560d48ae31c8b0369f0ade068ee8e3c5a727fa48cc426a25fc238ee0dded9f,80caae7b3390ade674090146,DUPLICATE_EXCLUDED,False,same-label byte duplicate; canonical member retained
188f1ca24d24166614e4e9f9,data/FAKE/22931.wav,22931,.wav,1,FAKE,395770,92fd515bb008e1858e42f48b974056b4b5e103cf81527e65f37a41ce82d531eb,16000,6.183000000,1,UNKNOWN,UNKNOWN,UNKNOWN,UNKNOWN,UNKNOWN,sha256:92fd515bb008e1858e42f48b974056b4b5e103cf81527e65f37a41ce82d531eb,670726e5ca1dc8dd1052f1ce,DUPLICATE_EXCLUDED,False,same-label byte duplicate; canonical member retained
229492660a19831faeeb4fc1,data/FAKE/22933.wav,22933,.wav,1,FAKE,502458,986855b5bd86fd49fe39e350a3867855f2124c28bf5d58c4323d5d654405a122,16000,7.850000000,1,UNKNOWN,UNKNOWN,UNKNOWN,UNKNOWN,UNKNOWN,sha256:986855b5bd86fd49fe39e350a3867855f2124c28bf5d58c4323d5d654405a122,3b659e7334a4cfe64f017cea,DUPLICATE_EXCLUDED,False,same-label byte duplicate; canonical member retained
b84e028318f24f761fbd30a9,data/FAKE/22937.wav,22937,.wav,1,FAKE,78846,cd4ee3256f59e25ab61767d75d508834f0d8d519b4127eeb5fbc973f9015e811,16000,1.231062500,1,UNKNOWN,UNKNOWN,UNKNOWN,UNKNOWN,UNKNOWN,sha256:cd4ee3256f59e25ab61767d75d508834f0d8d519b4127eeb5fbc973f9015e811,75fa4b1ca78027beef353c52,DUPLICATE_EXCLUDED,False,same-label byte duplicate; canonical member retained
fe809e896681bcff0f4eabe5,data/FAKE/22938.wav,22938,.wav,1,FAKE,911546,5391eb8535796142e1142ddc97534e3f15ff010aa063c22d975d53bbdb62e0ef,16000,14.242000000,1,UNKNOWN,UNKNOWN,UNKNOWN,UNKNOWN,UNKNOWN,sha256:5391eb8535796142e1142ddc97534e3f15ff010aa063c22d975d53bbdb62e0ef,1ee1e7b369c50979e621f135,DUPLICATE_EXCLUDED,False,same-label byte duplicate; canonical member retained
d744dd7edc9d72537958b5fd,data/FAKE/22939.wav,22939,.wav,1,FAKE,215162,541f568b498f09aa137a6ec1f9ec0f283f4742b6ce3b4c2c306d60b133ddb03f,16000,3.361000000,1,UNKNOWN,UNKNOWN,UNKNOWN,UNKNOWN,UNKNOWN,sha256:541f568b498f09aa137a6ec1f9ec0f283f4742b6ce3b4c2c306d60b133ddb03f,58f1a23955f93c99051eacff,DUPLICATE_EXCLUDED,False,same-label byte duplicate; canonical member retained
e6bccf4fe65379130814f3e8,data/FAKE/22947.wav,22947,.wav,1,FAKE,410750,b82f6a4b8a861cc8be8684901bb60e51b01b01c71d6a7955e3c89a8ad9de2fde,16000,6.417062500,1,UNKNOWN,UNKNOWN,UNKNOWN,UNKNOWN,UNKNOWN,sha256:b82f6a4b8a861cc8be8684901bb60e51b01b01c71d6a7955e3c89a8ad9de2fde,c182834fbcd0e3cb1dec1254,DUPLICATE_EXCLUDED,False,same-label byte duplicate; canonical member retained
50a7324647c2267d36796e68,data/FAKE/22948.wav,22948,.wav,1,FAKE,888442,1856d05e7547d2ae6cc41e71884dc94d6befc064076aa28c4d3de188aaead119,16000,13.881000000,1,UNKNOWN,UNKNOWN,UNKNOWN,UNKNOWN,UNKNOWN,sha256:1856d05e7547d2ae6cc41e71884dc94d6befc064076aa28c4d3de188aaead119,d5e6a534c436c6fa4089d7d9,DUPLICATE_EXCLUDED,False,same-label byte duplicate; canonical member retained
c786a033605e87006026a1b6,data/FAKE/2295.wav,2295,.wav,1,FAKE,111358,fb2e68fcb79cff10f62bad81195fd6d3aa9dda21f3e982af98beaef0d3e2558a,16000,1.739062500,1,UNKNOWN,UNKNOWN,UNKNOWN,UNKNOWN,UNKNOWN,sha256:fb2e68fcb79cff10f62bad81195fd6d3aa9dda21f3e982af98beaef0d3e2558a,b5e8aedaf944aa8b80cafd8b,DUPLICATE_EXCLUDED,False,same-label byte duplicate; canonical member retained
18788ef0f8e07ac9f64f8f4b,data/FAKE/22950.wav,22950,.wav,1,FAKE,1236222,55526f4713d1a36472db2feec2c7032fbd3a88e917b86167516f62c71039d18f,16000,19.315062500,1,UNKNOWN,UNKNOWN,UNKNOWN,UNKNOWN,UNKNOWN,sha256:55526f4713d1a36472db2feec2c7032fbd3a88e917b86167516f62c71039d18f,5f40d9d74c872ef0d46685a0,DUPLICATE_EXCLUDED,False,same-label byte duplicate; canonical member retained
59829509357bfe8e1a1fdb8c,data/FAKE/22951.wav,22951,.wav,1,FAKE,48186,193f370cdf6557e64a45b14f067f5c2651ad4f7a8b56580b6c12e785f8676d30,16000,0.752000000,1,UNKNOWN,UNKNOWN,UNKNOWN,UNKNOWN,UNKNOWN,sha256:193f370cdf6557e64a45b14f067f5c2651ad4f7a8b56580b6c12e785f8676d30,3855d6787054cf35b6655d21,DUPLICATE_EXCLUDED,False,same-label byte duplicate; canonical member retained
5a19680e4446806193ce3c8e,data/FAKE/22952.wav,22952,.wav,1,FAKE,627578,d5c40421e0c2fb9f8bf9b9f31bfcb5149469ef594a566d0e77914dc66ee3861e,16000,9.805000000,1,UNKNOWN,UNKNOWN,UNKNOWN,UNKNOWN,UNKNOWN,sha256:d5c40421e0c2fb9f8bf9b9f31bfcb5149469ef594a566d0e77914dc66ee3861e,32a1cd7eb4e7726f09005b36,DUPLICATE_EXCLUDED,False,same-label byte duplicate; canonical member retained
44a1a181318c38b54478b77c,data/FAKE/22953.wav,22953,.wav,1,FAKE,114106,cad0771df51c78d88d65e553e2dc078340b9abcdbce11819453aa64286799a9a,16000,1.782000000,1,UNKNOWN,UNKNOWN,UNKNOWN,UNKNOWN,UNKNOWN,sha256:cad0771df51c78d88d65e553e2dc078340b9abcdbce11819453aa64286799a9a,da4253aa000609bc91997ade,DUPLICATE_EXCLUDED,False,same-label byte duplicate; canonical member retained
8a73af0805e99c6a1b128747,data/FAKE/22954.wav,22954,.wav,1,FAKE,139962,199bf105484b9fabca0928a30f2e20ab0629b0bf7eab1d588f2e97a772075763,16000,2.186000000,1,UNKNOWN,UNKNOWN,UNKNOWN,UNKNOWN,UNKNOWN,sha256:199bf105484b9fabca0928a30f2e20ab0629b0bf7eab1d588f2e97a772075763,bb1d1e8000739999082978d0,DUPLICATE_EXCLUDED,False,same-label byte duplicate; canonical member retained
0e44af8ba9408f54ee533889,data/FAKE/22955.wav,22955,.wav,1,FAKE,893374,c4261131aa5fc60e4b03dd7b0685979123022f525d8bdf9442d6d6b8480216f6,16000,13.958062500,1,UNKNOWN,UNKNOWN,UNKNOWN,UNKNOWN,UNKNOWN,sha256:c4261131aa5fc60e4b03dd7b0685979123022f525d8bdf9442d6d6b8480216f6,4f39ef17a122a3d2d30b79b8,DUPLICATE_EXCLUDED,False,same-label byte duplicate; canonical member retained
68ec7399f170d23557a77052,data/FAKE/22956.wav,22956,.wav,1,FAKE,440574,723209f80d6b2994885411daa4a78f66c06e34fe237845bd606edf568fcaed0e,16000,6.883062500,1,UNKNOWN,UNKNOWN,UNKNOWN,UNKNOWN,UNKNOWN,sha256:723209f80d6b2994885411daa4a78f66c06e34fe237845bd606edf568fcaed0e,69eb23e8d68fe24c3e6de57a,DUPLICATE_EXCLUDED,False,same-label byte duplicate; canonical member retained
c61fdd97fc5c6b2efd82f165,data/FAKE/22964.wav,22964,.wav,1,FAKE,299518,742177f304ecd7ad79d10487d8727ae76ae6c620a3e912469e0038957feea3ac,16000,4.679062500,1,UNKNOWN,UNKNOWN,UNKNOWN,UNKNOWN,UNKNOWN,sha256:742177f304ecd7ad79d10487d8727ae76ae6c620a3e912469e0038957feea3ac,682c117568082f04babd8b84,DUPLICATE_EXCLUDED,False,same-label byte duplicate; canonical member retained
ebb685b35b6b1d3960a5c626,data/FAKE/22965.wav,22965,.wav,1,FAKE,138298,0be6744b294febb7db8a08253c160422726e5f87c24e4aceb3f8285830f891ad,16000,2.160000000,1,UNKNOWN,UNKNOWN,UNKNOWN,UNKNOWN,UNKNOWN,sha256:0be6744b294febb7db8a08253c160422726e5f87c24e4aceb3f8285830f891ad,d42ecec82cb08563f74ce132,DUPLICATE_EXCLUDED,False,same-label byte duplicate; canonical member retained
cae8c0b603697faf282fa18c,data/FAKE/22966.wav,22966,.wav,1,FAKE,458174,ea208583514663e897d28823d8ab32529976c449d5fd5ddef15921eb43708ba5,16000,7.158062500,1,UNKNOWN,UNKNOWN,UNKNOWN,UNKNOWN,UNKNOWN,sha256:ea208583514663e897d28823d8ab32529976c449d5fd5ddef15921eb43708ba5,b006d94d1a6238d9deb1412c,DUPLICATE_EXCLUDED,False,same-label byte duplicate; canonical member retained
f7ba0de6478bd5b3c032dcf2,data/FAKE/22967.wav,22967,.wav,1,FAKE,1168574,3135c7282f9793ebacad14f0e94a1d163839f68392753d862a4e249e9f52ce78,16000,18.258062500,1,UNKNOWN,UNKNOWN,UNKNOWN,UNKNOWN,UNKNOWN,sha256:3135c7282f9793ebacad14f0e94a1d163839f68392753d862a4e249e9f52ce78,1267373aab7e70343ee76f16,DUPLICATE_EXCLUDED,False,same-label byte duplicate; canonical member retained
2a3d9a9db923c11c0e26b048,data/FAKE/2297.wav,2297,.wav,1,FAKE,144254,0fbf05c1d3c16158e6bf9842ba77c1c4f8399e591c5cf72dd089066ebb820b9e,16000,2.253062500,1,UNKNOWN,UNKNOWN,UNKNOWN,UNKNOWN,UNKNOWN,sha256:0fbf05c1d3c16158e6bf9842ba77c1c4f8399e591c5cf72dd089066ebb820b9e,1f4dc1603e83b7bf529d211b,DUPLICATE_EXCLUDED,False,same-label byte duplicate; canonical member retained
f6980e02fb08802caf5bf939,data/FAKE/22970.wav,22970,.wav,1,FAKE,216510,7faf046bb549e957fbc7a530c52791f943879f18a039690a3aea1cf6639e5e95,16000,3.382062500,1,UNKNOWN,UNKNOWN,UNKNOWN,UNKNOWN,UNKNOWN,sha256:7faf046bb549e957fbc7a530c52791f943879f18a039690a3aea1cf6639e5e95,48ee1f73862ce77c62fe91b1,DUPLICATE_EXCLUDED,False,same-label byte duplicate; canonical member retained
db0278c9d3541f6021aa9383,data/FAKE/24258.wav,24258,.wav,1,FAKE,42238,eba05af6ca01890707b57f682bd4c128c2858dc7119245d4968647afa42e5460,16000,0.659062500,1,UNKNOWN,UNKNOWN,UNKNOWN,UNKNOWN,UNKNOWN,sha256:eba05af6ca01890707b57f682bd4c128c2858dc7119245d4968647afa42e5460,7080792d80c5ccd88a4a95ee,DUPLICATE_EXCLUDED,False,same-label byte duplicate; canonical member retained
c4054bb5086757300d1de6b8,data/FAKE/25804.wav,25804,.wav,1,FAKE,538878,afcab82314d197405c5ae85ab969ae0c66801c6fa411b03653e01d627ea8e852,16000,8.419062500,1,UNKNOWN,UNKNOWN,UNKNOWN,UNKNOWN,UNKNOWN,sha256:afcab82314d197405c5ae85ab969ae0c66801c6fa411b03653e01d627ea8e852,4e8a2e8c9803f253e2d7c286,DUPLICATE_EXCLUDED,False,same-label byte duplicate; canonical member retained
156b0ecc6f9f8dc28af14344,data/FAKE/26015.wav,26015,.wav,1,FAKE,420798,4a9db1d648883f10de60df92afe753c9c4e24b6e8b23bc06164b389b8b049460,16000,6.574062500,1,UNKNOWN,UNKNOWN,UNKNOWN,UNKNOWN,UNKNOWN,sha256:4a9db1d648883f10de60df92afe753c9c4e24b6e8b23bc06164b389b8b049460,d94b57414422e8a3429bb4d8,DUPLICATE_EXCLUDED,False,same-label byte duplicate; canonical member retained
1726de13adb56145d29ab7d8,data/FAKE/2620.wav,2620,.wav,1,FAKE,771322,f3f91678dec0abf2666839e7e42dfb8e92abb5faa8d82fc334693e1113f2a70a,16000,12.051000000,1,UNKNOWN,UNKNOWN,UNKNOWN,UNKNOWN,UNKNOWN,sha256:f3f91678dec0abf2666839e7e42dfb8e92abb5faa8d82fc334693e1113f2a70a,f0db512bce0baca141c07b67,DUPLICATE_EXCLUDED,False,same-label byte duplicate; canonical member retained
9323856d4790fdbe46ef57b5,data/FAKE/26392.wav,26392,.wav,1,FAKE,163130,663e69c0425a3dc40fbccdbac8c7749a41e1d42de7f6cea26a8b461b5ef6cadd,16000,2.548000000,1,UNKNOWN,UNKNOWN,UNKNOWN,UNKNOWN,UNKNOWN,sha256:663e69c0425a3dc40fbccdbac8c7749a41e1d42de7f6cea26a8b461b5ef6cadd,6c16ae76cc8cd80df695bdea,DUPLICATE_EXCLUDED,False,same-label byte duplicate; canonical member retained
efc71e869890133b02ac6214,data/FAKE/26964.wav,26964,.wav,1,FAKE,84730,ebcaa86a91cdf4cfebfcee30b71947164f145b67d3c9d474fdb104c3dcdce198,16000,1.323000000,1,UNKNOWN,UNKNOWN,UNKNOWN,UNKNOWN,UNKNOWN,sha256:ebcaa86a91cdf4cfebfcee30b71947164f145b67d3c9d474fdb104c3dcdce198,8a057ec89d00f4957534ae42,DUPLICATE_EXCLUDED,False,same-label byte duplicate; canonical member retained
97f37f3f1577cd7cf98537ab,data/FAKE/28336.wav,28336,.wav,1,FAKE,113534,43f07822d2857d02b124333b11fccba1fd0ba82a0c079c3a89c0dbcff101185e,16000,1.773062500,1,UNKNOWN,UNKNOWN,UNKNOWN,UNKNOWN,UNKNOWN,sha256:43f07822d2857d02b124333b11fccba1fd0ba82a0c079c3a89c0dbcff101185e,9d3b52ea1beaf7b85b5356fc,DUPLICATE_EXCLUDED,False,same-label byte duplicate; canonical member retained
5af9f54274632337f195f3c7,data/FAKE/28638.wav,28638,.wav,1,FAKE,616698,b8faa08fde83f41c6cfd672dd8e8a038cd05a7888449e06a13b78e55109223ac,16000,9.635000000,1,UNKNOWN,UNKNOWN,UNKNOWN,UNKNOWN,UNKNOWN,sha256:b8faa08fde83f41c6cfd672dd8e8a038cd05a7888449e06a13b78e55109223ac,1ec48d6ad076dc7c77caeac7,DUPLICATE_EXCLUDED,False,same-label byte duplicate; canonical member retained
76cab22cd07981b436b30b20,data/FAKE/31589.wav,31589,.wav,1,FAKE,197882,0b68fdf84b8d7565c3509cf977d7b44fcbb47edad68509db6b194b4f4f67ecf8,16000,3.091000000,1,UNKNOWN,UNKNOWN,UNKNOWN,UNKNOWN,UNKNOWN,sha256:0b68fdf84b8d7565c3509cf977d7b44fcbb47edad68509db6b194b4f4f67ecf8,d934aec4412050d2f685f0cf,DUPLICATE_EXCLUDED,False,same-label byte duplicate; canonical member retained
39d5f5a4dd1b5ca53cf41923,data/FAKE/3400.wav,3400,.wav,1,FAKE,612026,85cbeb7c1129627d2a2d04ec332759d5da896810aae6779bcae15f76014563ac,16000,9.562000000,1,UNKNOWN,UNKNOWN,UNKNOWN,UNKNOWN,UNKNOWN,sha256:85cbeb7c1129627d2a2d04ec332759d5da896810aae6779bcae15f76014563ac,3aa936fd425bbfffbcbcb697,DUPLICATE_EXCLUDED,False,same-label byte duplicate; canonical member retained
573984c6ba2df44c8d92464e,data/FAKE/3684 (2).wav,3684 (2),.wav,1,FAKE,168830,726032b2943d3c88977eb7aa6844bf8814026309308a1d3a8f90d9b4f78a6903,16000,2.637062500,1,UNKNOWN,UNKNOWN,UNKNOWN,UNKNOWN,UNKNOWN,sha256:726032b2943d3c88977eb7aa6844bf8814026309308a1d3a8f90d9b4f78a6903,a6b81ed615b7ceac0f860c35,DUPLICATE_EXCLUDED,False,same-label byte duplicate; canonical member retained
fce1030cb1604b2446a4d17f,data/FAKE/3684 (3).wav,3684 (3),.wav,1,FAKE,168830,726032b2943d3c88977eb7aa6844bf8814026309308a1d3a8f90d9b4f78a6903,16000,2.637062500,1,UNKNOWN,UNKNOWN,UNKNOWN,UNKNOWN,UNKNOWN,sha256:726032b2943d3c88977eb7aa6844bf8814026309308a1d3a8f90d9b4f78a6903,a6b81ed615b7ceac0f860c35,DUPLICATE_EXCLUDED,False,same-label byte duplicate; canonical member retained
b796a2665fc73d80dc46c47a,data/FAKE/3684.wav,3684,.wav,1,FAKE,168830,726032b2943d3c88977eb7aa6844bf8814026309308a1d3a8f90d9b4f78a6903,16000,2.637062500,1,UNKNOWN,UNKNOWN,UNKNOWN,UNKNOWN,UNKNOWN,sha256:726032b2943d3c88977eb7aa6844bf8814026309308a1d3a8f90d9b4f78a6903,a6b81ed615b7ceac0f860c35,DUPLICATE_EXCLUDED,False,same-label byte duplicate; canonical member retained
9ce1607b9dda06189dccba29,data/FAKE/3689 (2).wav,3689 (2),.wav,1,FAKE,119486,1ad3c650feb96f0da97384b4d552910c3fda6319d3773ae7eeb1072df3067ea5,16000,1.866062500,1,UNKNOWN,UNKNOWN,UNKNOWN,UNKNOWN,UNKNOWN,sha256:1ad3c650feb96f0da97384b4d552910c3fda6319d3773ae7eeb1072df3067ea5,b9d1bea07747f7cd1a428c9e,DUPLICATE_EXCLUDED,False,same-label byte duplicate; canonical member retained
45831efd9f2630691e9848c4,data/FAKE/3689 (3).wav,3689 (3),.wav,1,FAKE,119486,1ad3c650feb96f0da97384b4d552910c3fda6319d3773ae7eeb1072df3067ea5,16000,1.866062500,1,UNKNOWN,UNKNOWN,UNKNOWN,UNKNOWN,UNKNOWN,sha256:1ad3c650feb96f0da97384b4d552910c3fda6319d3773ae7eeb1072df3067ea5,b9d1bea07747f7cd1a428c9e,DUPLICATE_EXCLUDED,False,same-label byte duplicate; canonical member retained
74538158221287aba4eed9e8,data/FAKE/3689.wav,3689,.wav,1,FAKE,119486,1ad3c650feb96f0da97384b4d552910c3fda6319d3773ae7eeb1072df3067ea5,16000,1.866062500,1,UNKNOWN,UNKNOWN,UNKNOWN,UNKNOWN,UNKNOWN,sha256:1ad3c650feb96f0da97384b4d552910c3fda6319d3773ae7eeb1072df3067ea5,b9d1bea07747f7cd1a428c9e,DUPLICATE_EXCLUDED,False,same-label byte duplicate; canonical member retained
4a99ca7aad9d6e99c5c7d2a3,data/FAKE/3690 (2).wav,3690 (2),.wav,1,FAKE,541882,ee065083137c74b45d4dfc225babc6cc4ab671cedfa6cfd517395b75ed50fa8c,16000,8.466000000,1,UNKNOWN,UNKNOWN,UNKNOWN,UNKNOWN,UNKNOWN,sha256:ee065083137c74b45d4dfc225babc6cc4ab671cedfa6cfd517395b75ed50fa8c,d5ece5b5474cbe65474a4398,DUPLICATE_EXCLUDED,False,same-label byte duplicate; canonical member retained
6f6a034131a8a3e1ed3973c1,data/FAKE/3690 (3).wav,3690 (3),.wav,1,FAKE,541882,ee065083137c74b45d4dfc225babc6cc4ab671cedfa6cfd517395b75ed50fa8c,16000,8.466000000,1,UNKNOWN,UNKNOWN,UNKNOWN,UNKNOWN,UNKNOWN,sha256:ee065083137c74b45d4dfc225babc6cc4ab671cedfa6cfd517395b75ed50fa8c,d5ece5b5474cbe65474a4398,DUPLICATE_EXCLUDED,False,same-label byte duplicate; canonical member retained
65a2f6268f1197ae4e52eb79,data/FAKE/3690.wav,3690,.wav,1,FAKE,541882,ee065083137c74b45d4dfc225babc6cc4ab671cedfa6cfd517395b75ed50fa8c,16000,8.466000000,1,UNKNOWN,UNKNOWN,UNKNOWN,UNKNOWN,UNKNOWN,sha256:ee065083137c74b45d4dfc225babc6cc4ab671cedfa6cfd517395b75ed50fa8c,d5ece5b5474cbe65474a4398,DUPLICATE_EXCLUDED,False,same-label byte duplicate; canonical member retained
4518ec59902caa9ee7cfa4b2,data/FAKE/3693 (2).wav,3693 (2),.wav,1,FAKE,151098,5b01163341775f799f3b1d9371895b2c66666bd71eaab3a2177642f2624830f1,16000,2.360000000,1,UNKNOWN,UNKNOWN,UNKNOWN,UNKNOWN,UNKNOWN,sha256:5b01163341775f799f3b1d9371895b2c66666bd71eaab3a2177642f2624830f1,520212fc9aef1217b07d9c6c,DUPLICATE_EXCLUDED,False,same-label byte duplicate; canonical member retained
b13d4707f0b6479eabf8ec92,data/FAKE/3693 (3).wav,3693 (3),.wav,1,FAKE,151098,5b01163341775f799f3b1d9371895b2c66666bd71eaab3a2177642f2624830f1,16000,2.360000000,1,UNKNOWN,UNKNOWN,UNKNOWN,UNKNOWN,UNKNOWN,sha256:5b01163341775f799f3b1d9371895b2c66666bd71eaab3a2177642f2624830f1,520212fc9aef1217b07d9c6c,DUPLICATE_EXCLUDED,False,same-label byte duplicate; canonical member retained
cc1fb88d0ee02b551125418c,data/FAKE/3693.wav,3693,.wav,1,FAKE,151098,5b01163341775f799f3b1d9371895b2c66666bd71eaab3a2177642f2624830f1,16000,2.360000000,1,UNKNOWN,UNKNOWN,UNKNOWN,UNKNOWN,UNKNOWN,sha256:5b01163341775f799f3b1d9371895b2c66666bd71eaab3a2177642f2624830f1,520212fc9aef1217b07d9c6c,DUPLICATE_EXCLUDED,False,same-label byte duplicate; canonical member retained
2298c43e1a452e5d76b431db,data/FAKE/3694 (2).wav,3694 (2),.wav,1,FAKE,105982,e3209cf72c1342a9621df4d2b695f00981377fdcaf1c17c3092bddc6e34686c7,16000,1.655062500,1,UNKNOWN,UNKNOWN,UNKNOWN,UNKNOWN,UNKNOWN,sha256:e3209cf72c1342a9621df4d2b695f00981377fdcaf1c17c3092bddc6e34686c7,e0ca32fcb49a7ffea3927a0e,DUPLICATE_EXCLUDED,False,same-label byte duplicate; canonical member retained
44dab9ce1f99f06c55b20ec2,data/FAKE/3694 (3).wav,3694 (3),.wav,1,FAKE,105982,e3209cf72c1342a9621df4d2b695f00981377fdcaf1c17c3092bddc6e34686c7,16000,1.655062500,1,UNKNOWN,UNKNOWN,UNKNOWN,UNKNOWN,UNKNOWN,sha256:e3209cf72c1342a9621df4d2b695f00981377fdcaf1c17c3092bddc6e34686c7,e0ca32fcb49a7ffea3927a0e,DUPLICATE_EXCLUDED,False,same-label byte duplicate; canonical member retained
757ef97126c18a5240f86a94,data/FAKE/3694.wav,3694,.wav,1,FAKE,105982,e3209cf72c1342a9621df4d2b695f00981377fdcaf1c17c3092bddc6e34686c7,16000,1.655062500,1,UNKNOWN,UNKNOWN,UNKNOWN,UNKNOWN,UNKNOWN,sha256:e3209cf72c1342a9621df4d2b695f00981377fdcaf1c17c3092bddc6e34686c7,e0ca32fcb49a7ffea3927a0e,DUPLICATE_EXCLUDED,False,same-label byte duplicate; canonical member retained
6df23fe68ee1f32fb73abc41,data/FAKE/3695 (2).wav,3695 (2),.wav,1,FAKE,211006,1df02616da15aac497b925133ac3c77d49416094891aaa92e40c89b47fc2f78d,16000,3.296062500,1,UNKNOWN,UNKNOWN,UNKNOWN,UNKNOWN,UNKNOWN,sha256:1df02616da15aac497b925133ac3c77d49416094891aaa92e40c89b47fc2f78d,c0a4c16e71b0922d2dca3362,DUPLICATE_EXCLUDED,False,same-label byte duplicate; canonical member retained
34620738f137e933397d1e06,data/FAKE/3695 (3).wav,3695 (3),.wav,1,FAKE,211006,1df02616da15aac497b925133ac3c77d49416094891aaa92e40c89b47fc2f78d,16000,3.296062500,1,UNKNOWN,UNKNOWN,UNKNOWN,UNKNOWN,UNKNOWN,sha256:1df02616da15aac497b925133ac3c77d49416094891aaa92e40c89b47fc2f78d,c0a4c16e71b0922d2dca3362,DUPLICATE_EXCLUDED,False,same-label byte duplicate; canonical member retained
96938ed1bc34fc2eaac8661e,data/FAKE/3695.wav,3695,.wav,1,FAKE,211006,1df02616da15aac497b925133ac3c77d49416094891aaa92e40c89b47fc2f78d,16000,3.296062500,1,UNKNOWN,UNKNOWN,UNKNOWN,UNKNOWN,UNKNOWN,sha256:1df02616da15aac497b925133ac3c77d49416094891aaa92e40c89b47fc2f78d,c0a4c16e71b0922d2dca3362,DUPLICATE_EXCLUDED,False,same-label byte duplicate; canonical member retained
eed24f48f33106851d691a25,data/FAKE/3698 (2).wav,3698 (2),.wav,1,FAKE,198074,5bc5dd60ec8158c2a71fd93350bdf9f55a235df7058cd0768e225f0a4e785c47,16000,3.094000000,1,UNKNOWN,UNKNOWN,UNKNOWN,UNKNOWN,UNKNOWN,sha256:5bc5dd60ec8158c2a71fd93350bdf9f55a235df7058cd0768e225f0a4e785c47,14b94ff29c2e60b45f65a3fd,DUPLICATE_EXCLUDED,False,same-label byte duplicate; canonical member retained
bb8474d2d3da0df8ada12c38,data/FAKE/3698 (3).wav,3698 (3),.wav,1,FAKE,198074,5bc5dd60ec8158c2a71fd93350bdf9f55a235df7058cd0768e225f0a4e785c47,16000,3.094000000,1,UNKNOWN,UNKNOWN,UNKNOWN,UNKNOWN,UNKNOWN,sha256:5bc5dd60ec8158c2a71fd93350bdf9f55a235df7058cd0768e225f0a4e785c47,14b94ff29c2e60b45f65a3fd,DUPLICATE_EXCLUDED,False,same-label byte duplicate; canonical member retained
47609417057748c763a14165,data/FAKE/3698.wav,3698,.wav,1,FAKE,198074,5bc5dd60ec8158c2a71fd93350bdf9f55a235df7058cd0768e225f0a4e785c47,16000,3.094000000,1,UNKNOWN,UNKNOWN,UNKNOWN,UNKNOWN,UNKNOWN,sha256:5bc5dd60ec8158c2a71fd93350bdf9f55a235df7058cd0768e225f0a4e785c47,14b94ff29c2e60b45f65a3fd,DUPLICATE_EXCLUDED,False,same-label byte duplicate; canonical member retained
052d85a78a2ae2aa0861f6f1,data/FAKE/3702 (2).wav,3702 (2),.wav,1,FAKE,96058,413115d27e62d25e4bc4c0f460c65f3a02a3f3d54702800b644b56fdf092d2b0,16000,1.500000000,1,UNKNOWN,UNKNOWN,UNKNOWN,UNKNOWN,UNKNOWN,sha256:413115d27e62d25e4bc4c0f460c65f3a02a3f3d54702800b644b56fdf092d2b0,c84726ab0122d328f01fd81e,DUPLICATE_EXCLUDED,False,same-label byte duplicate; canonical member retained
075cc015075705dffaba1fe3,data/FAKE/3702.wav,3702,.wav,1,FAKE,96058,413115d27e62d25e4bc4c0f460c65f3a02a3f3d54702800b644b56fdf092d2b0,16000,1.500000000,1,UNKNOWN,UNKNOWN,UNKNOWN,UNKNOWN,UNKNOWN,sha256:413115d27e62d25e4bc4c0f460c65f3a02a3f3d54702800b644b56fdf092d2b0,c84726ab0122d328f01fd81e,DUPLICATE_EXCLUDED,False,same-label byte duplicate; canonical member retained
c56475675ea4c88f02b2dfe0,data/FAKE/3703 (2).wav,3703 (2),.wav,1,FAKE,42426,ea9048b13db716778d3979a28ceb592873ef36ab86b8a80ac60be8a1cc10d0c1,16000,0.662000000,1,UNKNOWN,UNKNOWN,UNKNOWN,UNKNOWN,UNKNOWN,sha256:ea9048b13db716778d3979a28ceb592873ef36ab86b8a80ac60be8a1cc10d0c1,a360ff2e64c1b5e7b23193a8,DUPLICATE_EXCLUDED,False,same-label byte duplicate; canonical member retained
4b1976bdaec815ec5f0ae4b2,data/FAKE/3703.wav,3703,.wav,1,FAKE,42426,ea9048b13db716778d3979a28ceb592873ef36ab86b8a80ac60be8a1cc10d0c1,16000,0.662000000,1,UNKNOWN,UNKNOWN,UNKNOWN,UNKNOWN,UNKNOWN,sha256:ea9048b13db716778d3979a28ceb592873ef36ab86b8a80ac60be8a1cc10d0c1,a360ff2e64c1b5e7b23193a8,DUPLICATE_EXCLUDED,False,same-label byte duplicate; canonical member retained
325cd9659ff35e3a56656d23,data/FAKE/3705 (2).wav,3705 (2),.wav,1,FAKE,232766,ce60d395a140bec00cb8099f0e9c7de1ad078e950ed69845560b320c8e7048b1,16000,3.636062500,1,UNKNOWN,UNKNOWN,UNKNOWN,UNKNOWN,UNKNOWN,sha256:ce60d395a140bec00cb8099f0e9c7de1ad078e950ed69845560b320c8e7048b1,dbe27393df18581b56e40ed2,DUPLICATE_EXCLUDED,False,same-label byte duplicate; canonical member retained
2469fb28e163996452ee67b4,data/FAKE/3705.wav,3705,.wav,1,FAKE,232766,ce60d395a140bec00cb8099f0e9c7de1ad078e950ed69845560b320c8e7048b1,16000,3.636062500,1,UNKNOWN,UNKNOWN,UNKNOWN,UNKNOWN,UNKNOWN,sha256:ce60d395a140bec00cb8099f0e9c7de1ad078e950ed69845560b320c8e7048b1,dbe27393df18581b56e40ed2,DUPLICATE_EXCLUDED,False,same-label byte duplicate; canonical member retained
db21fcc6504f44e0c971a6cc,data/FAKE/3706 (2).wav,3706 (2),.wav,1,FAKE,734654,033be8a3fca2212615b39c639696f8e1d7fc4fc7a342754341de3c5b5a7c94da,16000,11.478062500,1,UNKNOWN,UNKNOWN,UNKNOWN,UNKNOWN,UNKNOWN,sha256:033be8a3fca2212615b39c639696f8e1d7fc4fc7a342754341de3c5b5a7c94da,d7dfaa4c9c4ed83490a6a5f8,DUPLICATE_EXCLUDED,False,same-label byte duplicate; canonical member retained
b62ecfc032f765f1e03e145b,data/FAKE/3706.wav,3706,.wav,1,FAKE,734654,033be8a3fca2212615b39c639696f8e1d7fc4fc7a342754341de3c5b5a7c94da,16000,11.478062500,1,UNKNOWN,UNKNOWN,UNKNOWN,UNKNOWN,UNKNOWN,sha256:033be8a3fca2212615b39c639696f8e1d7fc4fc7a342754341de3c5b5a7c94da,d7dfaa4c9c4ed83490a6a5f8,DUPLICATE_EXCLUDED,False,same-label byte duplicate; canonical member retained
2bd76cd42a7302faffee78fd,data/FAKE/3707 (2).wav,3707 (2),.wav,1,FAKE,90170,3d81b7f6cba28be51f5663923f67a7adf40442665e72bca1618ad182229c3e71,16000,1.408000000,1,UNKNOWN,UNKNOWN,UNKNOWN,UNKNOWN,UNKNOWN,sha256:3d81b7f6cba28be51f5663923f67a7adf40442665e72bca1618ad182229c3e71,a5aed8cbde6c2975317d4404,DUPLICATE_EXCLUDED,False,same-label byte duplicate; canonical member retained
331ab0643e764fcbaf9f882e,data/FAKE/3707.wav,3707,.wav,1,FAKE,90170,3d81b7f6cba28be51f5663923f67a7adf40442665e72bca1618ad182229c3e71,16000,1.408000000,1,UNKNOWN,UNKNOWN,UNKNOWN,UNKNOWN,UNKNOWN,sha256:3d81b7f6cba28be51f5663923f67a7adf40442665e72bca1618ad182229c3e71,a5aed8cbde6c2975317d4404,DUPLICATE_EXCLUDED,False,same-label byte duplicate; canonical member retained
8364c1af92bbdf68171a806b,data/FAKE/3712 (2).wav,3712 (2),.wav,1,FAKE,339642,82543f445c809d9c9cfaeb889da3676fe15b6a0c9159c5e7c62a210994fdff5b,16000,5.306000000,1,UNKNOWN,UNKNOWN,UNKNOWN,UNKNOWN,UNKNOWN,sha256:82543f445c809d9c9cfaeb889da3676fe15b6a0c9159c5e7c62a210994fdff5b,c18e77e4ed4d9eb40290ca0f,DUPLICATE_EXCLUDED,False,same-label byte duplicate; canonical member retained
c07f5c7a803e475c30aeb932,data/FAKE/3712.wav,3712,.wav,1,FAKE,339642,82543f445c809d9c9cfaeb889da3676fe15b6a0c9159c5e7c62a210994fdff5b,16000,5.306000000,1,UNKNOWN,UNKNOWN,UNKNOWN,UNKNOWN,UNKNOWN,sha256:82543f445c809d9c9cfaeb889da3676fe15b6a0c9159c5e7c62a210994fdff5b,c18e77e4ed4d9eb40290ca0f,DUPLICATE_EXCLUDED,False,same-label byte duplicate; canonical member retained
0ed6987aa711f3daecf4d934,data/FAKE/3713 (2).wav,3713 (2),.wav,1,FAKE,201850,33935cc0db305c88f245032d0e3f0ddc15bf242c5eb81898c3b238e68cb93351,16000,3.153000000,1,UNKNOWN,UNKNOWN,UNKNOWN,UNKNOWN,UNKNOWN,sha256:33935cc0db305c88f245032d0e3f0ddc15bf242c5eb81898c3b238e68cb93351,a5f51dde59a17b46c44ded53,DUPLICATE_EXCLUDED,False,same-label byte duplicate; canonical member retained
e3c1640884c1f252d0faa688,data/FAKE/3713.wav,3713,.wav,1,FAKE,201850,33935cc0db305c88f245032d0e3f0ddc15bf242c5eb81898c3b238e68cb93351,16000,3.153000000,1,UNKNOWN,UNKNOWN,UNKNOWN,UNKNOWN,UNKNOWN,sha256:33935cc0db305c88f245032d0e3f0ddc15bf242c5eb81898c3b238e68cb93351,a5f51dde59a17b46c44ded53,DUPLICATE_EXCLUDED,False,same-label byte duplicate; canonical member retained
c0be3dffad2c8eaac9b4e583,data/FAKE/3716 (2).wav,3716 (2),.wav,1,FAKE,126590,52dab0d22d2773c6b72a5fdab71a9f8c05aa62e2a6f05ffb68a99700afa8ebed,16000,1.977062500,1,UNKNOWN,UNKNOWN,UNKNOWN,UNKNOWN,UNKNOWN,sha256:52dab0d22d2773c6b72a5fdab71a9f8c05aa62e2a6f05ffb68a99700afa8ebed,bb140e4869b557b0f4bd104b,DUPLICATE_EXCLUDED,False,same-label byte duplicate; canonical member retained
c61af1c257fa1db5e0f1eb00,data/FAKE/3716.wav,3716,.wav,1,FAKE,126590,52dab0d22d2773c6b72a5fdab71a9f8c05aa62e2a6f05ffb68a99700afa8ebed,16000,1.977062500,1,UNKNOWN,UNKNOWN,UNKNOWN,UNKNOWN,UNKNOWN,sha256:52dab0d22d2773c6b72a5fdab71a9f8c05aa62e2a6f05ffb68a99700afa8ebed,bb140e4869b557b0f4bd104b,DUPLICATE_EXCLUDED,False,same-label byte duplicate; canonical member retained
87296903db808f7bf4d65bd3,data/FAKE/372 (2).wav,372 (2),.wav,1,FAKE,301690,48d182ddec584c3574d748e6285a0bbec0cf70525974c9fdf31b43e2acdd1f20,16000,4.713000000,1,UNKNOWN,UNKNOWN,UNKNOWN,UNKNOWN,UNKNOWN,sha256:48d182ddec584c3574d748e6285a0bbec0cf70525974c9fdf31b43e2acdd1f20,745e9fa23ad4bc618b75f660,DUPLICATE_EXCLUDED,False,same-label byte duplicate; canonical member retained
c5737336923be25e1e462682,data/FAKE/372.wav,372,.wav,1,FAKE,301690,48d182ddec584c3574d748e6285a0bbec0cf70525974c9fdf31b43e2acdd1f20,16000,4.713000000,1,UNKNOWN,UNKNOWN,UNKNOWN,UNKNOWN,UNKNOWN,sha256:48d182ddec584c3574d748e6285a0bbec0cf70525974c9fdf31b43e2acdd1f20,745e9fa23ad4bc618b75f660,DUPLICATE_EXCLUDED,False,same-label byte duplicate; canonical member retained
f0364e42e05d3952f50de81f,data/FAKE/3720 (2).wav,3720 (2),.wav,1,FAKE,115962,a16e00e9f3680e92a15a55dbf9edc237484acaee993a65f08a65de0c8aa35c3a,16000,1.811000000,1,UNKNOWN,UNKNOWN,UNKNOWN,UNKNOWN,UNKNOWN,sha256:a16e00e9f3680e92a15a55dbf9edc237484acaee993a65f08a65de0c8aa35c3a,c9493eed7108216ec5c3f306,DUPLICATE_EXCLUDED,False,same-label byte duplicate; canonical member retained
85252e1c99e2df95698946bd,data/FAKE/3720.wav,3720,.wav,1,FAKE,115962,a16e00e9f3680e92a15a55dbf9edc237484acaee993a65f08a65de0c8aa35c3a,16000,1.811000000,1,UNKNOWN,UNKNOWN,UNKNOWN,UNKNOWN,UNKNOWN,sha256:a16e00e9f3680e92a15a55dbf9edc237484acaee993a65f08a65de0c8aa35c3a,c9493eed7108216ec5c3f306,DUPLICATE_EXCLUDED,False,same-label byte duplicate; canonical member retained
936f271889f1c3a9bf45f209,data/FAKE/3723 (2).wav,3723 (2),.wav,1,FAKE,1305018,56b444cdf38290495dac5b08d2e3d9af23b5c11489df68932e496b0722c50ce4,16000,20.390000000,1,UNKNOWN,UNKNOWN,UNKNOWN,UNKNOWN,UNKNOWN,sha256:56b444cdf38290495dac5b08d2e3d9af23b5c11489df68932e496b0722c50ce4,4934b646ba12959a7af0e779,DUPLICATE_EXCLUDED,False,same-label byte duplicate; canonical member retained
c27bea153f7a3dc1a38b5086,data/FAKE/3723.wav,3723,.wav,1,FAKE,1305018,56b444cdf38290495dac5b08d2e3d9af23b5c11489df68932e496b0722c50ce4,16000,20.390000000,1,UNKNOWN,UNKNOWN,UNKNOWN,UNKNOWN,UNKNOWN,sha256:56b444cdf38290495dac5b08d2e3d9af23b5c11489df68932e496b0722c50ce4,4934b646ba12959a7af0e779,DUPLICATE_EXCLUDED,False,same-label byte duplicate; canonical member retained
e60139f95395c47abbfccad4,data/FAKE/3729 (2).wav,3729 (2),.wav,1,FAKE,676026,b2d222a313107ee91756e06ee66c7bf534183407def04b4b1e4828273b1cd1b5,16000,10.562000000,1,UNKNOWN,UNKNOWN,UNKNOWN,UNKNOWN,UNKNOWN,sha256:b2d222a313107ee91756e06ee66c7bf534183407def04b4b1e4828273b1cd1b5,032f473dfb5983fc1bb80bcb,DUPLICATE_EXCLUDED,False,same-label byte duplicate; canonical member retained
cb2499d35eaf7a984276669b,data/FAKE/3729.wav,3729,.wav,1,FAKE,676026,b2d222a313107ee91756e06ee66c7bf534183407def04b4b1e4828273b1cd1b5,16000,10.562000000,1,UNKNOWN,UNKNOWN,UNKNOWN,UNKNOWN,UNKNOWN,sha256:b2d222a313107ee91756e06ee66c7bf534183407def04b4b1e4828273b1cd1b5,032f473dfb5983fc1bb80bcb,DUPLICATE_EXCLUDED,False,same-label byte duplicate; canonical member retained
4530e92d4b3e504ac501d73e,data/FAKE/3730 (2).wav,3730 (2),.wav,1,FAKE,378878,34ea2affc22fb74c875d1ff5444422f1e23c51315bd168b7e2742ae91d4bf0c0,16000,5.919062500,1,UNKNOWN,UNKNOWN,UNKNOWN,UNKNOWN,UNKNOWN,sha256:34ea2affc22fb74c875d1ff5444422f1e23c51315bd168b7e2742ae91d4bf0c0,f1f60da399f4bbced9cf20cd,DUPLICATE_EXCLUDED,False,same-label byte duplicate; canonical member retained
736131f4dbb8047b3b19aa31,data/FAKE/3730.wav,3730,.wav,1,FAKE,378878,34ea2affc22fb74c875d1ff5444422f1e23c51315bd168b7e2742ae91d4bf0c0,16000,5.919062500,1,UNKNOWN,UNKNOWN,UNKNOWN,UNKNOWN,UNKNOWN,sha256:34ea2affc22fb74c875d1ff5444422f1e23c51315bd168b7e2742ae91d4bf0c0,f1f60da399f4bbced9cf20cd,DUPLICATE_EXCLUDED,False,same-label byte duplicate; canonical member retained
a1b09979a4e5f81113df18ab,data/FAKE/3732 (2).wav,3732 (2),.wav,1,FAKE,500666,d08de9c490ae3af43a26c8dcb8c12cdd4a28c969af00d9e2ac4ccd79fe2fbbb7,16000,7.822000000,1,UNKNOWN,UNKNOWN,UNKNOWN,UNKNOWN,UNKNOWN,sha256:d08de9c490ae3af43a26c8dcb8c12cdd4a28c969af00d9e2ac4ccd79fe2fbbb7,9e959a329435a74a26021ac0,DUPLICATE_EXCLUDED,False,same-label byte duplicate; canonical member retained
74eb8a1c8dbeead2c96ee0d9,data/FAKE/3732 (3).wav,3732 (3),.wav,1,FAKE,500666,d08de9c490ae3af43a26c8dcb8c12cdd4a28c969af00d9e2ac4ccd79fe2fbbb7,16000,7.822000000,1,UNKNOWN,UNKNOWN,UNKNOWN,UNKNOWN,UNKNOWN,sha256:d08de9c490ae3af43a26c8dcb8c12cdd4a28c969af00d9e2ac4ccd79fe2fbbb7,9e959a329435a74a26021ac0,DUPLICATE_EXCLUDED,False,same-label byte duplicate; canonical member retained
bdc94b16e2c247aad6e64f84,data/FAKE/3732.wav,3732,.wav,1,FAKE,500666,d08de9c490ae3af43a26c8dcb8c12cdd4a28c969af00d9e2ac4ccd79fe2fbbb7,16000,7.822000000,1,UNKNOWN,UNKNOWN,UNKNOWN,UNKNOWN,UNKNOWN,sha256:d08de9c490ae3af43a26c8dcb8c12cdd4a28c969af00d9e2ac4ccd79fe2fbbb7,9e959a329435a74a26021ac0,DUPLICATE_EXCLUDED,False,same-label byte duplicate; canonical member retained
e7c328f9114c202aeb728791,data/FAKE/3734 (2).wav,3734 (2),.wav,1,FAKE,530942,6a1ac160edadeee6f467d7c84e38527b506234cb25ee17b844d95b1ab600d5d7,16000,8.295062500,1,UNKNOWN,UNKNOWN,UNKNOWN,UNKNOWN,UNKNOWN,sha256:6a1ac160edadeee6f467d7c84e38527b506234cb25ee17b844d95b1ab600d5d7,43459134b810c6db9cce5f81,DUPLICATE_EXCLUDED,False,same-label byte duplicate; canonical member retained
02a23aeff13de7e3bd7c2c82,data/FAKE/3734 (3).wav,3734 (3),.wav,1,FAKE,530942,6a1ac160edadeee6f467d7c84e38527b506234cb25ee17b844d95b1ab600d5d7,16000,8.295062500,1,UNKNOWN,UNKNOWN,UNKNOWN,UNKNOWN,UNKNOWN,sha256:6a1ac160edadeee6f467d7c84e38527b506234cb25ee17b844d95b1ab600d5d7,43459134b810c6db9cce5f81,DUPLICATE_EXCLUDED,False,same-label byte duplicate; canonical member retained
b533aa02a356ae57e76ef41e,data/FAKE/3734.wav,3734,.wav,1,FAKE,530942,6a1ac160edadeee6f467d7c84e38527b506234cb25ee17b844d95b1ab600d5d7,16000,8.295062500,1,UNKNOWN,UNKNOWN,UNKNOWN,UNKNOWN,UNKNOWN,sha256:6a1ac160edadeee6f467d7c84e38527b506234cb25ee17b844d95b1ab600d5d7,43459134b810c6db9cce5f81,DUPLICATE_EXCLUDED,False,same-label byte duplicate; canonical member retained
5f7361dc22800cdb122f705e,data/FAKE/3736 (2).wav,3736 (2),.wav,1,FAKE,181946,0dd70c1e4182dacf4536918e4a5a27aef1449d8ef7afab6d6a13a59ee9f56652,16000,2.842000000,1,UNKNOWN,UNKNOWN,UNKNOWN,UNKNOWN,UNKNOWN,sha256:0dd70c1e4182dacf4536918e4a5a27aef1449d8ef7afab6d6a13a59ee9f56652,43fcfbc3e7c746a8e41ecb2b,DUPLICATE_EXCLUDED,False,same-label byte duplicate; canonical member retained
55534e11b9b2b1a61046569b,data/FAKE/3736.wav,3736,.wav,1,FAKE,181946,0dd70c1e4182dacf4536918e4a5a27aef1449d8ef7afab6d6a13a59ee9f56652,16000,2.842000000,1,UNKNOWN,UNKNOWN,UNKNOWN,UNKNOWN,UNKNOWN,sha256:0dd70c1e4182dacf4536918e4a5a27aef1449d8ef7afab6d6a13a59ee9f56652,43fcfbc3e7c746a8e41ecb2b,DUPLICATE_EXCLUDED,False,same-label byte duplicate; canonical member retained
7d04b0836f828827786c1fbe,data/FAKE/374 (2).wav,374 (2),.wav,1,FAKE,532922,a371a4b3f14ad34ef8a9593e25d792fa231ec5c6678711493d7c47010d0083d5,16000,8.326000000,1,UNKNOWN,UNKNOWN,UNKNOWN,UNKNOWN,UNKNOWN,sha256:a371a4b3f14ad34ef8a9593e25d792fa231ec5c6678711493d7c47010d0083d5,d5c32d84108aacaa673f02de,DUPLICATE_EXCLUDED,False,same-label byte duplicate; canonical member retained
360514bce6258f4bd7ce7202,data/FAKE/374.wav,374,.wav,1,FAKE,532922,a371a4b3f14ad34ef8a9593e25d792fa231ec5c6678711493d7c47010d0083d5,16000,8.326000000,1,UNKNOWN,UNKNOWN,UNKNOWN,UNKNOWN,UNKNOWN,sha256:a371a4b3f14ad34ef8a9593e25d792fa231ec5c6678711493d7c47010d0083d5,d5c32d84108aacaa673f02de,DUPLICATE_EXCLUDED,False,same-label byte duplicate; canonical member retained
0761b5bfe7613ab14e72ecff,data/FAKE/3746 (2).wav,3746 (2),.wav,1,FAKE,205242,067d22a5750c6bff527db82610c029e60d2d03a4ebfa2f1c540b09dd4cd4bcda,16000,3.206000000,1,UNKNOWN,UNKNOWN,UNKNOWN,UNKNOWN,UNKNOWN,sha256:067d22a5750c6bff527db82610c029e60d2d03a4ebfa2f1c540b09dd4cd4bcda,0cab928a64ff8f8ec2135548,DUPLICATE_EXCLUDED,False,same-label byte duplicate; canonical member retained
eec64992fb9f3a78e28521c8,data/FAKE/3746.wav,3746,.wav,1,FAKE,205242,067d22a5750c6bff527db82610c029e60d2d03a4ebfa2f1c540b09dd4cd4bcda,16000,3.206000000,1,UNKNOWN,UNKNOWN,UNKNOWN,UNKNOWN,UNKNOWN,sha256:067d22a5750c6bff527db82610c029e60d2d03a4ebfa2f1c540b09dd4cd4bcda,0cab928a64ff8f8ec2135548,DUPLICATE_EXCLUDED,False,same-label byte duplicate; canonical member retained
05158efacf62ba12f2ccdd73,data/FAKE/3747 (2).wav,3747 (2),.wav,1,FAKE,144510,b3a06697ca7dfb455c6e4cfd1e3348a1ed92b0eed6363a99417eded33028c27c,16000,2.257062500,1,UNKNOWN,UNKNOWN,UNKNOWN,UNKNOWN,UNKNOWN,sha256:b3a06697ca7dfb455c6e4cfd1e3348a1ed92b0eed6363a99417eded33028c27c,1617cea8013a5af4619c6faf,DUPLICATE_EXCLUDED,False,same-label byte duplicate; canonical member retained
6dc514900a8251ae75b441e2,data/FAKE/3747.wav,3747,.wav,1,FAKE,144510,b3a06697ca7dfb455c6e4cfd1e3348a1ed92b0eed6363a99417eded33028c27c,16000,2.257062500,1,UNKNOWN,UNKNOWN,UNKNOWN,UNKNOWN,UNKNOWN,sha256:b3a06697ca7dfb455c6e4cfd1e3348a1ed92b0eed6363a99417eded33028c27c,1617cea8013a5af4619c6faf,DUPLICATE_EXCLUDED,False,same-label byte duplicate; canonical member retained
809b55f7d9f3ece8df999900,data/FAKE/3748 (2).wav,3748 (2),.wav,1,FAKE,401466,f2e925488cbcc93d6b4c23ce79c63fdb13cc23102c1a4dc7b820e76c74a1adf3,16000,6.272000000,1,UNKNOWN,UNKNOWN,UNKNOWN,UNKNOWN,UNKNOWN,sha256:f2e925488cbcc93d6b4c23ce79c63fdb13cc23102c1a4dc7b820e76c74a1adf3,821cc73279e25591bc10e053,DUPLICATE_EXCLUDED,False,same-label byte duplicate; canonical member retained
c1ffe4cd3066833840372279,data/FAKE/3748.wav,3748,.wav,1,FAKE,401466,f2e925488cbcc93d6b4c23ce79c63fdb13cc23102c1a4dc7b820e76c74a1adf3,16000,6.272000000,1,UNKNOWN,UNKNOWN,UNKNOWN,UNKNOWN,UNKNOWN,sha256:f2e925488cbcc93d6b4c23ce79c63fdb13cc23102c1a4dc7b820e76c74a1adf3,821cc73279e25591bc10e053,DUPLICATE_EXCLUDED,False,same-label byte duplicate; canonical member retained
040a066682b5d5af43db8e11,data/FAKE/375 (2).wav,375 (2),.wav,1,FAKE,352250,7351595e9e7c72f53eb8918b3cf66bfc4ee7ea663b6a0ec9678e3895858aa55d,16000,5.503000000,1,UNKNOWN,UNKNOWN,UNKNOWN,UNKNOWN,UNKNOWN,sha256:7351595e9e7c72f53eb8918b3cf66bfc4ee7ea663b6a0ec9678e3895858aa55d,8a4a5010872c629f36895843,DUPLICATE_EXCLUDED,False,same-label byte duplicate; canonical member retained
1061ab1c78614596d0f26763,data/FAKE/375.wav,375,.wav,1,FAKE,352250,7351595e9e7c72f53eb8918b3cf66bfc4ee7ea663b6a0ec9678e3895858aa55d,16000,5.503000000,1,UNKNOWN,UNKNOWN,UNKNOWN,UNKNOWN,UNKNOWN,sha256:7351595e9e7c72f53eb8918b3cf66bfc4ee7ea663b6a0ec9678e3895858aa55d,8a4a5010872c629f36895843,DUPLICATE_EXCLUDED,False,same-label byte duplicate; canonical member retained
cb8232e417f9aa8ed873d99d,data/FAKE/3752 (2).wav,3752 (2),.wav,1,FAKE,257662,860575624907c1ea87922d495624c6ba71cebabf205c631dc1670215eca311dd,16000,4.025062500,1,UNKNOWN,UNKNOWN,UNKNOWN,UNKNOWN,UNKNOWN,sha256:860575624907c1ea87922d495624c6ba71cebabf205c631dc1670215eca311dd,595508f61af56b56e0701156,DUPLICATE_EXCLUDED,False,same-label byte duplicate; canonical member retained
4ba4841a39a14c55024d4563,data/FAKE/3752.wav,3752,.wav,1,FAKE,257662,860575624907c1ea87922d495624c6ba71cebabf205c631dc1670215eca311dd,16000,4.025062500,1,UNKNOWN,UNKNOWN,UNKNOWN,UNKNOWN,UNKNOWN,sha256:860575624907c1ea87922d495624c6ba71cebabf205c631dc1670215eca311dd,595508f61af56b56e0701156,DUPLICATE_EXCLUDED,False,same-label byte duplicate; canonical member retained
5adfffd21b4290c29cc03bfe,data/FAKE/3757 (2).wav,3757 (2),.wav,1,FAKE,446974,73fc554b466dbd9eb4c002be18a43056ecdb23f17947868f26b70f1e1d95735e,16000,6.983062500,1,UNKNOWN,UNKNOWN,UNKNOWN,UNKNOWN,UNKNOWN,sha256:73fc554b466dbd9eb4c002be18a43056ecdb23f17947868f26b70f1e1d95735e,889d56d2304c5d75e312b97f,DUPLICATE_EXCLUDED,False,same-label byte duplicate; canonical member retained
58a308edde727e915fd3f6a2,data/FAKE/3757.wav,3757,.wav,1,FAKE,446974,73fc554b466dbd9eb4c002be18a43056ecdb23f17947868f26b70f1e1d95735e,16000,6.983062500,1,UNKNOWN,UNKNOWN,UNKNOWN,UNKNOWN,UNKNOWN,sha256:73fc554b466dbd9eb4c002be18a43056ecdb23f17947868f26b70f1e1d95735e,889d56d2304c5d75e312b97f,DUPLICATE_EXCLUDED,False,same-label byte duplicate; canonical member retained
4ad065f0c565ac43773a1fac,data/FAKE/4220.wav,4220,.wav,1,FAKE,688698,4057859d0a18fe1d59c09bc3511d4e3fe9659c8cb812971bf7e3ed99604cffba,16000,10.760000000,1,UNKNOWN,UNKNOWN,UNKNOWN,UNKNOWN,UNKNOWN,sha256:4057859d0a18fe1d59c09bc3511d4e3fe9659c8cb812971bf7e3ed99604cffba,9643ef3f64b9d8c1310eca93,DUPLICATE_EXCLUDED,False,same-label byte duplicate; canonical member retained
05400bdd52aa784ff7689cd3,data/FAKE/4271.wav,4271,.wav,1,FAKE,505658,cd08a615d9b0b020b4077d033f4891d0cc99366f3b4c397c2bd8b8e133866ea7,16000,7.900000000,1,UNKNOWN,UNKNOWN,UNKNOWN,UNKNOWN,UNKNOWN,sha256:cd08a615d9b0b020b4077d033f4891d0cc99366f3b4c397c2bd8b8e133866ea7,18f32d76012ddb44849eaf3f,DUPLICATE_EXCLUDED,False,same-label byte duplicate; canonical member retained
d454808914b8125d5c487050,data/FAKE/4606.wav,4606,.wav,1,FAKE,422458,ce52627818de85b0bd91082549fda86921bd320288e9ccaecc334d538fe15a60,16000,6.600000000,1,UNKNOWN,UNKNOWN,UNKNOWN,UNKNOWN,UNKNOWN,sha256:ce52627818de85b0bd91082549fda86921bd320288e9ccaecc334d538fe15a60,fde640467b98b69a80ef5e49,DUPLICATE_EXCLUDED,False,same-label byte duplicate; canonical member retained
5b96908f7f4aa8f4aeb597ed,data/FAKE/4608.wav,4608,.wav,1,FAKE,136186,9cfb81535c8cb30c5c810646635acb73831c4b841c8fea40957d3b9b196f4032,16000,2.127000000,1,UNKNOWN,UNKNOWN,UNKNOWN,UNKNOWN,UNKNOWN,sha256:9cfb81535c8cb30c5c810646635acb73831c4b841c8fea40957d3b9b196f4032,55043d4b5a8a9f8286d781ac,DUPLICATE_EXCLUDED,False,same-label byte duplicate; canonical member retained
5b152e349c302170d45b2c75,data/FAKE/4633.wav,4633,.wav,1,FAKE,286526,745ab5cfda1f76136ddb98f2ca5770dc0692c67d4c125206de38ece33912fc5b,16000,4.476062500,1,UNKNOWN,UNKNOWN,UNKNOWN,UNKNOWN,UNKNOWN,sha256:745ab5cfda1f76136ddb98f2ca5770dc0692c67d4c125206de38ece33912fc5b,3a9083b982eaceaabaabd4b2,DUPLICATE_EXCLUDED,False,same-label byte duplicate; canonical member retained
8803df6661883112ba2f03e8,data/FAKE/5581.wav,5581,.wav,1,FAKE,228222,44a698976bbebd07c67e55960b9cd9a107cb3473073f586bc792567100c53e41,16000,3.565062500,1,UNKNOWN,UNKNOWN,UNKNOWN,UNKNOWN,UNKNOWN,sha256:44a698976bbebd07c67e55960b9cd9a107cb3473073f586bc792567100c53e41,fa0466dab78a6e5e8dba80e5,DUPLICATE_EXCLUDED,False,same-label byte duplicate; canonical member retained
d58009d5f1faed4a9f4b77d2,data/FAKE/el_0021_c_part_002.flac,el_0021_c_part_002,.flac,1,FAKE,140623,9702c7b4a63e3cc11ef3f675f360b28a7ac092cc8c53d7f5a567f5d018db4b98,16000,3.758000000,1,UNKNOWN,UNKNOWN,UNKNOWN,UNKNOWN,UNKNOWN,sha256:9702c7b4a63e3cc11ef3f675f360b28a7ac092cc8c53d7f5a567f5d018db4b98,ad9253b2cec7bb29295564ac,DUPLICATE_EXCLUDED,False,same-label byte duplicate; canonical member retained
815da37b234639e499ce6c2c,data/FAKE/el_0021_part_001.flac,el_0021_part_001,.flac,1,FAKE,127311,de92602bc8d43a068ce9003df31788789669ea69e57ffda5d17fb7be3a2bf64a,16000,3.369000000,1,UNKNOWN,UNKNOWN,UNKNOWN,UNKNOWN,UNKNOWN,sha256:de92602bc8d43a068ce9003df31788789669ea69e57ffda5d17fb7be3a2bf64a,823644f1a74f703a66c6582b,DUPLICATE_EXCLUDED,False,same-label byte duplicate; canonical member retained
75e03d5573b5447385b6a95b,data/FAKE/sp_0001_c_part_006.flac,sp_0001_c_part_006,.flac,1,FAKE,113263,cc932c3ff4b2a06f6eb4c2de045c34a3a187063c3e34b66c258da50c4563708a,16000,2.921000000,1,UNKNOWN,UNKNOWN,UNKNOWN,UNKNOWN,UNKNOWN,sha256:cc932c3ff4b2a06f6eb4c2de045c34a3a187063c3e34b66c258da50c4563708a,d6a568e8fae8bc31d519157e,DUPLICATE_EXCLUDED,False,same-label byte duplicate; canonical member retained
3eb26afbd7c3f5a69d158af6,data/FAKE/sp_0001_c_part_018.flac,sp_0001_c_part_018,.flac,1,FAKE,108894,f1a3ca6cbe4e0d7022d1644748985c83a0289273cb5874fb0cd1bd275ff72a19,16000,2.919000000,1,UNKNOWN,UNKNOWN,UNKNOWN,UNKNOWN,UNKNOWN,sha256:f1a3ca6cbe4e0d7022d1644748985c83a0289273cb5874fb0cd1bd275ff72a19,36cd3d06923e3266fbafa6bf,DUPLICATE_EXCLUDED,False,same-label byte duplicate; canonical member retained
532b73f8bbeef6c71667ca10,data/FAKE/sp_0001_c_part_019.flac,sp_0001_c_part_019,.flac,1,FAKE,114683,f6f0bd8bc1cf840310cdf203997d039f5b16b576002aac3fa5134f2f965a4a03,16000,3.145000000,1,UNKNOWN,UNKNOWN,UNKNOWN,UNKNOWN,UNKNOWN,sha256:f6f0bd8bc1cf840310cdf203997d039f5b16b576002aac3fa5134f2f965a4a03,2d20e770fa80ccf79a0a8398,DUPLICATE_EXCLUDED,False,same-label byte duplicate; canonical member retained
de0f5801cbd4a1e6d47d4f54,data/FAKE/sp_0001_c_part_020.flac,sp_0001_c_part_020,.flac,1,FAKE,152333,02e5c1e4e57550513aef78c1ecc2f571917ac7c05491af17d0d55b3504e982c9,16000,4.337000000,1,UNKNOWN,UNKNOWN,UNKNOWN,UNKNOWN,UNKNOWN,sha256:02e5c1e4e57550513aef78c1ecc2f571917ac7c05491af17d0d55b3504e982c9,e3e99d80ca25c31e490636ad,DUPLICATE_EXCLUDED,False,same-label byte duplicate; canonical member retained
396c97628cbcbc9c400a7b7f,data/FAKE/sp_0001_c_part_021.flac,sp_0001_c_part_021,.flac,1,FAKE,138942,96c0887183d17de19a8b3663036193e6995ad657949971ae0ace0b407ccf5b8a,16000,3.779000000,1,UNKNOWN,UNKNOWN,UNKNOWN,UNKNOWN,UNKNOWN,sha256:96c0887183d17de19a8b3663036193e6995ad657949971ae0ace0b407ccf5b8a,ea81e87beba6261f7169fb1b,DUPLICATE_EXCLUDED,False,same-label byte duplicate; canonical member retained
ab3b5a6d5d9231164881d217,data/FAKE/sp_0001_c_part_022.flac,sp_0001_c_part_022,.flac,1,FAKE,100026,93abe90663b59235f37c444b3838e39f2e840d1547ccc74dcedf411bf1f4cc28,16000,2.703000000,1,UNKNOWN,UNKNOWN,UNKNOWN,UNKNOWN,UNKNOWN,sha256:93abe90663b59235f37c444b3838e39f2e840d1547ccc74dcedf411bf1f4cc28,a877fa270898e46d4094d0b0,DUPLICATE_EXCLUDED,False,same-label byte duplicate; canonical member retained
ca7d4e0f71663aabd90c2532,data/FAKE/sp_0001_c_part_023.flac,sp_0001_c_part_023,.flac,1,FAKE,147294,156aeddb2eb1cce3e5bad68810d41b278cc8f3fc91c0c9372e0125cfa5d58390,16000,4.139000000,1,UNKNOWN,UNKNOWN,UNKNOWN,UNKNOWN,UNKNOWN,sha256:156aeddb2eb1cce3e5bad68810d41b278cc8f3fc91c0c9372e0125cfa5d58390,0cc380e801b38790b0e33fcd,DUPLICATE_EXCLUDED,False,same-label byte duplicate; canonical member retained
389c7de766c9d4355256c5f3,data/FAKE/sp_0001_c_part_024.flac,sp_0001_c_part_024,.flac,1,FAKE,111756,8b6b7ca1e4776311fe0734d881728068b1c21a628cfc6ff171eee1e414ad3575,16000,3.021000000,1,UNKNOWN,UNKNOWN,UNKNOWN,UNKNOWN,UNKNOWN,sha256:8b6b7ca1e4776311fe0734d881728068b1c21a628cfc6ff171eee1e414ad3575,9b35fa65bb67ecd9064181eb,DUPLICATE_EXCLUDED,False,same-label byte duplicate; canonical member retained
3aa602edf3ec60748162dc38,data/FAKE/sp_0001_c_part_025.flac,sp_0001_c_part_025,.flac,1,FAKE,153901,7642a26731b072592ae221950a70e59343d293f529ce5c924379d458484f239b,16000,4.297000000,1,UNKNOWN,UNKNOWN,UNKNOWN,UNKNOWN,UNKNOWN,sha256:7642a26731b072592ae221950a70e59343d293f529ce5c924379d458484f239b,9907b7e05f5a60c6427ac21e,DUPLICATE_EXCLUDED,False,same-label byte duplicate; canonical member retained
f504ddaf41a3db4a18270ecd,data/FAKE/sp_0001_c_part_026.flac,sp_0001_c_part_026,.flac,1,FAKE,105343,685f006e68667ec3024589babd7837aa7fc893fbc973f461f6a0deef395d4861,16000,2.848000000,1,UNKNOWN,UNKNOWN,UNKNOWN,UNKNOWN,UNKNOWN,sha256:685f006e68667ec3024589babd7837aa7fc893fbc973f461f6a0deef395d4861,d8acaf260fb9925d5a809165,DUPLICATE_EXCLUDED,False,same-label byte duplicate; canonical member retained
1c8ec842c2544f25a8e1df39,data/FAKE/sp_0001_part_001.flac,sp_0001_part_001,.flac,1,FAKE,106327,cfa92cb116deb53aa36d1ab54af5801441e0a86ccfb4d9d08ac52041fd5a93a3,16000,2.674000000,1,UNKNOWN,UNKNOWN,UNKNOWN,UNKNOWN,UNKNOWN,sha256:cfa92cb116deb53aa36d1ab54af5801441e0a86ccfb4d9d08ac52041fd5a93a3,6983a757b68aee54a8987024,DUPLICATE_EXCLUDED,False,same-label byte duplicate; canonical member retained
ad7fe307c7c993e77f39cc74,data/FAKE/sp_0001_part_002.flac,sp_0001_part_002,.flac,1,FAKE,194695,936f7b719bc172ef1670813524ddd420db2a9fca6d615bb7f817a25a0ea503b7,16000,5.147000000,1,UNKNOWN,UNKNOWN,UNKNOWN,UNKNOWN,UNKNOWN,sha256:936f7b719bc172ef1670813524ddd420db2a9fca6d615bb7f817a25a0ea503b7,6f8074e1174e5dfedf544b5c,DUPLICATE_EXCLUDED,False,same-label byte duplicate; canonical member retained
0e85471f01fc291875b2b4de,data/FAKE/sp_0001_part_003.flac,sp_0001_part_003,.flac,1,FAKE,106123,1fd85de98f965f3f30e6575bd03de755eb26f7cac54085682f3535a32a8a41b3,16000,2.767000000,1,UNKNOWN,UNKNOWN,UNKNOWN,UNKNOWN,UNKNOWN,sha256:1fd85de98f965f3f30e6575bd03de755eb26f7cac54085682f3535a32a8a41b3,72937952755748d66ede70a7,DUPLICATE_EXCLUDED,False,same-label byte duplicate; canonical member retained
23ddba5e5d7db123b0915b09,data/FAKE/sp_0001_part_004.flac,sp_0001_part_004,.flac,1,FAKE,111347,bf6901fb0f6b731dd87beab800f062abfae9609208a542ffd3aee675a917114c,16000,2.820000000,1,UNKNOWN,UNKNOWN,UNKNOWN,UNKNOWN,UNKNOWN,sha256:bf6901fb0f6b731dd87beab800f062abfae9609208a542ffd3aee675a917114c,1c99c81072854b3d47556d80,DUPLICATE_EXCLUDED,False,same-label byte duplicate; canonical member retained
78049fd5a1cc8ba682ef2cae,data/FAKE/sp_0001_part_005.flac,sp_0001_part_005,.flac,1,FAKE,130263,1d4a8772a346bbb4c9726d727814b5a9cf5a63fae2f737a6f2e38eee3c175733,16000,3.351000000,1,UNKNOWN,UNKNOWN,UNKNOWN,UNKNOWN,UNKNOWN,sha256:1d4a8772a346bbb4c9726d727814b5a9cf5a63fae2f737a6f2e38eee3c175733,fa52929fa66a0885c7cdc63f,DUPLICATE_EXCLUDED,False,same-label byte duplicate; canonical member retained
1bfb223228a8d3480b50ef75,data/FAKE/sp_0001_part_006.flac,sp_0001_part_006,.flac,1,FAKE,162736,7090e23b88b425a4fff8e22d4bd3dab57a21d72ad75d823f54e1716c804ae393,16000,4.398000000,1,UNKNOWN,UNKNOWN,UNKNOWN,UNKNOWN,UNKNOWN,sha256:7090e23b88b425a4fff8e22d4bd3dab57a21d72ad75d823f54e1716c804ae393,44791a71a85984a1aec538dc,DUPLICATE_EXCLUDED,False,same-label byte duplicate; canonical member retained
c670721d68210b659030f879,data/FAKE/sp_0001_part_007.flac,sp_0001_part_007,.flac,1,FAKE,101485,aa99f93e9a2bc89ddd7209f136e8c736758fc415eb35bd62d920a5a9d15fbfa9,16000,2.710000000,1,UNKNOWN,UNKNOWN,UNKNOWN,UNKNOWN,UNKNOWN,sha256:aa99f93e9a2bc89ddd7209f136e8c736758fc415eb35bd62d920a5a9d15fbfa9,59901c20221b848dc1509479,DUPLICATE_EXCLUDED,False,same-label byte duplicate; canonical member retained
f4a1825aa691dec014d9bcb8,data/FAKE/sp_0001_part_008.flac,sp_0001_part_008,.flac,1,FAKE,194096,2b8c6430154bda1c39796f3ba1a11a9eb0d83b4d5ee25feb455afb54c3e07136,16000,5.497000000,1,UNKNOWN,UNKNOWN,UNKNOWN,UNKNOWN,UNKNOWN,sha256:2b8c6430154bda1c39796f3ba1a11a9eb0d83b4d5ee25feb455afb54c3e07136,82dd234063956e29833eeb5f,DUPLICATE_EXCLUDED,False,same-label byte duplicate; canonical member retained
0c89141a9fac74cf855557e1,data/FAKE/sp_0001_part_009.flac,sp_0001_part_009,.flac,1,FAKE,101702,1a2d6fe81abc512808ccdc5f9a0ea82a65940a1c2b38ce83fcb2e5d52abe46fe,16000,2.720000000,1,UNKNOWN,UNKNOWN,UNKNOWN,UNKNOWN,UNKNOWN,sha256:1a2d6fe81abc512808ccdc5f9a0ea82a65940a1c2b38ce83fcb2e5d52abe46fe,9d097b48dce3fc79633d2aec,DUPLICATE_EXCLUDED,False,same-label byte duplicate; canonical member retained
41efafdee6fd9d30a24460d2,data/FAKE/sp_0001_part_010.flac,sp_0001_part_010,.flac,1,FAKE,176985,45768df1d81dfbb33fbc129477f0ba2d46dfc95a8f44a6b4a24e473454c787de,16000,4.798000000,1,UNKNOWN,UNKNOWN,UNKNOWN,UNKNOWN,UNKNOWN,sha256:45768df1d81dfbb33fbc129477f0ba2d46dfc95a8f44a6b4a24e473454c787de,748a891612f98b1010436e98,DUPLICATE_EXCLUDED,False,same-label byte duplicate; canonical member retained
01f91a7fc04ebfcc16e24480,data/FAKE/sp_0001_part_011.flac,sp_0001_part_011,.flac,1,FAKE,194471,d9e4bb466c3e880ccf8b86d52445f348043d72c31a67127075f8fb6c6b0b61c3,16000,5.312000000,1,UNKNOWN,UNKNOWN,UNKNOWN,UNKNOWN,UNKNOWN,sha256:d9e4bb466c3e880ccf8b86d52445f348043d72c31a67127075f8fb6c6b0b61c3,24341e43117741ff44499b22,DUPLICATE_EXCLUDED,False,same-label byte duplicate; canonical member retained
7c1da38b05c54cc688c1acba,data/FAKE/sp_0001_part_012.flac,sp_0001_part_012,.flac,1,FAKE,121667,c2169f980e006d5970f293566ad484b292479ee576d0ef2f70eff1e53d929dc3,16000,3.341000000,1,UNKNOWN,UNKNOWN,UNKNOWN,UNKNOWN,UNKNOWN,sha256:c2169f980e006d5970f293566ad484b292479ee576d0ef2f70eff1e53d929dc3,2821828f2e8a3f770ddf8717,DUPLICATE_EXCLUDED,False,same-label byte duplicate; canonical member retained
5b4eefa60184094d10464e94,data/FAKE/sp_0001_part_013.flac,sp_0001_part_013,.flac,1,FAKE,114458,0a6be57ff95e565cc4983c908331550a021963dad65201d542451634c2ac702a,16000,3.224000000,1,UNKNOWN,UNKNOWN,UNKNOWN,UNKNOWN,UNKNOWN,sha256:0a6be57ff95e565cc4983c908331550a021963dad65201d542451634c2ac702a,47cbfb505d2f5344ec63e571,DUPLICATE_EXCLUDED,False,same-label byte duplicate; canonical member retained
a137acb530d5119c076ec976,data/FAKE/sp_0001_part_014.flac,sp_0001_part_014,.flac,1,FAKE,174085,9370307c7a5d378d41f205c4e09cf2d4ed8c110e806a11940a2b7cbdb3e5368c,16000,4.681000000,1,UNKNOWN,UNKNOWN,UNKNOWN,UNKNOWN,UNKNOWN,sha256:9370307c7a5d378d41f205c4e09cf2d4ed8c110e806a11940a2b7cbdb3e5368c,1d98a96ead68d849c68a11a8,DUPLICATE_EXCLUDED,False,same-label byte duplicate; canonical member retained
5d5538e4cad73b6aafbea3b8,data/FAKE/sp_0001_part_015.flac,sp_0001_part_015,.flac,1,FAKE,162930,8bffa731d42cdbfc3c8b53416b1d90e6b88b61d6397fd11c2fd2eabb54e598c7,16000,4.504000000,1,UNKNOWN,UNKNOWN,UNKNOWN,UNKNOWN,UNKNOWN,sha256:8bffa731d42cdbfc3c8b53416b1d90e6b88b61d6397fd11c2fd2eabb54e598c7,82d642ee16bb955723d072f6,DUPLICATE_EXCLUDED,False,same-label byte duplicate; canonical member retained
f0eb82ced42356257c409512,data/FAKE/sp_0001_part_016.flac,sp_0001_part_016,.flac,1,FAKE,107282,2c03a986e619a3e30ce27a384ccba90c2c4673c2cafe1271804b17158c451be5,16000,2.858000000,1,UNKNOWN,UNKNOWN,UNKNOWN,UNKNOWN,UNKNOWN,sha256:2c03a986e619a3e30ce27a384ccba90c2c4673c2cafe1271804b17158c451be5,f578b2553e0e4cba491b6722,DUPLICATE_EXCLUDED,False,same-label byte duplicate; canonical member retained
f986b1aa82bd42bdbf91c3f5,data/FAKE/sp_0001_part_017.flac,sp_0001_part_017,.flac,1,FAKE,214101,d1a50cb935e554e62b89472fca89a338caf54873200a691e6b20b2e3398c2504,16000,5.861000000,1,UNKNOWN,UNKNOWN,UNKNOWN,UNKNOWN,UNKNOWN,sha256:d1a50cb935e554e62b89472fca89a338caf54873200a691e6b20b2e3398c2504,767922b8e216e7d9b9c8614a,DUPLICATE_EXCLUDED,False,same-label byte duplicate; canonical member retained
898e7d217184d71bd10a72a0,data/FAKE/sp_0002_c_part_008.flac,sp_0002_c_part_008,.flac,1,FAKE,155259,b0cac32f58d7e66554bed6bc4fd68c86d59849a50ca5c2780b2420b7b6f46018,16000,3.953000000,1,UNKNOWN,UNKNOWN,UNKNOWN,UNKNOWN,UNKNOWN,sha256:b0cac32f58d7e66554bed6bc4fd68c86d59849a50ca5c2780b2420b7b6f46018,47861b2ae16a453a53aecafb,DUPLICATE_EXCLUDED,False,same-label byte duplicate; canonical member retained
d171778c55cb7fe044b79851,data/FAKE/sp_0002_c_part_010.flac,sp_0002_c_part_010,.flac,1,FAKE,98757,a39f6743daa117ee6010b204aaca12a58f00299b09e7a7c59dee7cb95bbd4f53,16000,2.730000000,1,UNKNOWN,UNKNOWN,UNKNOWN,UNKNOWN,UNKNOWN,sha256:a39f6743daa117ee6010b204aaca12a58f00299b09e7a7c59dee7cb95bbd4f53,a063342d44b405b66ad2ca7b,DUPLICATE_EXCLUDED,False,same-label byte duplicate; canonical member retained
96540a8c452e890af61b694e,data/FAKE/sp_0002_c_part_011.flac,sp_0002_c_part_011,.flac,1,FAKE,146568,c3b999f60fbcae37e51ef318d30980d98d1f6812fbfdd6281810a0e6c2ece38b,16000,3.888000000,1,UNKNOWN,UNKNOWN,UNKNOWN,UNKNOWN,UNKNOWN,sha256:c3b999f60fbcae37e51ef318d30980d98d1f6812fbfdd6281810a0e6c2ece38b,a3192f3f560ab35b4895af96,DUPLICATE_EXCLUDED,False,same-label byte duplicate; canonical member retained
a35baba0ace8e60982533a67,data/FAKE/sp_0002_c_part_012.flac,sp_0002_c_part_012,.flac,1,FAKE,155183,4cac07b69a188f4219bd99e13cdb9600aa277a09b442b814cc492e017e34db8f,16000,4.090000000,1,UNKNOWN,UNKNOWN,UNKNOWN,UNKNOWN,UNKNOWN,sha256:4cac07b69a188f4219bd99e13cdb9600aa277a09b442b814cc492e017e34db8f,3d1ee4e3cd878ef3ae248227,DUPLICATE_EXCLUDED,False,same-label byte duplicate; canonical member retained
b23def959167ec3336f87388,data/FAKE/sp_0002_c_part_013.flac,sp_0002_c_part_013,.flac,1,FAKE,144482,df92749cbcd9f1392186368d2148360475ae17fb3ff5f9c57b89e125f54b98fb,16000,3.788000000,1,UNKNOWN,UNKNOWN,UNKNOWN,UNKNOWN,UNKNOWN,sha256:df92749cbcd9f1392186368d2148360475ae17fb3ff5f9c57b89e125f54b98fb,a01a096e9a48df4889acf158,DUPLICATE_EXCLUDED,False,same-label byte duplicate; canonical member retained
0b8c0108711f4e4aa160754e,data/FAKE/sp_0002_c_part_014.flac,sp_0002_c_part_014,.flac,1,FAKE,161055,d0eac94917efe1f0beead5cc5b6089ede6d7c7a994a83da577e5414211f1841d,16000,4.327000000,1,UNKNOWN,UNKNOWN,UNKNOWN,UNKNOWN,UNKNOWN,sha256:d0eac94917efe1f0beead5cc5b6089ede6d7c7a994a83da577e5414211f1841d,6d30c131f5694e0834d39903,DUPLICATE_EXCLUDED,False,same-label byte duplicate; canonical member retained
d7a93a06395b162add9f24a3,data/FAKE/sp_0002_c_part_015.flac,sp_0002_c_part_015,.flac,1,FAKE,153788,4e0480d0e6f48ee31c0ef0d52e46e6fc710d331497afc500eac960627f57e2bf,16000,4.059000000,1,UNKNOWN,UNKNOWN,UNKNOWN,UNKNOWN,UNKNOWN,sha256:4e0480d0e6f48ee31c0ef0d52e46e6fc710d331497afc500eac960627f57e2bf,7e8e0c99526963064f43fe58,DUPLICATE_EXCLUDED,False,same-label byte duplicate; canonical member retained
11d79c4c40e769a7c8a00ebd,data/FAKE/sp_0002_c_part_016.flac,sp_0002_c_part_016,.flac,1,FAKE,122025,fb7f81557a90965ccaa65c5ed8a9b16160adbad1f36f0b09858c1b4a9562a700,16000,3.227000000,1,UNKNOWN,UNKNOWN,UNKNOWN,UNKNOWN,UNKNOWN,sha256:fb7f81557a90965ccaa65c5ed8a9b16160adbad1f36f0b09858c1b4a9562a700,6cd7dd7b19221a7c920edc7b,DUPLICATE_EXCLUDED,False,same-label byte duplicate; canonical member retained
a68cf2814d71c0cbd0678022,data/FAKE/sp_0002_c_part_017.flac,sp_0002_c_part_017,.flac,1,FAKE,153720,3784dd6a81e07b1d3400c5a136ce3d676e2bc2196589d2b0f9f873c0d02a821c,16000,4.085000000,1,UNKNOWN,UNKNOWN,UNKNOWN,UNKNOWN,UNKNOWN,sha256:3784dd6a81e07b1d3400c5a136ce3d676e2bc2196589d2b0f9f873c0d02a821c,f4209a56849f753f48af7965,DUPLICATE_EXCLUDED,False,same-label byte duplicate; canonical member retained
dcbdd89368203aa48f1d7a8a,data/FAKE/sp_0002_c_part_018.flac,sp_0002_c_part_018,.flac,1,FAKE,133909,1a7379073d00649075a73c9c7bdb1118be32991c295ef8861d6efe0d21849eb2,16000,3.499000000,1,UNKNOWN,UNKNOWN,UNKNOWN,UNKNOWN,UNKNOWN,sha256:1a7379073d00649075a73c9c7bdb1118be32991c295ef8861d6efe0d21849eb2,bf01ad3bc26c99f18b5fd374,DUPLICATE_EXCLUDED,False,same-label byte duplicate; canonical member retained
b72d857b8406f78400573731,data/FAKE/sp_0002_c_part_019.flac,sp_0002_c_part_019,.flac,1,FAKE,148561,474a4db8a3ef3e1898d2071a86bb8aaf56334f9a6088022f5c2abbe2329bd2f2,16000,3.862000000,1,UNKNOWN,UNKNOWN,UNKNOWN,UNKNOWN,UNKNOWN,sha256:474a4db8a3ef3e1898d2071a86bb8aaf56334f9a6088022f5c2abbe2329bd2f2,6f83563788660fe44b0fd5a9,DUPLICATE_EXCLUDED,False,same-label byte duplicate; canonical member retained
6957fd6bfe27e78f4a496702,data/FAKE/sp_0002_c_part_020.flac,sp_0002_c_part_020,.flac,1,FAKE,122081,8f4d873da7699d58f6d11dafcd66599e87145287efe2649b00f58e91f7f24851,16000,3.215000000,1,UNKNOWN,UNKNOWN,UNKNOWN,UNKNOWN,UNKNOWN,sha256:8f4d873da7699d58f6d11dafcd66599e87145287efe2649b00f58e91f7f24851,90f396de34ad44e74e41c7e5,DUPLICATE_EXCLUDED,False,same-label byte duplicate; canonical member retained
4f22ea802fb68e590a0982df,data/FAKE/sp_0002_c_part_021.flac,sp_0002_c_part_021,.flac,1,FAKE,143122,7c87f14d0221e8f9c316cf5607a8f3f229f342238be45847d91442f8cb200e4f,16000,3.672000000,1,UNKNOWN,UNKNOWN,UNKNOWN,UNKNOWN,UNKNOWN,sha256:7c87f14d0221e8f9c316cf5607a8f3f229f342238be45847d91442f8cb200e4f,a7be389d566c43b8825d1e2c,DUPLICATE_EXCLUDED,False,same-label byte duplicate; canonical member retained
70c94e6132630b33f09e0a83,data/FAKE/sp_0002_c_part_022.flac,sp_0002_c_part_022,.flac,1,FAKE,133013,564aa5a655945b6bed66b9773ff21b87429404352799c8ddf409976879e3a003,16000,3.459000000,1,UNKNOWN,UNKNOWN,UNKNOWN,UNKNOWN,UNKNOWN,sha256:564aa5a655945b6bed66b9773ff21b87429404352799c8ddf409976879e3a003,3e889c1760f9c003d150deef,DUPLICATE_EXCLUDED,False,same-label byte duplicate; canonical member retained
b74454b854e35130ea0be732,data/FAKE/sp_0002_c_part_023.flac,sp_0002_c_part_023,.flac,1,FAKE,139466,1bc357215e811d6e088ae7a57ec713cb52b2d7676e3ce75c261c815e691138af,16000,3.692000000,1,UNKNOWN,UNKNOWN,UNKNOWN,UNKNOWN,UNKNOWN,sha256:1bc357215e811d6e088ae7a57ec713cb52b2d7676e3ce75c261c815e691138af,346ceb94684fe5d11a177873,DUPLICATE_EXCLUDED,False,same-label byte duplicate; canonical member retained
0e34780a291ae922c4a28ea6,data/FAKE/sp_0002_c_part_024.flac,sp_0002_c_part_024,.flac,1,FAKE,111045,82fd92efd52e1a4c8b40983b13ee14c8bcae11bd1881e841ac7510c59932d624,16000,2.868000000,1,UNKNOWN,UNKNOWN,UNKNOWN,UNKNOWN,UNKNOWN,sha256:82fd92efd52e1a4c8b40983b13ee14c8bcae11bd1881e841ac7510c59932d624,ddc0a585192d8317c4b47d1b,DUPLICATE_EXCLUDED,False,same-label byte duplicate; canonical member retained
152de702e513e9c88c7d5cda,data/FAKE/sp_0002_part_001.flac,sp_0002_part_001,.flac,1,FAKE,115639,8667ffcd50e6a64fa50ae29633fb8dfb9d490bf98c339a98e818bd7790a04dd5,16000,2.931000000,1,UNKNOWN,UNKNOWN,UNKNOWN,UNKNOWN,UNKNOWN,sha256:8667ffcd50e6a64fa50ae29633fb8dfb9d490bf98c339a98e818bd7790a04dd5,1e969f31f7145482710f265a,DUPLICATE_EXCLUDED,False,same-label byte duplicate; canonical member retained
50dd6df28c5548b2ed96889a,data/FAKE/sp_0002_part_002.flac,sp_0002_part_002,.flac,1,FAKE,118824,249318a5cc67e535f3aec1e40129e656ec6e9421a36cc73e92d2e6685aec321f,16000,3.048000000,1,UNKNOWN,UNKNOWN,UNKNOWN,UNKNOWN,UNKNOWN,sha256:249318a5cc67e535f3aec1e40129e656ec6e9421a36cc73e92d2e6685aec321f,be97d79b1ec1f3538d85210e,DUPLICATE_EXCLUDED,False,same-label byte duplicate; canonical member retained
6b4d48d968e96874d05928f3,data/FAKE/sp_0002_part_003.flac,sp_0002_part_003,.flac,1,FAKE,132850,f102f0abdfee501debc6b0dba5f0de2bbc85dfc874841d4687a20d8811952eff,16000,3.359000000,1,UNKNOWN,UNKNOWN,UNKNOWN,UNKNOWN,UNKNOWN,sha256:f102f0abdfee501debc6b0dba5f0de2bbc85dfc874841d4687a20d8811952eff,4a5aa747febde3ef2747897e,DUPLICATE_EXCLUDED,False,same-label byte duplicate; canonical member retained
e24f3d8d9a42e7fd0e365117,data/FAKE/sp_0002_part_004.flac,sp_0002_part_004,.flac,1,FAKE,107303,a71dd74414b852a35b922f4ff00dcce3ce6d26b40d8e90afe56a1106cc375432,16000,2.697000000,1,UNKNOWN,UNKNOWN,UNKNOWN,UNKNOWN,UNKNOWN,sha256:a71dd74414b852a35b922f4ff00dcce3ce6d26b40d8e90afe56a1106cc375432,40647a0c6f0ef9b3bfb589e3,DUPLICATE_EXCLUDED,False,same-label byte duplicate; canonical member retained
c16a29c999cd5cae483f5d4f,data/FAKE/sp_0002_part_005.flac,sp_0002_part_005,.flac,1,FAKE,104472,42bc7082e47c393c196d284f27d93c3d374097f7a09a8a15f732f6a1a5b837d4,16000,2.689000000,1,UNKNOWN,UNKNOWN,UNKNOWN,UNKNOWN,UNKNOWN,sha256:42bc7082e47c393c196d284f27d93c3d374097f7a09a8a15f732f6a1a5b837d4,2fd8bff3e8f2d46d1ed137e7,DUPLICATE_EXCLUDED,False,same-label byte duplicate; canonical member retained
bbe66803a125875c31d753d6,data/FAKE/sp_0002_part_006.flac,sp_0002_part_006,.flac,1,FAKE,113460,cdf3923adab4cf93662d57abe31f3887abd1ee961f2976f5163972a063ec0dd2,16000,2.888000000,1,UNKNOWN,UNKNOWN,UNKNOWN,UNKNOWN,UNKNOWN,sha256:cdf3923adab4cf93662d57abe31f3887abd1ee961f2976f5163972a063ec0dd2,43f8c4bc01f3f71233c3ea0c,DUPLICATE_EXCLUDED,False,same-label byte duplicate; canonical member retained
9e5b753109c8f402e2685125,data/FAKE/sp_0002_part_007.flac,sp_0002_part_007,.flac,1,FAKE,118718,f882dd2a690f92cac88498cb2ebcead13bf380136718fc2c1dabd5a6d964c251,16000,2.983000000,1,UNKNOWN,UNKNOWN,UNKNOWN,UNKNOWN,UNKNOWN,sha256:f882dd2a690f92cac88498cb2ebcead13bf380136718fc2c1dabd5a6d964c251,1486ede86745bf3a96c7a438,DUPLICATE_EXCLUDED,False,same-label byte duplicate; canonical member retained
b1df8e6a1af9e120d90f8daf,data/FAKE/sp_0002_part_008.flac,sp_0002_part_008,.flac,1,FAKE,110617,1e628033ec64e73cae12f5f85131c01d08a659c869c100609a0b454a1b5dff71,16000,2.891000000,1,UNKNOWN,UNKNOWN,UNKNOWN,UNKNOWN,UNKNOWN,sha256:1e628033ec64e73cae12f5f85131c01d08a659c869c100609a0b454a1b5dff71,817a96cb5fc6dea9440453a8,DUPLICATE_EXCLUDED,False,same-label byte duplicate; canonical member retained
e5b492115d26d9e94ddd29db,data/FAKE/sp_0002_part_009.flac,sp_0002_part_009,.flac,1,FAKE,126897,6354b982006a1a45dc04b5a5c5401477a2334ee4b506297d145ebbf3b94bfcf7,16000,3.193000000,1,UNKNOWN,UNKNOWN,UNKNOWN,UNKNOWN,UNKNOWN,sha256:6354b982006a1a45dc04b5a5c5401477a2334ee4b506297d145ebbf3b94bfcf7,09831d1e317c847761daea05,DUPLICATE_EXCLUDED,False,same-label byte duplicate; canonical member retained
ccb403bd1c0703033e6f2cb5,data/FAKE/sp_0003_c_part_005.flac,sp_0003_c_part_005,.flac,1,FAKE,143208,af5b9d3712190554641cfa248cba75418aa928601bedf8b79e6c3d0ef57cd2dc,16000,3.739000000,1,UNKNOWN,UNKNOWN,UNKNOWN,UNKNOWN,UNKNOWN,sha256:af5b9d3712190554641cfa248cba75418aa928601bedf8b79e6c3d0ef57cd2dc,ff24fdd0e69acdf42a57320f,DUPLICATE_EXCLUDED,False,same-label byte duplicate; canonical member retained
2189b27add99f3a92b8e3a73,data/FAKE/sp_0003_c_part_006.flac,sp_0003_c_part_006,.flac,1,FAKE,182137,78e08c7e86013d384b92321bd3546e65323ad6a4117a65c7fcb54a0fa72ee0e5,16000,4.684000000,1,UNKNOWN,UNKNOWN,UNKNOWN,UNKNOWN,UNKNOWN,sha256:78e08c7e86013d384b92321bd3546e65323ad6a4117a65c7fcb54a0fa72ee0e5,416eb87ff46865758659e35c,DUPLICATE_EXCLUDED,False,same-label byte duplicate; canonical member retained
f160c10b2e376d489e8605ff,data/FAKE/sp_0003_c_part_013.flac,sp_0003_c_part_013,.flac,1,FAKE,145369,e2cf59cb6441a1f55bead47e24979e77731d58217a71752fbc0160d849466b57,16000,3.825000000,1,UNKNOWN,UNKNOWN,UNKNOWN,UNKNOWN,UNKNOWN,sha256:e2cf59cb6441a1f55bead47e24979e77731d58217a71752fbc0160d849466b57,11ad11176671618b50e9249c,DUPLICATE_EXCLUDED,False,same-label byte duplicate; canonical member retained
900591edab43002691a1bdb4,data/FAKE/sp_0003_c_part_014.flac,sp_0003_c_part_014,.flac,1,FAKE,125075,ff58c12632b2f73d1dfeeae86a39ce67b554368b7a3211645e43f4136f8bdcb7,16000,3.268000000,1,UNKNOWN,UNKNOWN,UNKNOWN,UNKNOWN,UNKNOWN,sha256:ff58c12632b2f73d1dfeeae86a39ce67b554368b7a3211645e43f4136f8bdcb7,e727c32eeb1a084af78f088c,DUPLICATE_EXCLUDED,False,same-label byte duplicate; canonical member retained
2e8bd4a2bf80481123bea16e,data/FAKE/sp_0003_c_part_015.flac,sp_0003_c_part_015,.flac,1,FAKE,145967,a835543585d777bdcba57bcb7cf964d7732e642ab6a38e5e40541e583a72961e,16000,3.888000000,1,UNKNOWN,UNKNOWN,UNKNOWN,UNKNOWN,UNKNOWN,sha256:a835543585d777bdcba57bcb7cf964d7732e642ab6a38e5e40541e583a72961e,ad22e8fed409a9b3657ddce2,DUPLICATE_EXCLUDED,False,same-label byte duplicate; canonical member retained
519a1c6d8fa37ddff9b7a885,data/FAKE/sp_0003_c_part_016.flac,sp_0003_c_part_016,.flac,1,FAKE,107793,dac494a8ceee9fdd44104edd0672ea2665eb15ff4f2d908f50608c98dbee57a5,16000,2.814000000,1,UNKNOWN,UNKNOWN,UNKNOWN,UNKNOWN,UNKNOWN,sha256:dac494a8ceee9fdd44104edd0672ea2665eb15ff4f2d908f50608c98dbee57a5,e282c5b194bd49705fd5a3aa,DUPLICATE_EXCLUDED,False,same-label byte duplicate; canonical member retained
8889fb4571208081d96b1105,data/FAKE/sp_0003_c_part_017.flac,sp_0003_c_part_017,.flac,1,FAKE,109358,7e2fd484413ef7f3bc6862695e97f5cd60e15d25c441b58b1e50b54176c7b196,16000,2.769000000,1,UNKNOWN,UNKNOWN,UNKNOWN,UNKNOWN,UNKNOWN,sha256:7e2fd484413ef7f3bc6862695e97f5cd60e15d25c441b58b1e50b54176c7b196,c0911029f56df5a25974b6e8,DUPLICATE_EXCLUDED,False,same-label byte duplicate; canonical member retained
b93e189ec0ecd28c3f8b79a6,data/FAKE/sp_0003_c_part_018.flac,sp_0003_c_part_018,.flac,1,FAKE,133799,f0dc913e7be335feb5ed224e460241a41875d8b80034e35c0788df6f1032f2e7,16000,3.607000000,1,UNKNOWN,UNKNOWN,UNKNOWN,UNKNOWN,UNKNOWN,sha256:f0dc913e7be335feb5ed224e460241a41875d8b80034e35c0788df6f1032f2e7,9565cabed64342887a62f1b3,DUPLICATE_EXCLUDED,False,same-label byte duplicate; canonical member retained
04220e5d9fe1794aac919ae1,data/FAKE/sp_0003_c_part_019.flac,sp_0003_c_part_019,.flac,1,FAKE,137916,7089c1ddb741245aad4ddd44f25026be766f31966ce58f1a07153b43422ae21b,16000,3.682000000,1,UNKNOWN,UNKNOWN,UNKNOWN,UNKNOWN,UNKNOWN,sha256:7089c1ddb741245aad4ddd44f25026be766f31966ce58f1a07153b43422ae21b,69ef1944562e6f6341b1b34e,DUPLICATE_EXCLUDED,False,same-label byte duplicate; canonical member retained
8143d309052afdc195c86224,data/FAKE/sp_0003_c_part_020.flac,sp_0003_c_part_020,.flac,1,FAKE,136672,ce3a4d36edfd84a969ee36cad0bd02bae3676e9beb5f964d6bb091eec7be2e3d,16000,3.731000000,1,UNKNOWN,UNKNOWN,UNKNOWN,UNKNOWN,UNKNOWN,sha256:ce3a4d36edfd84a969ee36cad0bd02bae3676e9beb5f964d6bb091eec7be2e3d,d94d021f881a46fcde00fab5,DUPLICATE_EXCLUDED,False,same-label byte duplicate; canonical member retained
64b3a6c650c1e66a52102fa2,data/FAKE/sp_0003_c_part_021.flac,sp_0003_c_part_021,.flac,1,FAKE,148158,0ed91f104438b2373bf95535728dd5dae3e62d6ea5f7f8525cca58247bea30b2,16000,3.995000000,1,UNKNOWN,UNKNOWN,UNKNOWN,UNKNOWN,UNKNOWN,sha256:0ed91f104438b2373bf95535728dd5dae3e62d6ea5f7f8525cca58247bea30b2,360b8121ee4cf5a7136c4b79,DUPLICATE_EXCLUDED,False,same-label byte duplicate; canonical member retained
1ffe37464d752b7e79e41831,data/FAKE/sp_0003_c_part_022.flac,sp_0003_c_part_022,.flac,1,FAKE,104396,350f943e2bf7f8956d04e609b02dbd3df70f9bbb9c5c768bbb9ae404e2f2782a,16000,2.765000000,1,UNKNOWN,UNKNOWN,UNKNOWN,UNKNOWN,UNKNOWN,sha256:350f943e2bf7f8956d04e609b02dbd3df70f9bbb9c5c768bbb9ae404e2f2782a,b49587890102fc1f0bcd2dbc,DUPLICATE_EXCLUDED,False,same-label byte duplicate; canonical member retained
29bbab51561f3003af39f6ee,data/FAKE/sp_0003_c_part_023.flac,sp_0003_c_part_023,.flac,1,FAKE,111742,7f6d6663eaea250b902136295f8f234302cc4d982dabd780e3a88a80885c202d,16000,2.918000000,1,UNKNOWN,UNKNOWN,UNKNOWN,UNKNOWN,UNKNOWN,sha256:7f6d6663eaea250b902136295f8f234302cc4d982dabd780e3a88a80885c202d,8876cd8c25673c15ccf0efad,DUPLICATE_EXCLUDED,False,same-label byte duplicate; canonical member retained
3311cc47feb3411c7e2244f6,data/FAKE/sp_0003_part_001.flac,sp_0003_part_001,.flac,1,FAKE,168056,d97baca93ce97d9761cd4e89c2d5c85002fc9677c302bf785831d3e4302fc536,16000,4.327000000,1,UNKNOWN,UNKNOWN,UNKNOWN,UNKNOWN,UNKNOWN,sha256:d97baca93ce97d9761cd4e89c2d5c85002fc9677c302bf785831d3e4302fc536,8cfbd42f33f75fbbb8e78826,DUPLICATE_EXCLUDED,False,same-label byte duplicate; canonical member retained
b7fa4708d852cfc5aa1e5ac1,data/FAKE/sp_0003_part_002.flac,sp_0003_part_002,.flac,1,FAKE,128673,e1de715478ba71480784c9f4e2d500e7cb21ef814b5616d30027df89fde0d561,16000,3.289000000,1,UNKNOWN,UNKNOWN,UNKNOWN,UNKNOWN,UNKNOWN,sha256:e1de715478ba71480784c9f4e2d500e7cb21ef814b5616d30027df89fde0d561,e19e92ab7764d5ea39b0029c,DUPLICATE_EXCLUDED,False,same-label byte duplicate; canonical member retained
b9604c399c3635e4c0135d73,data/FAKE/sp_0003_part_003.flac,sp_0003_part_003,.flac,1,FAKE,135642,9819865067cf4e2dd8afffa8ebf4a468e5499cad949b3c70ab594474a0784713,16000,3.367000000,1,UNKNOWN,UNKNOWN,UNKNOWN,UNKNOWN,UNKNOWN,sha256:9819865067cf4e2dd8afffa8ebf4a468e5499cad949b3c70ab594474a0784713,5df4acd9e02b7542bf797189,DUPLICATE_EXCLUDED,False,same-label byte duplicate; canonical member retained
2cade56c2614c29d25312c3a,data/FAKE/sp_0003_part_004.flac,sp_0003_part_004,.flac,1,FAKE,116586,9d55b19fbfe1264e5132cbf946d0cd3bb725fd595d1027908e79fa9e343754e9,16000,2.951000000,1,UNKNOWN,UNKNOWN,UNKNOWN,UNKNOWN,UNKNOWN,sha256:9d55b19fbfe1264e5132cbf946d0cd3bb725fd595d1027908e79fa9e343754e9,46f53973f7a8cb06a1a1b41c,DUPLICATE_EXCLUDED,False,same-label byte duplicate; canonical member retained
062bafac77c3bd7d4fe87273,data/FAKE/sp_0003_part_005.flac,sp_0003_part_005,.flac,1,FAKE,102226,246b0b0d8c5ff6d841145f043b7e32e6160e87a64efc4512aba7bf285444d74d,16000,2.587000000,1,UNKNOWN,UNKNOWN,UNKNOWN,UNKNOWN,UNKNOWN,sha256:246b0b0d8c5ff6d841145f043b7e32e6160e87a64efc4512aba7bf285444d74d,9405d4a6c30d4000a7dbf76a,DUPLICATE_EXCLUDED,False,same-label byte duplicate; canonical member retained
e25ef29f1111a26a59c6a5a4,data/FAKE/sp_0003_part_006.flac,sp_0003_part_006,.flac,1,FAKE,167867,f8a6cf0e571960408857d192f4ba47bf72eb53973f6f548b876ede95b62ae1d5,16000,4.408000000,1,UNKNOWN,UNKNOWN,UNKNOWN,UNKNOWN,UNKNOWN,sha256:f8a6cf0e571960408857d192f4ba47bf72eb53973f6f548b876ede95b62ae1d5,14191efd1f3721344d8b13eb,DUPLICATE_EXCLUDED,False,same-label byte duplicate; canonical member retained
885d95c59fb13a9bb3362d7a,data/FAKE/sp_0003_part_007.flac,sp_0003_part_007,.flac,1,FAKE,186287,ca2f54c5c4bf05721ec2f5772380315047b633dbe39ec37313bdd06a2a76b31f,16000,4.912000000,1,UNKNOWN,UNKNOWN,UNKNOWN,UNKNOWN,UNKNOWN,sha256:ca2f54c5c4bf05721ec2f5772380315047b633dbe39ec37313bdd06a2a76b31f,e9f50c3d4a9e1785f50ff346,DUPLICATE_EXCLUDED,False,same-label byte duplicate; canonical member retained
2a7a8fa7ae98857fef913332,data/FAKE/sp_0003_part_008.flac,sp_0003_part_008,.flac,1,FAKE,196614,db3b11724419ceb52b5f2714eda0812ceb1d9b7fff872c7de0851cec8bb65cbd,16000,5.173000000,1,UNKNOWN,UNKNOWN,UNKNOWN,UNKNOWN,UNKNOWN,sha256:db3b11724419ceb52b5f2714eda0812ceb1d9b7fff872c7de0851cec8bb65cbd,3fd1b638b6b3c33f7a089cf6,DUPLICATE_EXCLUDED,False,same-label byte duplicate; canonical member retained
2f81bb44a6c56aebaf60b190,data/FAKE/sp_0003_part_009.flac,sp_0003_part_009,.flac,1,FAKE,125671,b3a56cdd2b4e72c53953e1d7496aefc6796ae1d8155242de2f6e5c8f5103662e,16000,3.308000000,1,UNKNOWN,UNKNOWN,UNKNOWN,UNKNOWN,UNKNOWN,sha256:b3a56cdd2b4e72c53953e1d7496aefc6796ae1d8155242de2f6e5c8f5103662e,765b7b037f9a93553764a8d3,DUPLICATE_EXCLUDED,False,same-label byte duplicate; canonical member retained
e04dfe2b1554f3752b63e1ed,data/FAKE/sp_0003_part_010.flac,sp_0003_part_010,.flac,1,FAKE,140594,68b4b713db1fd32693691a97e79b515bafc4f2ccede3706105a05d3bb0e8ec42,16000,3.731000000,1,UNKNOWN,UNKNOWN,UNKNOWN,UNKNOWN,UNKNOWN,sha256:68b4b713db1fd32693691a97e79b515bafc4f2ccede3706105a05d3bb0e8ec42,7d29b0cf49dd7681df058d3a,DUPLICATE_EXCLUDED,False,same-label byte duplicate; canonical member retained
214b37dd5ccd163697471c97,data/FAKE/sp_0003_part_011.flac,sp_0003_part_011,.flac,1,FAKE,105375,970010e054bf4ac252e46bbabfbac1b4d518491b4d1728c734efecc93561a37f,16000,2.717000000,1,UNKNOWN,UNKNOWN,UNKNOWN,UNKNOWN,UNKNOWN,sha256:970010e054bf4ac252e46bbabfbac1b4d518491b4d1728c734efecc93561a37f,29adb6721ff8ffc024b0fe70,DUPLICATE_EXCLUDED,False,same-label byte duplicate; canonical member retained
721bff1d55637a2c2b9b13ec,data/FAKE/sp_0003_part_012.flac,sp_0003_part_012,.flac,1,FAKE,162900,874c478c8eff80114af08f8018038638ac7c334d39279f596acaeced00616a65,16000,4.316000000,1,UNKNOWN,UNKNOWN,UNKNOWN,UNKNOWN,UNKNOWN,sha256:874c478c8eff80114af08f8018038638ac7c334d39279f596acaeced00616a65,4b10a5c973fde4b584e4192a,DUPLICATE_EXCLUDED,False,same-label byte duplicate; canonical member retained
f604c31f810a7d6ffdd546b7,data/FAKE/sp_0004_c_part_008.flac,sp_0004_c_part_008,.flac,1,FAKE,149894,68471960d3e9e8e200223762f91fe3caf56fc0a61335946c1431970472884af8,16000,3.699000000,1,UNKNOWN,UNKNOWN,UNKNOWN,UNKNOWN,UNKNOWN,sha256:68471960d3e9e8e200223762f91fe3caf56fc0a61335946c1431970472884af8,2e72e4aec2bc6818f2fd5cbc,DUPLICATE_EXCLUDED,False,same-label byte duplicate; canonical member retained
d2a32be5cd0bfaabaf83e69e,data/FAKE/sp_0004_c_part_021.flac,sp_0004_c_part_021,.flac,1,FAKE,127618,0d45a3d2fce8cfb993acef5cefd76da8bfef6a2b89681870fc561f718b9074db,16000,3.481000000,1,UNKNOWN,UNKNOWN,UNKNOWN,UNKNOWN,UNKNOWN,sha256:0d45a3d2fce8cfb993acef5cefd76da8bfef6a2b89681870fc561f718b9074db,766d0f5161b3c9e43c86ac2d,DUPLICATE_EXCLUDED,False,same-label byte duplicate; canonical member retained
f6ccd817ddc89566f4a3bfe6,data/FAKE/sp_0004_c_part_022.flac,sp_0004_c_part_022,.flac,1,FAKE,122003,b7b218ed3f8e51c3ba5905743739e54011088a81b09e1148587232095ba26048,16000,3.332000000,1,UNKNOWN,UNKNOWN,UNKNOWN,UNKNOWN,UNKNOWN,sha256:b7b218ed3f8e51c3ba5905743739e54011088a81b09e1148587232095ba26048,5f895bfb2a3485867d73ace6,DUPLICATE_EXCLUDED,False,same-label byte duplicate; canonical member retained
882010b3ee0381096fbbcfbc,data/FAKE/sp_0004_c_part_023.flac,sp_0004_c_part_023,.flac,1,FAKE,110490,bf2ccab76821b4a868d87af5cad69c4e739132a11f7157126e75c8ee6d782e33,16000,2.960000000,1,UNKNOWN,UNKNOWN,UNKNOWN,UNKNOWN,UNKNOWN,sha256:bf2ccab76821b4a868d87af5cad69c4e739132a11f7157126e75c8ee6d782e33,22c10c39046c9c71003b610b,DUPLICATE_EXCLUDED,False,same-label byte duplicate; canonical member retained
870f0a98ce979e314d3cdfb9,data/FAKE/sp_0004_c_part_024.flac,sp_0004_c_part_024,.flac,1,FAKE,125874,31d195a561311d23d0612d4b531a81cd3c0e061a44dd7f7ddf00af8bb1c61953,16000,3.420000000,1,UNKNOWN,UNKNOWN,UNKNOWN,UNKNOWN,UNKNOWN,sha256:31d195a561311d23d0612d4b531a81cd3c0e061a44dd7f7ddf00af8bb1c61953,09bb41a69de0152d7ab69330,DUPLICATE_EXCLUDED,False,same-label byte duplicate; canonical member retained
7cdc858ac41e04c470aa5317,data/FAKE/sp_0004_c_part_025.flac,sp_0004_c_part_025,.flac,1,FAKE,127216,6f80da8a82e46777bc1e872c3ddfc5f01597983315f7d7ff29d24d55c825b36e,16000,3.347000000,1,UNKNOWN,UNKNOWN,UNKNOWN,UNKNOWN,UNKNOWN,sha256:6f80da8a82e46777bc1e872c3ddfc5f01597983315f7d7ff29d24d55c825b36e,38753ebeb91e57d43dd99d7e,DUPLICATE_EXCLUDED,False,same-label byte duplicate; canonical member retained
5acfc2bf395ba5e01cc672bd,data/FAKE/sp_0004_c_part_026.flac,sp_0004_c_part_026,.flac,1,FAKE,131421,81e122edc775c943421431020df092eb6a5345e18d53fef7883502a89e633e3e,16000,3.485000000,1,UNKNOWN,UNKNOWN,UNKNOWN,UNKNOWN,UNKNOWN,sha256:81e122edc775c943421431020df092eb6a5345e18d53fef7883502a89e633e3e,fd7f18cfa62c687b8899ec21,DUPLICATE_EXCLUDED,False,same-label byte duplicate; canonical member retained
6d24e784d0d87033c96689fc,data/FAKE/sp_0004_c_part_027.flac,sp_0004_c_part_027,.flac,1,FAKE,151737,4c640b40b1a146451ea2ca96cc6a192a04ce54c021cfd8073fbc28c68f63122a,16000,4.031000000,1,UNKNOWN,UNKNOWN,UNKNOWN,UNKNOWN,UNKNOWN,sha256:4c640b40b1a146451ea2ca96cc6a192a04ce54c021cfd8073fbc28c68f63122a,ff68d2809b5095b24eaac370,DUPLICATE_EXCLUDED,False,same-label byte duplicate; canonical member retained
c450ed0d05993df2ca326919,data/FAKE/sp_0004_c_part_028.flac,sp_0004_c_part_028,.flac,1,FAKE,109620,b05ee81219021e04f1cdc1c5ae7a069645d897ac1eda3b0d7872d016d1a0ef58,16000,2.979000000,1,UNKNOWN,UNKNOWN,UNKNOWN,UNKNOWN,UNKNOWN,sha256:b05ee81219021e04f1cdc1c5ae7a069645d897ac1eda3b0d7872d016d1a0ef58,b6732ccc41f268c960abb562,DUPLICATE_EXCLUDED,False,same-label byte duplicate; canonical member retained
d76cdb01790075a33961181f,data/FAKE/sp_0004_c_part_029.flac,sp_0004_c_part_029,.flac,1,FAKE,151791,b568a7a08d9599138149deea20351fcff218849df93df99a729aac72b9850359,16000,4.222000000,1,UNKNOWN,UNKNOWN,UNKNOWN,UNKNOWN,UNKNOWN,sha256:b568a7a08d9599138149deea20351fcff218849df93df99a729aac72b9850359,d7436d7a72469d1f790b6f2c,DUPLICATE_EXCLUDED,False,same-label byte duplicate; canonical member retained
8b8aace50688646d1aec128b,data/FAKE/sp_0004_part_001.flac,sp_0004_part_001,.flac,1,FAKE,105768,a8d2ce53f761f68f50f361c7ce92a00279ec90986f497078cdd37ce8dc4e48aa,16000,2.640000000,1,UNKNOWN,UNKNOWN,UNKNOWN,UNKNOWN,UNKNOWN,sha256:a8d2ce53f761f68f50f361c7ce92a00279ec90986f497078cdd37ce8dc4e48aa,5656fdd194861fa313e1766e,DUPLICATE_EXCLUDED,False,same-label byte duplicate; canonical member retained
73eb777f5ff1468c8512e71d,data/FAKE/sp_0004_part_002.flac,sp_0004_part_002,.flac,1,FAKE,108599,f56eb6279587835e63c61b5657dee4273e4580187d94100af1dcead8fa7df5e7,16000,2.790000000,1,UNKNOWN,UNKNOWN,UNKNOWN,UNKNOWN,UNKNOWN,sha256:f56eb6279587835e63c61b5657dee4273e4580187d94100af1dcead8fa7df5e7,ea936f6a039188f38c134266,DUPLICATE_EXCLUDED,False,same-label byte duplicate; canonical member retained
159c46412a703e4c3dd5ada0,data/FAKE/sp_0004_part_003.flac,sp_0004_part_003,.flac,1,FAKE,126715,ae394fde9096cee409c96811e4026895a50557f9cdedd1a45e0ec3ddfbc4f8f5,16000,3.205000000,1,UNKNOWN,UNKNOWN,UNKNOWN,UNKNOWN,UNKNOWN,sha256:ae394fde9096cee409c96811e4026895a50557f9cdedd1a45e0ec3ddfbc4f8f5,3416951cdf50aba03422167f,DUPLICATE_EXCLUDED,False,same-label byte duplicate; canonical member retained
416a18ddada3fe80bfa920b1,data/FAKE/sp_0004_part_004.flac,sp_0004_part_004,.flac,1,FAKE,108231,f2457ce3fbb958f6bc057d2ee3aaee4bbc858a8e5dece2a2d1d99714abe946a2,16000,2.728000000,1,UNKNOWN,UNKNOWN,UNKNOWN,UNKNOWN,UNKNOWN,sha256:f2457ce3fbb958f6bc057d2ee3aaee4bbc858a8e5dece2a2d1d99714abe946a2,5a76bde1d9532beee9b40590,DUPLICATE_EXCLUDED,False,same-label byte duplicate; canonical member retained
fdfe341e0c3b54a17e2d2b85,data/FAKE/sp_0004_part_005.flac,sp_0004_part_005,.flac,1,FAKE,105294,9d8ce3ec595e52a6a1ba24bee88befd2943cf8ceefbc181204f325902c628e91,16000,2.619000000,1,UNKNOWN,UNKNOWN,UNKNOWN,UNKNOWN,UNKNOWN,sha256:9d8ce3ec595e52a6a1ba24bee88befd2943cf8ceefbc181204f325902c628e91,37e45dfa5e7d92e7d62605e9,DUPLICATE_EXCLUDED,False,same-label byte duplicate; canonical member retained
af3bdf5251aaa500777ce500,data/FAKE/sp_0004_part_006.flac,sp_0004_part_006,.flac,1,FAKE,115358,3ebcc7a45c1bf1d7a544a55a6ede04500284419e1897a8657e21d578b9160b0a,16000,2.917000000,1,UNKNOWN,UNKNOWN,UNKNOWN,UNKNOWN,UNKNOWN,sha256:3ebcc7a45c1bf1d7a544a55a6ede04500284419e1897a8657e21d578b9160b0a,918315b9742eafecfefdfc7d,DUPLICATE_EXCLUDED,False,same-label byte duplicate; canonical member retained
b5b2bbe52f7e2cbfa1ef71f1,data/FAKE/sp_0004_part_007.flac,sp_0004_part_007,.flac,1,FAKE,104739,073a5f719c7e6988e9dfef486215aad46b919832f235bc7ff0fdb8d282a77475,16000,2.534000000,1,UNKNOWN,UNKNOWN,UNKNOWN,UNKNOWN,UNKNOWN,sha256:073a5f719c7e6988e9dfef486215aad46b919832f235bc7ff0fdb8d282a77475,46432b2329d4d8aeae454dba,DUPLICATE_EXCLUDED,False,same-label byte duplicate; canonical member retained
4747f70e9d587f47215f4e48,data/FAKE/sp_0004_part_008.flac,sp_0004_part_008,.flac,1,FAKE,182694,18318603833f5620ebb918a2b0b8dd1e7c926e85ec311786dbfc512e03f12794,16000,4.801000000,1,UNKNOWN,UNKNOWN,UNKNOWN,UNKNOWN,UNKNOWN,sha256:18318603833f5620ebb918a2b0b8dd1e7c926e85ec311786dbfc512e03f12794,5e28603120843ee163c41730,DUPLICATE_EXCLUDED,False,same-label byte duplicate; canonical member retained
f79ecf79a3e21e294a012a1d,data/FAKE/sp_0004_part_009.flac,sp_0004_part_009,.flac,1,FAKE,155036,88c10822b0a7ffd66e545e0ce3295a571969d58808e6549d15fd296569065d73,16000,4.179000000,1,UNKNOWN,UNKNOWN,UNKNOWN,UNKNOWN,UNKNOWN,sha256:88c10822b0a7ffd66e545e0ce3295a571969d58808e6549d15fd296569065d73,0899cf09f6d50c7d88ac7f41,DUPLICATE_EXCLUDED,False,same-label byte duplicate; canonical member retained
587b9ddd703477ccb9b1f928,data/FAKE/sp_0004_part_010.flac,sp_0004_part_010,.flac,1,FAKE,109301,094cc096001839b5e46ee327a200d38a38cf6ac5c801e415fefcdaca5c2a88b0,16000,2.830000000,1,UNKNOWN,UNKNOWN,UNKNOWN,UNKNOWN,UNKNOWN,sha256:094cc096001839b5e46ee327a200d38a38cf6ac5c801e415fefcdaca5c2a88b0,827455eebb8ce032082677b9,DUPLICATE_EXCLUDED,False,same-label byte duplicate; canonical member retained
2be6f8412043ea96a76510cd,data/FAKE/sp_0004_part_011.flac,sp_0004_part_011,.flac,1,FAKE,117373,c9f862886fe0611d46d5f0ebe3d025110be0334d86c0747ac720144b8143a8a4,16000,3.082000000,1,UNKNOWN,UNKNOWN,UNKNOWN,UNKNOWN,UNKNOWN,sha256:c9f862886fe0611d46d5f0ebe3d025110be0334d86c0747ac720144b8143a8a4,b4eb79eb0587e17a2fb341fb,DUPLICATE_EXCLUDED,False,same-label byte duplicate; canonical member retained
c43aedb1c898a32540905f20,data/FAKE/sp_0004_part_012.flac,sp_0004_part_012,.flac,1,FAKE,117026,4d39116f0d02827b8848d0363db34fee4389325f8801c6667d768de21487e354,16000,3.093000000,1,UNKNOWN,UNKNOWN,UNKNOWN,UNKNOWN,UNKNOWN,sha256:4d39116f0d02827b8848d0363db34fee4389325f8801c6667d768de21487e354,c1dccb97ff7187450ef626be,DUPLICATE_EXCLUDED,False,same-label byte duplicate; canonical member retained
a0fa0d4f0409b3acc1fac93d,data/FAKE/sp_0004_part_013.flac,sp_0004_part_013,.flac,1,FAKE,138295,b6616c4d2706bdd4e4902ff5a45a569ca7816e2ee80cb36116805907212b77a0,16000,3.676000000,1,UNKNOWN,UNKNOWN,UNKNOWN,UNKNOWN,UNKNOWN,sha256:b6616c4d2706bdd4e4902ff5a45a569ca7816e2ee80cb36116805907212b77a0,3d2ac7e3ebebe126363309c1,DUPLICATE_EXCLUDED,False,same-label byte duplicate; canonical member retained
a7a3c7266539da49ddb0ad7a,data/FAKE/sp_0004_part_014.flac,sp_0004_part_014,.flac,1,FAKE,189948,6132033929c51b7494ae54cfa59d4ea1e631bb9780607723c60f2f38ed9a6d59,16000,5.139000000,1,UNKNOWN,UNKNOWN,UNKNOWN,UNKNOWN,UNKNOWN,sha256:6132033929c51b7494ae54cfa59d4ea1e631bb9780607723c60f2f38ed9a6d59,44a74a74da37057b2cba078f,DUPLICATE_EXCLUDED,False,same-label byte duplicate; canonical member retained
631558a6d3b9714e2c365763,data/FAKE/sp_0004_part_015.flac,sp_0004_part_015,.flac,1,FAKE,214671,45a77bc76de21a436678f6c0a44ea1f23f0bedf878e73985f0e6bc1d226ad069,16000,5.735000000,1,UNKNOWN,UNKNOWN,UNKNOWN,UNKNOWN,UNKNOWN,sha256:45a77bc76de21a436678f6c0a44ea1f23f0bedf878e73985f0e6bc1d226ad069,2de878540651d0a4d03e4a19,DUPLICATE_EXCLUDED,False,same-label byte duplicate; canonical member retained
3671fd7ce1c253163ac11034,data/FAKE/sp_0004_part_016.flac,sp_0004_part_016,.flac,1,FAKE,266106,55fe58496c7045d792a91c9373cabf66596d6cab8dbeb87a8573c4b2c67b9b9f,16000,7.224000000,1,UNKNOWN,UNKNOWN,UNKNOWN,UNKNOWN,UNKNOWN,sha256:55fe58496c7045d792a91c9373cabf66596d6cab8dbeb87a8573c4b2c67b9b9f,bcc04c01b8dea54425d568e3,DUPLICATE_EXCLUDED,False,same-label byte duplicate; canonical member retained
8c58fc6f6f66b71a1575ad0e,data/FAKE/sp_0004_part_017.flac,sp_0004_part_017,.flac,1,FAKE,108916,d6b247c3bf2e0d697a643a731293f799e35021ddacc517d928b688994b01202d,16000,2.826000000,1,UNKNOWN,UNKNOWN,UNKNOWN,UNKNOWN,UNKNOWN,sha256:d6b247c3bf2e0d697a643a731293f799e35021ddacc517d928b688994b01202d,c60fb94edacfb1c7c874ce18,DUPLICATE_EXCLUDED,False,same-label byte duplicate; canonical member retained
2e31c357a86eb46f738adb01,data/FAKE/sp_0004_part_018.flac,sp_0004_part_018,.flac,1,FAKE,116821,bb47868b1fc4cda432081ebb96b3ed530338cfd7976369268c98d925449cc7f2,16000,3.053000000,1,UNKNOWN,UNKNOWN,UNKNOWN,UNKNOWN,UNKNOWN,sha256:bb47868b1fc4cda432081ebb96b3ed530338cfd7976369268c98d925449cc7f2,3ce23f5e9688b62fd0cef153,DUPLICATE_EXCLUDED,False,same-label byte duplicate; canonical member retained
0e06a7f56481101e68f01130,data/FAKE/sp_0004_part_019.flac,sp_0004_part_019,.flac,1,FAKE,117692,3f76552a5cca1e172b4dd01d0764a4603a1318bb04de7d740cb1773a917f913e,16000,3.166000000,1,UNKNOWN,UNKNOWN,UNKNOWN,UNKNOWN,UNKNOWN,sha256:3f76552a5cca1e172b4dd01d0764a4603a1318bb04de7d740cb1773a917f913e,d42664b930d0bcd6a8d6db27,DUPLICATE_EXCLUDED,False,same-label byte duplicate; canonical member retained
52c8ea10245a3e3d6314d733,data/FAKE/sp_0004_part_020.flac,sp_0004_part_020,.flac,1,FAKE,104698,053e81cc8742318f852ed654b3dc56f27233fb2d19792c191cc5b2204dce9d74,16000,2.723000000,1,UNKNOWN,UNKNOWN,UNKNOWN,UNKNOWN,UNKNOWN,sha256:053e81cc8742318f852ed654b3dc56f27233fb2d19792c191cc5b2204dce9d74,08259fdf52320fa753898c15,DUPLICATE_EXCLUDED,False,same-label byte duplicate; canonical member retained
eadbd5a8b58ea98f0a6fb58d,data/FAKE/sp_0005_c_part_004.flac,sp_0005_c_part_004,.flac,1,FAKE,106545,bc1298d269e9ee8deec05139ddd697be262757188dd49a9b8f7ce8f3c197cbfc,16000,3.007000000,1,UNKNOWN,UNKNOWN,UNKNOWN,UNKNOWN,UNKNOWN,sha256:bc1298d269e9ee8deec05139ddd697be262757188dd49a9b8f7ce8f3c197cbfc,744d2618565a3b98855e78bc,DUPLICATE_EXCLUDED,False,same-label byte duplicate; canonical member retained
c1e25d159d5a6eb1c3a5b7ea,data/FAKE/sp_0005_c_part_005.flac,sp_0005_c_part_005,.flac,1,FAKE,159604,604aa2f141a1a317f4784603c9fa60452ee7d355b0f2be490069e97ef5e345bd,16000,4.407000000,1,UNKNOWN,UNKNOWN,UNKNOWN,UNKNOWN,UNKNOWN,sha256:604aa2f141a1a317f4784603c9fa60452ee7d355b0f2be490069e97ef5e345bd,7585e43e2873ef3718447e8e,DUPLICATE_EXCLUDED,False,same-label byte duplicate; canonical member retained
693521b8d44381f4fbde0121,data/FAKE/sp_0005_c_part_006.flac,sp_0005_c_part_006,.flac,1,FAKE,119444,4f706f4364fe73ee7d20813848d25e592f7109b63103d8692cde2073dbbcb68d,16000,3.375000000,1,UNKNOWN,UNKNOWN,UNKNOWN,UNKNOWN,UNKNOWN,sha256:4f706f4364fe73ee7d20813848d25e592f7109b63103d8692cde2073dbbcb68d,f871958f011390eec12ec22e,DUPLICATE_EXCLUDED,False,same-label byte duplicate; canonical member retained
e5ce40fb592bf29bb9f6f2e8,data/FAKE/sp_0005_c_part_007.flac,sp_0005_c_part_007,.flac,1,FAKE,117785,12945928d564459ef9d7e9eb782377e07b42f1e0a38ba9a2c67219cc0fd80e4d,16000,3.279000000,1,UNKNOWN,UNKNOWN,UNKNOWN,UNKNOWN,UNKNOWN,sha256:12945928d564459ef9d7e9eb782377e07b42f1e0a38ba9a2c67219cc0fd80e4d,3f2a1621475bfef398e9dd91,DUPLICATE_EXCLUDED,False,same-label byte duplicate; canonical member retained
9b8bea638fad3649eff52669,data/FAKE/sp_0005_c_part_008.flac,sp_0005_c_part_008,.flac,1,FAKE,120803,cb2a1c01f94486eb05aac044ae629aa34cd252b2151b798e84d2d67406f5b410,16000,3.432000000,1,UNKNOWN,UNKNOWN,UNKNOWN,UNKNOWN,UNKNOWN,sha256:cb2a1c01f94486eb05aac044ae629aa34cd252b2151b798e84d2d67406f5b410,3d9f632209152a5e7f056b51,DUPLICATE_EXCLUDED,False,same-label byte duplicate; canonical member retained
11dee80a3842d1a78cf17fc4,data/FAKE/sp_0005_c_part_009.flac,sp_0005_c_part_009,.flac,1,FAKE,106785,59cdbf90fb4d6e7c2b61bbd006ebf19f335f6c178dc07e59cd3c87e8d3467f76,16000,2.949000000,1,UNKNOWN,UNKNOWN,UNKNOWN,UNKNOWN,UNKNOWN,sha256:59cdbf90fb4d6e7c2b61bbd006ebf19f335f6c178dc07e59cd3c87e8d3467f76,0abca31d67a1764c15de146d,DUPLICATE_EXCLUDED,False,same-label byte duplicate; canonical member retained
c3be233be48b47c388ae15a2,data/FAKE/sp_0005_c_part_010.flac,sp_0005_c_part_010,.flac,1,FAKE,137590,0f53ad34dd6feceb4b8747b67a1d75189d6936dfaf2c2b73717ee0c0ff4b4e5b,16000,3.988000000,1,UNKNOWN,UNKNOWN,UNKNOWN,UNKNOWN,UNKNOWN,sha256:0f53ad34dd6feceb4b8747b67a1d75189d6936dfaf2c2b73717ee0c0ff4b4e5b,7c6ef29f83f2379ae2b8c31b,DUPLICATE_EXCLUDED,False,same-label byte duplicate; canonical member retained
09f7a91e7a4b75ea075b06f1,data/FAKE/sp_0005_c_part_011.flac,sp_0005_c_part_011,.flac,1,FAKE,120739,9c0058e74f247678264d6f2c940fc7047bba0a93d8757e8e1d6448cb6bc64e74,16000,3.477000000,1,UNKNOWN,UNKNOWN,UNKNOWN,UNKNOWN,UNKNOWN,sha256:9c0058e74f247678264d6f2c940fc7047bba0a93d8757e8e1d6448cb6bc64e74,5ad90033272e90d978c6010f,DUPLICATE_EXCLUDED,False,same-label byte duplicate; canonical member retained
032ecfcc0da4389380bbb874,data/FAKE/sp_0005_c_part_016.flac,sp_0005_c_part_016,.flac,1,FAKE,130989,fece41f033b6164f03dd72b29d61a27fcea7a9fee6450afda8a8b6a90520e7d9,16000,3.471000000,1,UNKNOWN,UNKNOWN,UNKNOWN,UNKNOWN,UNKNOWN,sha256:fece41f033b6164f03dd72b29d61a27fcea7a9fee6450afda8a8b6a90520e7d9,e3efb76b948f673b60131153,DUPLICATE_EXCLUDED,False,same-label byte duplicate; canonical member retained
a440ae98f0174bc98bf1a180,data/FAKE/sp_0005_c_part_017.flac,sp_0005_c_part_017,.flac,1,FAKE,108781,0ddeb92572468d086f46d6384eae9070dfb0ca15cccc3e5b057a4e481dd127f8,16000,2.827000000,1,UNKNOWN,UNKNOWN,UNKNOWN,UNKNOWN,UNKNOWN,sha256:0ddeb92572468d086f46d6384eae9070dfb0ca15cccc3e5b057a4e481dd127f8,557f385cc6254cfda9574f52,DUPLICATE_EXCLUDED,False,same-label byte duplicate; canonical member retained
525c0857dd55251b0cd6c926,data/FAKE/sp_0005_c_part_018.flac,sp_0005_c_part_018,.flac,1,FAKE,116796,97081b68d35b5d77a28dcab9380a080fcd6086389e20a35b5d579e906e6dac70,16000,3.113000000,1,UNKNOWN,UNKNOWN,UNKNOWN,UNKNOWN,UNKNOWN,sha256:97081b68d35b5d77a28dcab9380a080fcd6086389e20a35b5d579e906e6dac70,dc50cd13635244cedf5b8320,DUPLICATE_EXCLUDED,False,same-label byte duplicate; canonical member retained
3059bac03f83ce48c214e74e,data/FAKE/sp_0005_c_part_019.flac,sp_0005_c_part_019,.flac,1,FAKE,96984,e9c03063b606b711e9189bf0619d0cc3f4ada67b517769cd2915834410ed6f52,16000,2.601000000,1,UNKNOWN,UNKNOWN,UNKNOWN,UNKNOWN,UNKNOWN,sha256:e9c03063b606b711e9189bf0619d0cc3f4ada67b517769cd2915834410ed6f52,32700c75b6e5a8ff222dde80,DUPLICATE_EXCLUDED,False,same-label byte duplicate; canonical member retained
b1ab3d3aae102edfb11155c2,data/FAKE/sp_0005_c_part_020.flac,sp_0005_c_part_020,.flac,1,FAKE,124240,6334044e1b8278d8854d6e398afe3ec3daa36fe3f7d4737d61ce45a4f7570d43,16000,3.360000000,1,UNKNOWN,UNKNOWN,UNKNOWN,UNKNOWN,UNKNOWN,sha256:6334044e1b8278d8854d6e398afe3ec3daa36fe3f7d4737d61ce45a4f7570d43,278ef6fb4b3cc9de4902124b,DUPLICATE_EXCLUDED,False,same-label byte duplicate; canonical member retained
591cc84e4ce46268aea15506,data/FAKE/sp_0005_c_part_021.flac,sp_0005_c_part_021,.flac,1,FAKE,122377,4bc3755e2351836dfb1140c2cc4b6fdc2cd0d21a91ed4d4661dbb793091e7e65,16000,3.395000000,1,UNKNOWN,UNKNOWN,UNKNOWN,UNKNOWN,UNKNOWN,sha256:4bc3755e2351836dfb1140c2cc4b6fdc2cd0d21a91ed4d4661dbb793091e7e65,bd2d96a40a13a17b86483ce6,DUPLICATE_EXCLUDED,False,same-label byte duplicate; canonical member retained
81a4a7b48459483337266e1a,data/FAKE/sp_0005_c_part_022.flac,sp_0005_c_part_022,.flac,1,FAKE,123234,946eeac7c9b0e768073b561fbf73d965174c0a0940460931adf5c6cccad801c2,16000,3.255000000,1,UNKNOWN,UNKNOWN,UNKNOWN,UNKNOWN,UNKNOWN,sha256:946eeac7c9b0e768073b561fbf73d965174c0a0940460931adf5c6cccad801c2,d1557d3066b01c25a4d623fe,DUPLICATE_EXCLUDED,False,same-label byte duplicate; canonical member retained
1b240125ef17ff0592734c75,data/FAKE/sp_0005_c_part_023.flac,sp_0005_c_part_023,.flac,1,FAKE,140027,26552623bfc6281c2c77aad0252c0d60e1d00ae1a3e1de141c46f5f0992c7aca,16000,3.778000000,1,UNKNOWN,UNKNOWN,UNKNOWN,UNKNOWN,UNKNOWN,sha256:26552623bfc6281c2c77aad0252c0d60e1d00ae1a3e1de141c46f5f0992c7aca,f6424c5133ce9dbabe7e7fff,DUPLICATE_EXCLUDED,False,same-label byte duplicate; canonical member retained
b7090b36aa8aa4bf37dbb03a,data/FAKE/sp_0005_c_part_024.flac,sp_0005_c_part_024,.flac,1,FAKE,156124,eafebc17aa664d2d289ea07b76f5f9cc2b5e1ab8264cfdec8fe450ba16e61523,16000,4.215000000,1,UNKNOWN,UNKNOWN,UNKNOWN,UNKNOWN,UNKNOWN,sha256:eafebc17aa664d2d289ea07b76f5f9cc2b5e1ab8264cfdec8fe450ba16e61523,3a44a42d8288aa4887c6240a,DUPLICATE_EXCLUDED,False,same-label byte duplicate; canonical member retained
2d9d710fc35705c69c07e17b,data/FAKE/sp_0005_c_part_025.flac,sp_0005_c_part_025,.flac,1,FAKE,120220,a776bd1da4d80d6ea336714dc0cf832e6275e92d0b94dac01eed035dbec41277,16000,3.229000000,1,UNKNOWN,UNKNOWN,UNKNOWN,UNKNOWN,UNKNOWN,sha256:a776bd1da4d80d6ea336714dc0cf832e6275e92d0b94dac01eed035dbec41277,9785dd9476b79b1a5ec6ee50,DUPLICATE_EXCLUDED,False,same-label byte duplicate; canonical member retained
69d3b9337e3f9117d448acc7,data/FAKE/sp_0005_c_part_026.flac,sp_0005_c_part_026,.flac,1,FAKE,110048,28efb2e2dd8d37c3cf5d137db0766617f895c9acc9e3ac4af59e7fa7c33cb307,16000,2.878000000,1,UNKNOWN,UNKNOWN,UNKNOWN,UNKNOWN,UNKNOWN,sha256:28efb2e2dd8d37c3cf5d137db0766617f895c9acc9e3ac4af59e7fa7c33cb307,68390b7af8a1540811fdb788,DUPLICATE_EXCLUDED,False,same-label byte duplicate; canonical member retained
604986dc3c6adf4c683ed003,data/FAKE/sp_0005_c_part_027.flac,sp_0005_c_part_027,.flac,1,FAKE,148609,58f756fe8acbaf0b40c0d58a0d666f3c72881b693ef8826dd496c5b93b3d3ef9,16000,3.963000000,1,UNKNOWN,UNKNOWN,UNKNOWN,UNKNOWN,UNKNOWN,sha256:58f756fe8acbaf0b40c0d58a0d666f3c72881b693ef8826dd496c5b93b3d3ef9,e7afbecc4f2f98501e6caeaa,DUPLICATE_EXCLUDED,False,same-label byte duplicate; canonical member retained
d51fd36af12313b76e607c6c,data/FAKE/sp_0005_c_part_028.flac,sp_0005_c_part_028,.flac,1,FAKE,113659,3d456cbe83791e3e24169f37008d6213cda6bbe7776156cbdc403637ebc06a71,16000,2.961000000,1,UNKNOWN,UNKNOWN,UNKNOWN,UNKNOWN,UNKNOWN,sha256:3d456cbe83791e3e24169f37008d6213cda6bbe7776156cbdc403637ebc06a71,0cd663f2a6e05e7f73124304,DUPLICATE_EXCLUDED,False,same-label byte duplicate; canonical member retained
194e7aec5e3230f078d055ff,data/FAKE/sp_0005_c_part_029.flac,sp_0005_c_part_029,.flac,1,FAKE,128757,c69af3388d9456b20e5c0ca3d7eb49bf31631da93e07f96365a987f4d947eaf9,16000,3.399000000,1,UNKNOWN,UNKNOWN,UNKNOWN,UNKNOWN,UNKNOWN,sha256:c69af3388d9456b20e5c0ca3d7eb49bf31631da93e07f96365a987f4d947eaf9,3b78adf070b8ccffb7b8f65c,DUPLICATE_EXCLUDED,False,same-label byte duplicate; canonical member retained
0e1471b985d643f4eb99bf07,data/FAKE/sp_0005_part_001.flac,sp_0005_part_001,.flac,1,FAKE,225361,edb30a336a1dc2a023b3f9f2a50680fe97175ccee1aba83aea45e3cd14b2041f,16000,6.304000000,1,UNKNOWN,UNKNOWN,UNKNOWN,UNKNOWN,UNKNOWN,sha256:edb30a336a1dc2a023b3f9f2a50680fe97175ccee1aba83aea45e3cd14b2041f,8d056cb9ad20ad041179513d,DUPLICATE_EXCLUDED,False,same-label byte duplicate; canonical member retained
89dee038c8350ba079e17a12,data/FAKE/sp_0005_part_002.flac,sp_0005_part_002,.flac,1,FAKE,183921,1dd27024ea8067768a5fdc5f9f00deb7181c401515fbd0cd851f9c59a728e489,16000,5.046000000,1,UNKNOWN,UNKNOWN,UNKNOWN,UNKNOWN,UNKNOWN,sha256:1dd27024ea8067768a5fdc5f9f00deb7181c401515fbd0cd851f9c59a728e489,1e3f9cb2be22f27ad729315f,DUPLICATE_EXCLUDED,False,same-label byte duplicate; canonical member retained
712eca36a1fea777930ed0cd,data/FAKE/sp_0005_part_003.flac,sp_0005_part_003,.flac,1,FAKE,94451,2add4b251df0fe00b8925e4fc580a404694c1b8916352265c7271b0352e12a86,16000,2.505000000,1,UNKNOWN,UNKNOWN,UNKNOWN,UNKNOWN,UNKNOWN,sha256:2add4b251df0fe00b8925e4fc580a404694c1b8916352265c7271b0352e12a86,feb55564243e2bdcf2feca18,DUPLICATE_EXCLUDED,False,same-label byte duplicate; canonical member retained
17440b449e535a2cd4f81cfc,data/FAKE/sp_0005_part_004.flac,sp_0005_part_004,.flac,1,FAKE,157627,022c075e030476187791441fad3f99d728a8bbf1bc5844dbca706d5dad62e203,16000,4.190000000,1,UNKNOWN,UNKNOWN,UNKNOWN,UNKNOWN,UNKNOWN,sha256:022c075e030476187791441fad3f99d728a8bbf1bc5844dbca706d5dad62e203,ae6e354360205bc4db9ad8c3,DUPLICATE_EXCLUDED,False,same-label byte duplicate; canonical member retained
be28f6b247966a208230c46c,data/FAKE/sp_0005_part_005.flac,sp_0005_part_005,.flac,1,FAKE,138349,56c7af26d3eb0785298de22b7484f343caf9e91db0f12f19591158c3878200aa,16000,3.677000000,1,UNKNOWN,UNKNOWN,UNKNOWN,UNKNOWN,UNKNOWN,sha256:56c7af26d3eb0785298de22b7484f343caf9e91db0f12f19591158c3878200aa,8c5f8141f10ef95d7e1c4177,DUPLICATE_EXCLUDED,False,same-label byte duplicate; canonical member retained
01201001b4c0e41a66c8cf2c,data/FAKE/sp_0005_part_006.flac,sp_0005_part_006,.flac,1,FAKE,100788,3ea99b30be80824b74a006cae1875bbfb3a3ca8390759e97143fb1f871a6c44f,16000,2.635000000,1,UNKNOWN,UNKNOWN,UNKNOWN,UNKNOWN,UNKNOWN,sha256:3ea99b30be80824b74a006cae1875bbfb3a3ca8390759e97143fb1f871a6c44f,aac027ddcf075a4de40f1ba9,DUPLICATE_EXCLUDED,False,same-label byte duplicate; canonical member retained
e737035e89b9ca68fdafd0f5,data/FAKE/sp_0005_part_007.flac,sp_0005_part_007,.flac,1,FAKE,113761,53b1a4f8d636ea349b182a71d149b2bb0fa123a269718ecc977403958274b6d3,16000,2.974000000,1,UNKNOWN,UNKNOWN,UNKNOWN,UNKNOWN,UNKNOWN,sha256:53b1a4f8d636ea349b182a71d149b2bb0fa123a269718ecc977403958274b6d3,5c58c94f1978ca636901033a,DUPLICATE_EXCLUDED,False,same-label byte duplicate; canonical member retained
ff9c497310f5998a36bcc17c,data/FAKE/sp_0005_part_008.flac,sp_0005_part_008,.flac,1,FAKE,108323,847cdeb74eeda2bd168a3bd2cfa64f929fcea7cd33efe2d8f109ff814fa2caa1,16000,2.872000000,1,UNKNOWN,UNKNOWN,UNKNOWN,UNKNOWN,UNKNOWN,sha256:847cdeb74eeda2bd168a3bd2cfa64f929fcea7cd33efe2d8f109ff814fa2caa1,e4fb27b3385aacece779ed08,DUPLICATE_EXCLUDED,False,same-label byte duplicate; canonical member retained
5b8f757a77b19014b84723de,data/FAKE/sp_0005_part_009.flac,sp_0005_part_009,.flac,1,FAKE,181040,ebdfe0944c9edebafbabc914462c38bdc58176dab3597e741968e4eb5ffa9f8e,16000,4.862000000,1,UNKNOWN,UNKNOWN,UNKNOWN,UNKNOWN,UNKNOWN,sha256:ebdfe0944c9edebafbabc914462c38bdc58176dab3597e741968e4eb5ffa9f8e,0c0e27f5287c0daf37738b52,DUPLICATE_EXCLUDED,False,same-label byte duplicate; canonical member retained
626c4296a10b84626be8c003,data/FAKE/sp_0005_part_010.flac,sp_0005_part_010,.flac,1,FAKE,205321,3022bbf2b2ef3c8b95034fa9bac9848ad0f201ddce76e4710e7cb3b93c0acf6a,16000,5.486000000,1,UNKNOWN,UNKNOWN,UNKNOWN,UNKNOWN,UNKNOWN,sha256:3022bbf2b2ef3c8b95034fa9bac9848ad0f201ddce76e4710e7cb3b93c0acf6a,897b900e0029fe8ca2c0a72b,DUPLICATE_EXCLUDED,False,same-label byte duplicate; canonical member retained
0209ac950a0b433a2907bdc0,data/FAKE/sp_0005_part_011.flac,sp_0005_part_011,.flac,1,FAKE,126837,738b212319d02d2c50260e46e831fe2f5f295415ae14f0916c5ad877dc741bfd,16000,3.363000000,1,UNKNOWN,UNKNOWN,UNKNOWN,UNKNOWN,UNKNOWN,sha256:738b212319d02d2c50260e46e831fe2f5f295415ae14f0916c5ad877dc741bfd,eb2e596065a4febc7c58ba8e,DUPLICATE_EXCLUDED,False,same-label byte duplicate; canonical member retained
cd9f1bf6bb4998d99270c447,data/FAKE/sp_0005_part_012.flac,sp_0005_part_012,.flac,1,FAKE,118959,734b18e4b9457b21081b84128a37e080cc7a70658b9e8bacfe90ba0e83ff7104,16000,2.997000000,1,UNKNOWN,UNKNOWN,UNKNOWN,UNKNOWN,UNKNOWN,sha256:734b18e4b9457b21081b84128a37e080cc7a70658b9e8bacfe90ba0e83ff7104,3ef8c520850b1cb713a18229,DUPLICATE_EXCLUDED,False,same-label byte duplicate; canonical member retained
a2f706264b088e668d627986,data/FAKE/sp_0005_part_013.flac,sp_0005_part_013,.flac,1,FAKE,160302,be9fab8378a6d053b5e589e5e239e25cfb868eb2f41fdf3abf7a79221ead9793,16000,4.347000000,1,UNKNOWN,UNKNOWN,UNKNOWN,UNKNOWN,UNKNOWN,sha256:be9fab8378a6d053b5e589e5e239e25cfb868eb2f41fdf3abf7a79221ead9793,a4a709424858f3000e1463fc,DUPLICATE_EXCLUDED,False,same-label byte duplicate; canonical member retained
e7baed74a9e6233348a4cf4f,data/FAKE/sp_0005_part_014.flac,sp_0005_part_014,.flac,1,FAKE,106885,2658ddba1c4d8fab61a91c7da02b60751970e6f84df08fc53e636116106a8414,16000,2.728000000,1,UNKNOWN,UNKNOWN,UNKNOWN,UNKNOWN,UNKNOWN,sha256:2658ddba1c4d8fab61a91c7da02b60751970e6f84df08fc53e636116106a8414,1f152590548723c0dbc44b0a,DUPLICATE_EXCLUDED,False,same-label byte duplicate; canonical member retained
ea91bbe46377ce914102cf58,data/FAKE/sp_0005_part_015.flac,sp_0005_part_015,.flac,1,FAKE,217599,89fddb39a2c366dab0efcb3ff33fa5ac78756bf6b5db3cac616a212cc97ed244,16000,5.927000000,1,UNKNOWN,UNKNOWN,UNKNOWN,UNKNOWN,UNKNOWN,sha256:89fddb39a2c366dab0efcb3ff33fa5ac78756bf6b5db3cac616a212cc97ed244,afaee0449277c5de4ac0f6ff,DUPLICATE_EXCLUDED,False,same-label byte duplicate; canonical member retained
b1daea852585c41291ca86b9,data/FAKE/sp_0006_c_part_006.flac,sp_0006_c_part_006,.flac,1,FAKE,140925,c4debec78d20c4f7ddab69fbbdb7e939fca3daea609b7ff3ed8458336337c705,16000,3.916000000,1,UNKNOWN,UNKNOWN,UNKNOWN,UNKNOWN,UNKNOWN,sha256:c4debec78d20c4f7ddab69fbbdb7e939fca3daea609b7ff3ed8458336337c705,345b024680839366890c5fba,DUPLICATE_EXCLUDED,False,same-label byte duplicate; canonical member retained
a578cb8ef9b43a05087c0e5b,data/FAKE/sp_0006_c_part_021.flac,sp_0006_c_part_021,.flac,1,FAKE,124707,0f093a8a027b83c55d48cd004af32c01290692b52529c89b2445878efc22167a,16000,3.286000000,1,UNKNOWN,UNKNOWN,UNKNOWN,UNKNOWN,UNKNOWN,sha256:0f093a8a027b83c55d48cd004af32c01290692b52529c89b2445878efc22167a,74f2ad505e398f7bbd8a7ae8,DUPLICATE_EXCLUDED,False,same-label byte duplicate; canonical member retained
d4a63136979d2011ea7e2f34,data/FAKE/sp_0006_c_part_022.flac,sp_0006_c_part_022,.flac,1,FAKE,111028,c665960dacbd74d9c71c4a46bd01f474699a8221407d5d0a39b92f172adc731b,16000,2.925000000,1,UNKNOWN,UNKNOWN,UNKNOWN,UNKNOWN,UNKNOWN,sha256:c665960dacbd74d9c71c4a46bd01f474699a8221407d5d0a39b92f172adc731b,93910c2ed0c1fae908553b91,DUPLICATE_EXCLUDED,False,same-label byte duplicate; canonical member retained
0008314cffe4c207b444aac8,data/FAKE/sp_0006_c_part_023.flac,sp_0006_c_part_023,.flac,1,FAKE,113968,530b5729e850eabb206317c5cb70050fe7470bb2868ae7002bb0c4abc1479033,16000,2.987000000,1,UNKNOWN,UNKNOWN,UNKNOWN,UNKNOWN,UNKNOWN,sha256:530b5729e850eabb206317c5cb70050fe7470bb2868ae7002bb0c4abc1479033,3c60c8fe657fdad3688b8a91,DUPLICATE_EXCLUDED,False,same-label byte duplicate; canonical member retained
70cba573ccee19dd33e22bc5,data/FAKE/sp_0006_c_part_024.flac,sp_0006_c_part_024,.flac,1,FAKE,134954,bb07db51fc989cd3ca041230cf1f6f6339eb0ec91dc54916cebad1f397971b7d,16000,3.556000000,1,UNKNOWN,UNKNOWN,UNKNOWN,UNKNOWN,UNKNOWN,sha256:bb07db51fc989cd3ca041230cf1f6f6339eb0ec91dc54916cebad1f397971b7d,4cc3d0228dc1e319f35c0286,DUPLICATE_EXCLUDED,False,same-label byte duplicate; canonical member retained
33416c13306b7a3000c9e6f7,data/FAKE/sp_0006_c_part_025.flac,sp_0006_c_part_025,.flac,1,FAKE,158303,9fa12476f6f9c57e90b0b4156ded1e44a77b105b10ea73355ae1c2137ea89860,16000,4.254000000,1,UNKNOWN,UNKNOWN,UNKNOWN,UNKNOWN,UNKNOWN,sha256:9fa12476f6f9c57e90b0b4156ded1e44a77b105b10ea73355ae1c2137ea89860,b7deef0253ad9a3ee3d7baf8,DUPLICATE_EXCLUDED,False,same-label byte duplicate; canonical member retained
191e51a52c61348bd09e557f,data/FAKE/sp_0006_part_001.flac,sp_0006_part_001,.flac,1,FAKE,162688,eec5259ec8f32806c6ced692ef801b596771df51c016258c6a6dabfe1210e854,16000,4.326000000,1,UNKNOWN,UNKNOWN,UNKNOWN,UNKNOWN,UNKNOWN,sha256:eec5259ec8f32806c6ced692ef801b596771df51c016258c6a6dabfe1210e854,3b86257a07d5270f98eb1ded,DUPLICATE_EXCLUDED,False,same-label byte duplicate; canonical member retained
0e610c2c41d11158e026f504,data/FAKE/sp_0006_part_002.flac,sp_0006_part_002,.flac,1,FAKE,123749,74c46228aa6006d100a6cf756dc7df8c96903baca90582d1d589274f55fd2719,16000,3.244000000,1,UNKNOWN,UNKNOWN,UNKNOWN,UNKNOWN,UNKNOWN,sha256:74c46228aa6006d100a6cf756dc7df8c96903baca90582d1d589274f55fd2719,8663112784f233b0e80ad385,DUPLICATE_EXCLUDED,False,same-label byte duplicate; canonical member retained
7aa9a6de7f848880f9d6fde1,data/FAKE/sp_0006_part_003.flac,sp_0006_part_003,.flac,1,FAKE,124449,69164a453e54c5d25ec4e5dfa4cbd318d46e793fce7d652d9f3ec44847caa4aa,16000,3.180000000,1,UNKNOWN,UNKNOWN,UNKNOWN,UNKNOWN,UNKNOWN,sha256:69164a453e54c5d25ec4e5dfa4cbd318d46e793fce7d652d9f3ec44847caa4aa,c5742a00ab8a021907963831,DUPLICATE_EXCLUDED,False,same-label byte duplicate; canonical member retained
04e1cf04765424eb270bee42,data/FAKE/sp_0006_part_004.flac,sp_0006_part_004,.flac,1,FAKE,108029,0ab11f1cb95b8819c0038882a3a38296265e310f5652f130d2f13ae91cf49ba8,16000,2.779000000,1,UNKNOWN,UNKNOWN,UNKNOWN,UNKNOWN,UNKNOWN,sha256:0ab11f1cb95b8819c0038882a3a38296265e310f5652f130d2f13ae91cf49ba8,97e2829b54cd01a4b9de5584,DUPLICATE_EXCLUDED,False,same-label byte duplicate; canonical member retained
3a6e03d377709e84c90e2cf4,data/FAKE/sp_0006_part_005.flac,sp_0006_part_005,.flac,1,FAKE,100667,a8a6520b173a824411aee9b8ed98ef8beb5876e8a88d6042fd9f18a51786002c,16000,2.534000000,1,UNKNOWN,UNKNOWN,UNKNOWN,UNKNOWN,UNKNOWN,sha256:a8a6520b173a824411aee9b8ed98ef8beb5876e8a88d6042fd9f18a51786002c,ba8d6f855a7c0f0d27ddf2cd,DUPLICATE_EXCLUDED,False,same-label byte duplicate; canonical member retained
358d4b07970c7bf5f22baeac,data/FAKE/sp_0006_part_006.flac,sp_0006_part_006,.flac,1,FAKE,163397,afc863364f4a8d2b41f886b6ae91d6d2dcc9f9e1913f7c2749014a19bada023e,16000,4.302000000,1,UNKNOWN,UNKNOWN,UNKNOWN,UNKNOWN,UNKNOWN,sha256:afc863364f4a8d2b41f886b6ae91d6d2dcc9f9e1913f7c2749014a19bada023e,3b2daba70df799118b3f61a8,DUPLICATE_EXCLUDED,False,same-label byte duplicate; canonical member retained
56a48a3ab25933db11676aca,data/FAKE/sp_0006_part_007.flac,sp_0006_part_007,.flac,1,FAKE,195361,6a2c40231a3f4bee82eccfbd6c035ef64063419581503de04f99b6ab10437490,16000,5.074000000,1,UNKNOWN,UNKNOWN,UNKNOWN,UNKNOWN,UNKNOWN,sha256:6a2c40231a3f4bee82eccfbd6c035ef64063419581503de04f99b6ab10437490,bd57d0fe8dfeab0fd779d99b,DUPLICATE_EXCLUDED,False,same-label byte duplicate; canonical member retained
4d0d56e8a03f92d7a6ee58d6,data/FAKE/sp_0006_part_008.flac,sp_0006_part_008,.flac,1,FAKE,140209,9f65108c057e9465e2aad49ee6e6565098ce3156948f7b999b5e2896ce426ca5,16000,3.681000000,1,UNKNOWN,UNKNOWN,UNKNOWN,UNKNOWN,UNKNOWN,sha256:9f65108c057e9465e2aad49ee6e6565098ce3156948f7b999b5e2896ce426ca5,ed7424459d3d294f4a8916bf,DUPLICATE_EXCLUDED,False,same-label byte duplicate; canonical member retained
fbb71952628d2bcddd9f3222,data/FAKE/sp_0006_part_009.flac,sp_0006_part_009,.flac,1,FAKE,107556,bb1ed5034c14b19f9d471cf31f4e72eeb86ac0c65f6845531b79ced45dbe6a4b,16000,2.750000000,1,UNKNOWN,UNKNOWN,UNKNOWN,UNKNOWN,UNKNOWN,sha256:bb1ed5034c14b19f9d471cf31f4e72eeb86ac0c65f6845531b79ced45dbe6a4b,721e66ddc53dc1470a5ff21f,DUPLICATE_EXCLUDED,False,same-label byte duplicate; canonical member retained
b6e93e59d87fe798bacc91d9,data/FAKE/sp_0006_part_010.flac,sp_0006_part_010,.flac,1,FAKE,120367,c8bdd5bebd86ecfd2040cf7543adf1e6893c3269d6c0687f21d9d96813101451,16000,3.028000000,1,UNKNOWN,UNKNOWN,UNKNOWN,UNKNOWN,UNKNOWN,sha256:c8bdd5bebd86ecfd2040cf7543adf1e6893c3269d6c0687f21d9d96813101451,4e96217c0de5dc715493ef12,DUPLICATE_EXCLUDED,False,same-label byte duplicate; canonical member retained
d61021fb8e85a64b8eef0f3c,data/FAKE/sp_0006_part_011.flac,sp_0006_part_011,.flac,1,FAKE,157532,2b51b03e15453e25727edeb26dc90840530abfa885abb773b555547920db4c21,16000,4.162000000,1,UNKNOWN,UNKNOWN,UNKNOWN,UNKNOWN,UNKNOWN,sha256:2b51b03e15453e25727edeb26dc90840530abfa885abb773b555547920db4c21,66340ab028862ae7a1749ec9,DUPLICATE_EXCLUDED,False,same-label byte duplicate; canonical member retained
c849d6b1c1a206ab0da60b85,data/FAKE/sp_0006_part_012.flac,sp_0006_part_012,.flac,1,FAKE,126988,9feddf5721a09cd8731873d3cea94e211579eb68d070b13745629c520cb8b7fb,16000,3.345000000,1,UNKNOWN,UNKNOWN,UNKNOWN,UNKNOWN,UNKNOWN,sha256:9feddf5721a09cd8731873d3cea94e211579eb68d070b13745629c520cb8b7fb,bdf69bef46cf39e304c192ef,DUPLICATE_EXCLUDED,False,same-label byte duplicate; canonical member retained
5808e6b114c76b4bc50262db,data/FAKE/sp_0006_part_013.flac,sp_0006_part_013,.flac,1,FAKE,169181,ac232a6840642918a2e907775bd9f7e497574ca63dc368a0dbd2ebdf77130900,16000,4.452000000,1,UNKNOWN,UNKNOWN,UNKNOWN,UNKNOWN,UNKNOWN,sha256:ac232a6840642918a2e907775bd9f7e497574ca63dc368a0dbd2ebdf77130900,9f8a5715ed4cbad873a1f806,DUPLICATE_EXCLUDED,False,same-label byte duplicate; canonical member retained
e87dfeba349e34fcc2ff68cd,data/FAKE/sp_0006_part_014.flac,sp_0006_part_014,.flac,1,FAKE,249663,ee9c33ab74c7172b293b6b89a3907ad35b753778beff9a3e22783b3f2b011095,16000,6.558000000,1,UNKNOWN,UNKNOWN,UNKNOWN,UNKNOWN,UNKNOWN,sha256:ee9c33ab74c7172b293b6b89a3907ad35b753778beff9a3e22783b3f2b011095,c81ae4ac07e2c6d4495b018c,DUPLICATE_EXCLUDED,False,same-label byte duplicate; canonical member retained
dd808663acb6ccc5efb7ac0e,data/FAKE/sp_0006_part_015.flac,sp_0006_part_015,.flac,1,FAKE,152079,9d3f1f2e0a11da7ecf0bb554aae952fb62cca1eaf8961fae7c01f2ebb0e3cdfd,16000,3.952000000,1,UNKNOWN,UNKNOWN,UNKNOWN,UNKNOWN,UNKNOWN,sha256:9d3f1f2e0a11da7ecf0bb554aae952fb62cca1eaf8961fae7c01f2ebb0e3cdfd,137f283d6738fdd184564b32,DUPLICATE_EXCLUDED,False,same-label byte duplicate; canonical member retained
50b6d82f3d07769ac3531a01,data/FAKE/sp_0006_part_016.flac,sp_0006_part_016,.flac,1,FAKE,251459,f45eb2d69bb2351cf39aa2771341b7682d213cbd1cd8a15ed861c3fc7f1055ca,16000,6.655000000,1,UNKNOWN,UNKNOWN,UNKNOWN,UNKNOWN,UNKNOWN,sha256:f45eb2d69bb2351cf39aa2771341b7682d213cbd1cd8a15ed861c3fc7f1055ca,d5fc20dba349d0ced773afe3,DUPLICATE_EXCLUDED,False,same-label byte duplicate; canonical member retained
008e36dac81c528f387115ce,data/FAKE/sp_0006_part_017.flac,sp_0006_part_017,.flac,1,FAKE,102267,7151a2c808d4783c9aafbd50452e212a50468684ad09ef006d2f3a600f287831,16000,2.576000000,1,UNKNOWN,UNKNOWN,UNKNOWN,UNKNOWN,UNKNOWN,sha256:7151a2c808d4783c9aafbd50452e212a50468684ad09ef006d2f3a600f287831,546df42a379e38590df4417a,DUPLICATE_EXCLUDED,False,same-label byte duplicate; canonical member retained
22f011735b98bc59c03b0e90,data/FAKE/sp_0006_part_018.flac,sp_0006_part_018,.flac,1,FAKE,116426,8cc7936e35dbca76d2f47297b3a4afe6e4ba799f7147df37ecf1e13b74bcd9ba,16000,2.956000000,1,UNKNOWN,UNKNOWN,UNKNOWN,UNKNOWN,UNKNOWN,sha256:8cc7936e35dbca76d2f47297b3a4afe6e4ba799f7147df37ecf1e13b74bcd9ba,a266fd7cd118d6aa09d92ab7,DUPLICATE_EXCLUDED,False,same-label byte duplicate; canonical member retained
1626b29ba7aae6011bb22338,data/FAKE/sp_0006_part_019.flac,sp_0006_part_019,.flac,1,FAKE,113590,35efa63157a2d484b36d515eb46068c6b6ca4f833108a1b43ecbb43788146f09,16000,2.931000000,1,UNKNOWN,UNKNOWN,UNKNOWN,UNKNOWN,UNKNOWN,sha256:35efa63157a2d484b36d515eb46068c6b6ca4f833108a1b43ecbb43788146f09,f555e09c5b41ac6c494228a3,DUPLICATE_EXCLUDED,False,same-label byte duplicate; canonical member retained
ce7fa16210a6d05814154ef9,data/FAKE/sp_0006_part_020.flac,sp_0006_part_020,.flac,1,FAKE,208093,45fc852082c0d992349e94a9111d5745d89bcb37bc7eac17d0d25dd85b4406df,16000,5.709000000,1,UNKNOWN,UNKNOWN,UNKNOWN,UNKNOWN,UNKNOWN,sha256:45fc852082c0d992349e94a9111d5745d89bcb37bc7eac17d0d25dd85b4406df,ccc2c4da2d75fa0bf3ac4579,DUPLICATE_EXCLUDED,False,same-label byte duplicate; canonical member retained
aa4e4f9bfed55ce13a48a711,data/FAKE/sp_0007_c_part_011.flac,sp_0007_c_part_011,.flac,1,FAKE,161577,6fe6a8a219b039b8f34de95f3534f4ce9cec30d7b2bad63412c5ea0da8cf8176,16000,4.323000000,1,UNKNOWN,UNKNOWN,UNKNOWN,UNKNOWN,UNKNOWN,sha256:6fe6a8a219b039b8f34de95f3534f4ce9cec30d7b2bad63412c5ea0da8cf8176,b9672df6c4f89d8cbdb07b8b,DUPLICATE_EXCLUDED,False,same-label byte duplicate; canonical member retained
1de1a3dbb06034b1d4dce76f,data/FAKE/sp_0007_c_part_012.flac,sp_0007_c_part_012,.flac,1,FAKE,92406,a9a06439b641126be08b91a0dac6e88937f06b7ded5cc6ff08f8adeccc7ded8a,16000,2.526000000,1,UNKNOWN,UNKNOWN,UNKNOWN,UNKNOWN,UNKNOWN,sha256:a9a06439b641126be08b91a0dac6e88937f06b7ded5cc6ff08f8adeccc7ded8a,96733ef56f631fafcaa30bb4,DUPLICATE_EXCLUDED,False,same-label byte duplicate; canonical member retained
df86ec71ca6547c357ae2c7f,data/FAKE/sp_0007_c_part_013.flac,sp_0007_c_part_013,.flac,1,FAKE,151654,0b538723c91545787868df064407e1f605198ea59d5c6b80178549b1108f808b,16000,4.134000000,1,UNKNOWN,UNKNOWN,UNKNOWN,UNKNOWN,UNKNOWN,sha256:0b538723c91545787868df064407e1f605198ea59d5c6b80178549b1108f808b,369ad1375aa0ed339e036198,DUPLICATE_EXCLUDED,False,same-label byte duplicate; canonical member retained
777159556744c1b8fa8758ef,data/FAKE/sp_0007_c_part_014.flac,sp_0007_c_part_014,.flac,1,FAKE,103479,62dee92aa7fa9705a8acc60f4b4da2b36b841251b09af6304cc7e7af917c7e3c,16000,2.836000000,1,UNKNOWN,UNKNOWN,UNKNOWN,UNKNOWN,UNKNOWN,sha256:62dee92aa7fa9705a8acc60f4b4da2b36b841251b09af6304cc7e7af917c7e3c,7ca91aedee5a0b469df16443,DUPLICATE_EXCLUDED,False,same-label byte duplicate; canonical member retained
2535d4d3c8b60d33a4a9b402,data/FAKE/sp_0007_c_part_015.flac,sp_0007_c_part_015,.flac,1,FAKE,142521,a2eee5d1df1989a02e0a6e1b7b495f1360eb6b4898c513fc1c4e7344f94bec64,16000,3.826000000,1,UNKNOWN,UNKNOWN,UNKNOWN,UNKNOWN,UNKNOWN,sha256:a2eee5d1df1989a02e0a6e1b7b495f1360eb6b4898c513fc1c4e7344f94bec64,47f2c7860913da54891ccdd8,DUPLICATE_EXCLUDED,False,same-label byte duplicate; canonical member retained
df8ae2928630e9d222b169db,data/FAKE/sp_0007_c_part_016.flac,sp_0007_c_part_016,.flac,1,FAKE,157184,db0e6d089c32367202516b380401d60237c642438f1dc04173b9e86bb291ac8c,16000,4.259000000,1,UNKNOWN,UNKNOWN,UNKNOWN,UNKNOWN,UNKNOWN,sha256:db0e6d089c32367202516b380401d60237c642438f1dc04173b9e86bb291ac8c,eea9013139a5a75d1fc3a41a,DUPLICATE_EXCLUDED,False,same-label byte duplicate; canonical member retained
d225efe9dbc0a777757f274c,data/FAKE/sp_0007_part_001.flac,sp_0007_part_001,.flac,1,FAKE,210778,968a27b06a00bf19b62fb44d81280f0955e9abedad5e40c5c1713341807ec997,16000,5.589000000,1,UNKNOWN,UNKNOWN,UNKNOWN,UNKNOWN,UNKNOWN,sha256:968a27b06a00bf19b62fb44d81280f0955e9abedad5e40c5c1713341807ec997,7afb1f310aba2af28d591196,DUPLICATE_EXCLUDED,False,same-label byte duplicate; canonical member retained
7598ae5bf3bd20b2d0a52460,data/FAKE/sp_0007_part_002.flac,sp_0007_part_002,.flac,1,FAKE,161744,badb783f9ffdfb550820d165b2903ae7125aa642fb948718cd869a048473150e,16000,4.247000000,1,UNKNOWN,UNKNOWN,UNKNOWN,UNKNOWN,UNKNOWN,sha256:badb783f9ffdfb550820d165b2903ae7125aa642fb948718cd869a048473150e,f1f4e605815afd2c3e50a567,DUPLICATE_EXCLUDED,False,same-label byte duplicate; canonical member retained
1e64d0d7afb5041c7d40a189,data/FAKE/sp_0007_part_003.flac,sp_0007_part_003,.flac,1,FAKE,113613,e462c5d8f88f5a1a4134a4686e6d12b4e9e38dfa6a6dbd6a4a3a54242272a86b,16000,3.010000000,1,UNKNOWN,UNKNOWN,UNKNOWN,UNKNOWN,UNKNOWN,sha256:e462c5d8f88f5a1a4134a4686e6d12b4e9e38dfa6a6dbd6a4a3a54242272a86b,be91524e3d6140e9b56b40c2,DUPLICATE_EXCLUDED,False,same-label byte duplicate; canonical member retained
678c2ce8cc4fcc41ef0b2455,data/FAKE/sp_0007_part_004.flac,sp_0007_part_004,.flac,1,FAKE,99046,d0d1f31de4e22ac6da2039092d4b07cc9e5eede8cf09b965aa60891f0728e17d,16000,2.665000000,1,UNKNOWN,UNKNOWN,UNKNOWN,UNKNOWN,UNKNOWN,sha256:d0d1f31de4e22ac6da2039092d4b07cc9e5eede8cf09b965aa60891f0728e17d,cab55898418047e50ade02db,DUPLICATE_EXCLUDED,False,same-label byte duplicate; canonical member retained
4978d67b5400375b5090fbde,data/FAKE/sp_0007_part_005.flac,sp_0007_part_005,.flac,1,FAKE,111840,8d45203ac9eda8402a01405c68c9bd1bfb47a279838b0fe0ca9b6b0ffd9ff29c,16000,2.986000000,1,UNKNOWN,UNKNOWN,UNKNOWN,UNKNOWN,UNKNOWN,sha256:8d45203ac9eda8402a01405c68c9bd1bfb47a279838b0fe0ca9b6b0ffd9ff29c,ee0f12afb615c7b739e5bdf4,DUPLICATE_EXCLUDED,False,same-label byte duplicate; canonical member retained
23d5779eec3fc9569dd84d2c,data/FAKE/sp_0007_part_006.flac,sp_0007_part_006,.flac,1,FAKE,160422,ee1fdabe016058221898448e69e562dcc421cf35c535421d547719e88c6192b7,16000,4.270000000,1,UNKNOWN,UNKNOWN,UNKNOWN,UNKNOWN,UNKNOWN,sha256:ee1fdabe016058221898448e69e562dcc421cf35c535421d547719e88c6192b7,330164f2d5ec6aeb6a7f592a,DUPLICATE_EXCLUDED,False,same-label byte duplicate; canonical member retained
4b8787fca57a3498d6dd32e8,data/FAKE/sp_0007_part_007.flac,sp_0007_part_007,.flac,1,FAKE,194705,ce7a51796d78c2255656b119bd0d69ded14e59f7b7513d7af30c4ad0de9ddaca,16000,4.969000000,1,UNKNOWN,UNKNOWN,UNKNOWN,UNKNOWN,UNKNOWN,sha256:ce7a51796d78c2255656b119bd0d69ded14e59f7b7513d7af30c4ad0de9ddaca,d77e3e760b379110a73dd1b4,DUPLICATE_EXCLUDED,False,same-label byte duplicate; canonical member retained
31569ee0baeee4bc586bb93a,data/FAKE/sp_0007_part_008.flac,sp_0007_part_008,.flac,1,FAKE,105871,eb9ec598f0fe498afe235c13c149bd79cffb8b3d6aef9b826bf6220e95fb54c2,16000,2.793000000,1,UNKNOWN,UNKNOWN,UNKNOWN,UNKNOWN,UNKNOWN,sha256:eb9ec598f0fe498afe235c13c149bd79cffb8b3d6aef9b826bf6220e95fb54c2,1fa5daf3900b16f87ba1980b,DUPLICATE_EXCLUDED,False,same-label byte duplicate; canonical member retained
36b2a8c3a094742f377cab71,data/FAKE/sp_0007_part_009.flac,sp_0007_part_009,.flac,1,FAKE,256450,1af08d911e6107f3f1e22b268c845c9a3b0abba00c951cd0e3ed99259190ce9c,16000,6.869000000,1,UNKNOWN,UNKNOWN,UNKNOWN,UNKNOWN,UNKNOWN,sha256:1af08d911e6107f3f1e22b268c845c9a3b0abba00c951cd0e3ed99259190ce9c,b773f6cfe7176d149c4b1a70,DUPLICATE_EXCLUDED,False,same-label byte duplicate; canonical member retained
e868c9e642f3b3128f802a1c,data/FAKE/sp_0007_part_010.flac,sp_0007_part_010,.flac,1,FAKE,140373,7201554850ab67488998f4640b29305068952cb779dd2592655bb206776fe5b4,16000,3.855000000,1,UNKNOWN,UNKNOWN,UNKNOWN,UNKNOWN,UNKNOWN,sha256:7201554850ab67488998f4640b29305068952cb779dd2592655bb206776fe5b4,9235bbf44b6163a2becfab7e,DUPLICATE_EXCLUDED,False,same-label byte duplicate; canonical member retained
324a23e513c37fd3e7fadba8,data/FAKE/sp_0008_c_part_007.flac,sp_0008_c_part_007,.flac,1,FAKE,147547,938cc4314996714619ea7510fe7a6ce078190e77ac576eacb6d6cab0f9b348fd,16000,3.883000000,1,UNKNOWN,UNKNOWN,UNKNOWN,UNKNOWN,UNKNOWN,sha256:938cc4314996714619ea7510fe7a6ce078190e77ac576eacb6d6cab0f9b348fd,b98b17787756890288086e38,DUPLICATE_EXCLUDED,False,same-label byte duplicate; canonical member retained
eebe5705176875b054c363fa,data/FAKE/sp_0008_c_part_008.flac,sp_0008_c_part_008,.flac,1,FAKE,172419,271bf156ec8fce8a72f1a3ba921b2eaf8a000738df738902fed25552262d641b,16000,4.593000000,1,UNKNOWN,UNKNOWN,UNKNOWN,UNKNOWN,UNKNOWN,sha256:271bf156ec8fce8a72f1a3ba921b2eaf8a000738df738902fed25552262d641b,fc0214c7a18ae17e8edb6ad0,DUPLICATE_EXCLUDED,False,same-label byte duplicate; canonical member retained
47843c192426815602b46f1c,data/FAKE/sp_0008_c_part_009.flac,sp_0008_c_part_009,.flac,1,FAKE,150911,77b46fd198386b54b5be28664ae6caa0067eab9d04d85f779a52420a05b1c4d5,16000,3.991000000,1,UNKNOWN,UNKNOWN,UNKNOWN,UNKNOWN,UNKNOWN,sha256:77b46fd198386b54b5be28664ae6caa0067eab9d04d85f779a52420a05b1c4d5,f3574cb54e636ad53faf5bda,DUPLICATE_EXCLUDED,False,same-label byte duplicate; canonical member retained
3e4956f124ca6de879842375,data/FAKE/sp_0008_c_part_010.flac,sp_0008_c_part_010,.flac,1,FAKE,123448,8b10f969bb94374449a489b85af5f85feaa0c1e66db043c5a226b3ad5b3a5e9d,16000,3.250000000,1,UNKNOWN,UNKNOWN,UNKNOWN,UNKNOWN,UNKNOWN,sha256:8b10f969bb94374449a489b85af5f85feaa0c1e66db043c5a226b3ad5b3a5e9d,e72a2b65c5087e28c357a605,DUPLICATE_EXCLUDED,False,same-label byte duplicate; canonical member retained
150378d697dfce37a05dd8bd,data/FAKE/sp_0008_c_part_011.flac,sp_0008_c_part_011,.flac,1,FAKE,141640,38f74074877640ee436d55041b3ca8c4d07f7435da2610ebcdfcd834a912e85e,16000,3.668000000,1,UNKNOWN,UNKNOWN,UNKNOWN,UNKNOWN,UNKNOWN,sha256:38f74074877640ee436d55041b3ca8c4d07f7435da2610ebcdfcd834a912e85e,780046ea43ad6f8600d484f5,DUPLICATE_EXCLUDED,False,same-label byte duplicate; canonical member retained
004b41ff7e4314c6570d0648,data/FAKE/sp_0008_c_part_012.flac,sp_0008_c_part_012,.flac,1,FAKE,180119,edfc233c9acb14b69a43afec6b87e7cbe159ce9433abd404caa439600bf8c885,16000,4.620000000,1,UNKNOWN,UNKNOWN,UNKNOWN,UNKNOWN,UNKNOWN,sha256:edfc233c9acb14b69a43afec6b87e7cbe159ce9433abd404caa439600bf8c885,173549f1f91e39ec595c3f1a,DUPLICATE_EXCLUDED,False,same-label byte duplicate; canonical member retained
a82428f4c8aa8668847697d0,data/FAKE/sp_0008_c_part_013.flac,sp_0008_c_part_013,.flac,1,FAKE,111930,e69ba0d9ffbb6e877d66878795705a9d35c5ca470fb25a3a7ad7914f0c3b3882,16000,2.879000000,1,UNKNOWN,UNKNOWN,UNKNOWN,UNKNOWN,UNKNOWN,sha256:e69ba0d9ffbb6e877d66878795705a9d35c5ca470fb25a3a7ad7914f0c3b3882,b7c6a34aedaf34aeb18d8547,DUPLICATE_EXCLUDED,False,same-label byte duplicate; canonical member retained
f43eea1a54adea93ac2d2053,data/FAKE/sp_0008_c_part_014.flac,sp_0008_c_part_014,.flac,1,FAKE,138865,3e3a39312b608c6a8f5d7ebfdcff0046fc0ae5c90181fb1453298fa2e1420145,16000,3.634000000,1,UNKNOWN,UNKNOWN,UNKNOWN,UNKNOWN,UNKNOWN,sha256:3e3a39312b608c6a8f5d7ebfdcff0046fc0ae5c90181fb1453298fa2e1420145,173770f023e42e707796d08b,DUPLICATE_EXCLUDED,False,same-label byte duplicate; canonical member retained
4b4fcf74439a91a244d4ab9d,data/FAKE/sp_0008_c_part_015.flac,sp_0008_c_part_015,.flac,1,FAKE,136330,8abfa9f237397f05e0b4501e7ae512b7cd7285d338e098394d6cbe29e849839c,16000,3.618000000,1,UNKNOWN,UNKNOWN,UNKNOWN,UNKNOWN,UNKNOWN,sha256:8abfa9f237397f05e0b4501e7ae512b7cd7285d338e098394d6cbe29e849839c,2858e1fc0e68b64736740647,DUPLICATE_EXCLUDED,False,same-label byte duplicate; canonical member retained
abca3c96803b66837655631e,data/FAKE/sp_0008_part_001.flac,sp_0008_part_001,.flac,1,FAKE,107628,747a9c89cc666c081f245a6666181febe6b51936c5502472c104fc3a8fbea4cc,16000,2.725000000,1,UNKNOWN,UNKNOWN,UNKNOWN,UNKNOWN,UNKNOWN,sha256:747a9c89cc666c081f245a6666181febe6b51936c5502472c104fc3a8fbea4cc,333aad712a61bc220f9daf9e,DUPLICATE_EXCLUDED,False,same-label byte duplicate; canonical member retained
85bc021dc465e129ba59f0d7,data/FAKE/sp_0008_part_002.flac,sp_0008_part_002,.flac,1,FAKE,105446,67aac5650860e79c654ead8f7e99a3b3ed09a06d3df6a99d887e9a18bc3c1906,16000,2.706000000,1,UNKNOWN,UNKNOWN,UNKNOWN,UNKNOWN,UNKNOWN,sha256:67aac5650860e79c654ead8f7e99a3b3ed09a06d3df6a99d887e9a18bc3c1906,5ace8db0dafc4ef0743b9739,DUPLICATE_EXCLUDED,False,same-label byte duplicate; canonical member retained
96e9bd89887bd749fde99171,data/FAKE/sp_0008_part_003.flac,sp_0008_part_003,.flac,1,FAKE,101942,087847f032199d2b85323a462cfa9c3c04cb4dfbf1336510d1c1bcb1a2bf4d67,16000,2.650000000,1,UNKNOWN,UNKNOWN,UNKNOWN,UNKNOWN,UNKNOWN,sha256:087847f032199d2b85323a462cfa9c3c04cb4dfbf1336510d1c1bcb1a2bf4d67,c4d44f76a4baa4b6de17ba62,DUPLICATE_EXCLUDED,False,same-label byte duplicate; canonical member retained
758b52b49b887a9aff34a6b6,data/FAKE/sp_0008_part_004.flac,sp_0008_part_004,.flac,1,FAKE,202622,bb22ddcd08944f0f02aa4d916205b5c85e7560a85ed24d17cb7749e17f58d109,16000,5.285000000,1,UNKNOWN,UNKNOWN,UNKNOWN,UNKNOWN,UNKNOWN,sha256:bb22ddcd08944f0f02aa4d916205b5c85e7560a85ed24d17cb7749e17f58d109,4a45cd6be1ab7a7af8b213aa,DUPLICATE_EXCLUDED,False,same-label byte duplicate; canonical member retained
93350542a2d1cb5087439d3f,data/FAKE/sp_0008_part_005.flac,sp_0008_part_005,.flac,1,FAKE,153707,a366b84e3b56e062eabce59c3f39e2b4c26072b2f0ff57ddaedc440543dac592,16000,4.008000000,1,UNKNOWN,UNKNOWN,UNKNOWN,UNKNOWN,UNKNOWN,sha256:a366b84e3b56e062eabce59c3f39e2b4c26072b2f0ff57ddaedc440543dac592,83a57e3d4cb3632e8c3a26a7,DUPLICATE_EXCLUDED,False,same-label byte duplicate; canonical member retained
09ab57cb577315c4569fb790,data/FAKE/sp_0008_part_006.flac,sp_0008_part_006,.flac,1,FAKE,123399,b0fa16d51377523233901d4bd46e34dfcc78f11a4478bf66104ce0abb027b577,16000,3.134000000,1,UNKNOWN,UNKNOWN,UNKNOWN,UNKNOWN,UNKNOWN,sha256:b0fa16d51377523233901d4bd46e34dfcc78f11a4478bf66104ce0abb027b577,7a4bdc650baca59facce30bd,DUPLICATE_EXCLUDED,False,same-label byte duplicate; canonical member retained
816c47d57de5f4960c7138d5,data/FAKE/sp_0009_c_part_004.flac,sp_0009_c_part_004,.flac,1,FAKE,159396,c14d1d0257febc573a124c37a56651a7365eec25f09db35cdea16d32e6152537,16000,4.312000000,1,UNKNOWN,UNKNOWN,UNKNOWN,UNKNOWN,UNKNOWN,sha256:c14d1d0257febc573a124c37a56651a7365eec25f09db35cdea16d32e6152537,5beec70143a0e1638f071f0f,DUPLICATE_EXCLUDED,False,same-label byte duplicate; canonical member retained
0c0f40c0a99c063996df0d36,data/FAKE/sp_0009_part_001.flac,sp_0009_part_001,.flac,1,FAKE,140583,e84ebb7f8074ea649d6b235ff390aa834991ac6ec3eac5249fb5fc238dbfb410,16000,3.728000000,1,UNKNOWN,UNKNOWN,UNKNOWN,UNKNOWN,UNKNOWN,sha256:e84ebb7f8074ea649d6b235ff390aa834991ac6ec3eac5249fb5fc238dbfb410,d8dd51eb6737cbcc239d3918,DUPLICATE_EXCLUDED,False,same-label byte duplicate; canonical member retained
e0e98a04b09e675c8e96664f,data/FAKE/sp_0009_part_002.flac,sp_0009_part_002,.flac,1,FAKE,147453,d56d1396957845db1b548b4b4a9d407f781af97e42fb20bc9caf0d1386d67c04,16000,3.956000000,1,UNKNOWN,UNKNOWN,UNKNOWN,UNKNOWN,UNKNOWN,sha256:d56d1396957845db1b548b4b4a9d407f781af97e42fb20bc9caf0d1386d67c04,a841f284fa5a0bf4c8dd483d,DUPLICATE_EXCLUDED,False,same-label byte duplicate; canonical member retained
211f09e4507648dae5b367d7,data/FAKE/sp_0009_part_003.flac,sp_0009_part_003,.flac,1,FAKE,130699,46bf9f47571326ba9bb127f15ae45d8c3938e041d03c6d9f6ff14972cda1458f,16000,3.480000000,1,UNKNOWN,UNKNOWN,UNKNOWN,UNKNOWN,UNKNOWN,sha256:46bf9f47571326ba9bb127f15ae45d8c3938e041d03c6d9f6ff14972cda1458f,ff2490c6912bade47706f0cd,DUPLICATE_EXCLUDED,False,same-label byte duplicate; canonical member retained
c47980d90040b230d5d138e4,data/FAKE/sp_0010_c_part_004.flac,sp_0010_c_part_004,.flac,1,FAKE,131540,dad2e786247363aa380f29193f8097298e2292c2594dba838e6a9053335c57f1,16000,3.354000000,1,UNKNOWN,UNKNOWN,UNKNOWN,UNKNOWN,UNKNOWN,sha256:dad2e786247363aa380f29193f8097298e2292c2594dba838e6a9053335c57f1,dab4e1b7796ea8c8326944a5,DUPLICATE_EXCLUDED,False,same-label byte duplicate; canonical member retained
75c50f9fe7742b3f86c12ab2,data/FAKE/sp_0010_c_part_005.flac,sp_0010_c_part_005,.flac,1,FAKE,128490,b588ec4ee075542e89ab05219726e52433b8b7fdecd4af77cd7bf5065b5db959,16000,3.334000000,1,UNKNOWN,UNKNOWN,UNKNOWN,UNKNOWN,UNKNOWN,sha256:b588ec4ee075542e89ab05219726e52433b8b7fdecd4af77cd7bf5065b5db959,9264b96f37fb3940977f00ab,DUPLICATE_EXCLUDED,False,same-label byte duplicate; canonical member retained
64551e8eb9d96e5fb9d65966,data/FAKE/sp_0010_c_part_006.flac,sp_0010_c_part_006,.flac,1,FAKE,124982,485b009af674dfdf8f50eac3bd3c131f043531b0450e964890c736a57f7c940a,16000,3.181000000,1,UNKNOWN,UNKNOWN,UNKNOWN,UNKNOWN,UNKNOWN,sha256:485b009af674dfdf8f50eac3bd3c131f043531b0450e964890c736a57f7c940a,1e55e3273dc399ab3aa5fda0,DUPLICATE_EXCLUDED,False,same-label byte duplicate; canonical member retained
2c6ad4e676b0e110786ecef9,data/FAKE/sp_0010_part_001.flac,sp_0010_part_001,.flac,1,FAKE,165002,63f187fc375827e47e523787262632ee33bbac103970f1898d967d3d5edef538,16000,4.303000000,1,UNKNOWN,UNKNOWN,UNKNOWN,UNKNOWN,UNKNOWN,sha256:63f187fc375827e47e523787262632ee33bbac103970f1898d967d3d5edef538,1c7e2b1e9d88c56ec7cefece,DUPLICATE_EXCLUDED,False,same-label byte duplicate; canonical member retained
135a17ad2f3cefebd0a502dd,data/FAKE/sp_0010_part_002.flac,sp_0010_part_002,.flac,1,FAKE,124386,d5179e94ca98e5608efe7c06593810785bcd75e707952d59f8fbbe87f1f7270c,16000,3.083000000,1,UNKNOWN,UNKNOWN,UNKNOWN,UNKNOWN,UNKNOWN,sha256:d5179e94ca98e5608efe7c06593810785bcd75e707952d59f8fbbe87f1f7270c,cf8e4626ed87b09014fcdf1c,DUPLICATE_EXCLUDED,False,same-label byte duplicate; canonical member retained
f14239cf18c851f9b278e71c,data/FAKE/sp_0010_part_003.flac,sp_0010_part_003,.flac,1,FAKE,113612,0ae13d0642c359514cb4c1f3e3ba2e2042c312948601066f3d597f4394547004,16000,2.882000000,1,UNKNOWN,UNKNOWN,UNKNOWN,UNKNOWN,UNKNOWN,sha256:0ae13d0642c359514cb4c1f3e3ba2e2042c312948601066f3d597f4394547004,01f66632454246d8c14cd812,DUPLICATE_EXCLUDED,False,same-label byte duplicate; canonical member retained
4b0de224bab8712bc2633d92,data/REAL/16502.wav,16502,.wav,0,REAL,174394,6ace26a2d3e9463f2914cd274566c5b5d9617c3e3c7cc3c37dcb49ed48e00176,16000,2.724000000,1,UNKNOWN,UNKNOWN,UNKNOWN,UNKNOWN,UNKNOWN,sha256:6ace26a2d3e9463f2914cd274566c5b5d9617c3e3c7cc3c37dcb49ed48e00176,c85cd1022899e2030b3abf85,DUPLICATE_EXCLUDED,False,same-label byte duplicate; canonical member retained
89987bc67782c2046bfdffab,data/REAL/4719.wav,4719,.wav,0,REAL,180222,94fcae571a77a5771a35e860dc3458629fe32d8f4853a48d650a2a725941afea,16000,2.815062500,1,UNKNOWN,UNKNOWN,UNKNOWN,UNKNOWN,UNKNOWN,sha256:94fcae571a77a5771a35e860dc3458629fe32d8f4853a48d650a2a725941afea,2861f7f8b798200c0ba44f3c,DUPLICATE_EXCLUDED,False,same-label byte duplicate; canonical member retained
a9769e77d9c3ba6619580872,data/REAL/4747.wav,4747,.wav,0,REAL,243710,88682d98ba8cf00f4290d87e10ad18e51d9716b44c774e1b2723a41b813b2824,16000,3.807062500,1,UNKNOWN,UNKNOWN,UNKNOWN,UNKNOWN,UNKNOWN,sha256:88682d98ba8cf00f4290d87e10ad18e51d9716b44c774e1b2723a41b813b2824,faf7ae8996a789fb8d871648,DUPLICATE_EXCLUDED,False,same-label byte duplicate; canonical member retained
eb9d6c4e69cae554bebbd22c,data/REAL/4774.wav,4774,.wav,0,REAL,277758,084de88bdf27b30e09a12d85ca244567111857aaf26c6d493aa99f1574371739,16000,4.339062500,1,UNKNOWN,UNKNOWN,UNKNOWN,UNKNOWN,UNKNOWN,sha256:084de88bdf27b30e09a12d85ca244567111857aaf26c6d493aa99f1574371739,9f8177518e7e34e562e2016e,DUPLICATE_EXCLUDED,False,same-label byte duplicate; canonical member retained
5b863aec5f6235cfeec9d878,data/REAL/4877.wav,4877,.wav,0,REAL,192762,8b73981baaa9c64f2834ba243e772774b2c64b18640c60c786256e7502d34192,16000,3.011000000,1,UNKNOWN,UNKNOWN,UNKNOWN,UNKNOWN,UNKNOWN,sha256:8b73981baaa9c64f2834ba243e772774b2c64b18640c60c786256e7502d34192,f650edb8897b8b011ea148ff,DUPLICATE_EXCLUDED,False,same-label byte duplicate; canonical member retained
79a92288766572cfc3b68edb,data/REAL/4896.wav,4896,.wav,0,REAL,80638,6de08b5745c9268416cab3745364611069eb90955ae79654b6230e0c54913650,16000,1.259062500,1,UNKNOWN,UNKNOWN,UNKNOWN,UNKNOWN,UNKNOWN,sha256:6de08b5745c9268416cab3745364611069eb90955ae79654b6230e0c54913650,7d6024591ae63110f10bef43,DUPLICATE_EXCLUDED,False,same-label byte duplicate; canonical member retained
d49c89ab8f84685b7a23d3d6,data/REAL/4902.wav,4902,.wav,0,REAL,77690,5555e94c81a3cfb80bce63db50b82b12bc909a1156e3f2207ad3c2f6fc3e69b2,16000,1.213000000,1,UNKNOWN,UNKNOWN,UNKNOWN,UNKNOWN,UNKNOWN,sha256:5555e94c81a3cfb80bce63db50b82b12bc909a1156e3f2207ad3c2f6fc3e69b2,14a7637ce899fa03d3185b93,DUPLICATE_EXCLUDED,False,same-label byte duplicate; canonical member retained
c25d7502d34a98212b8c2a4a,data/REAL/4935.wav,4935,.wav,0,REAL,132794,3ebfc60b44ff7712a4fa1512d527309a96c66f2633f4a73bc378ee8a7557493c,16000,2.074000000,1,UNKNOWN,UNKNOWN,UNKNOWN,UNKNOWN,UNKNOWN,sha256:3ebfc60b44ff7712a4fa1512d527309a96c66f2633f4a73bc378ee8a7557493c,4db21b321407b15b6d9ab236,DUPLICATE_EXCLUDED,False,same-label byte duplicate; canonical member retained
c3166db90e54783d51dd172a,data/REAL/4961.wav,4961,.wav,0,REAL,162942,ef9e743b2615077ceb17f118d3ccb49852f3b9a3c52217a5e1716b90b8eb8778,16000,2.545062500,1,UNKNOWN,UNKNOWN,UNKNOWN,UNKNOWN,UNKNOWN,sha256:ef9e743b2615077ceb17f118d3ccb49852f3b9a3c52217a5e1716b90b8eb8778,e9fb70ceb9e261e48be19c4b,DUPLICATE_EXCLUDED,False,same-label byte duplicate; canonical member retained
dfb8a7cde381f27f50c9af26,data/REAL/4970.wav,4970,.wav,0,REAL,408254,c81c16e800d913c29fab2e6ba08edc3c6e6925ab9ac08e1c3cce683f1a6877a7,16000,6.378062500,1,UNKNOWN,UNKNOWN,UNKNOWN,UNKNOWN,UNKNOWN,sha256:c81c16e800d913c29fab2e6ba08edc3c6e6925ab9ac08e1c3cce683f1a6877a7,ebe17c374c7fa1f9274a14d8,DUPLICATE_EXCLUDED,False,same-label byte duplicate; canonical member retained
041dd1b42d412cde729ee27d,data/REAL/4998.wav,4998,.wav,0,REAL,1160894,328a118d6b2b4e25c5ef19e1804833c56c9bc8d938a01ed868448943c670cd6a,16000,18.138062500,1,UNKNOWN,UNKNOWN,UNKNOWN,UNKNOWN,UNKNOWN,sha256:328a118d6b2b4e25c5ef19e1804833c56c9bc8d938a01ed868448943c670cd6a,6c8e20e614228b42bcb1d15b,DUPLICATE_EXCLUDED,False,same-label byte duplicate; canonical member retained
5ab40d58d4fee38d415fed3b,data/REAL/5104.wav,5104,.wav,0,REAL,109114,9ff87328b91ad961ae895289894d64e1e8af5c94aaa4c24c48a581425d272ae5,16000,1.704000000,1,UNKNOWN,UNKNOWN,UNKNOWN,UNKNOWN,UNKNOWN,sha256:9ff87328b91ad961ae895289894d64e1e8af5c94aaa4c24c48a581425d272ae5,5b81cf75d750d3fc7214fba5,DUPLICATE_EXCLUDED,False,same-label byte duplicate; canonical member retained
e0f5c9b82d6982854e780093,data/REAL/5132.wav,5132,.wav,0,REAL,237694,f7cde3672c8342819ece4acaf026202c066c776b31c25cd35a7ee8d3c8e7ce25,16000,3.713062500,1,UNKNOWN,UNKNOWN,UNKNOWN,UNKNOWN,UNKNOWN,sha256:f7cde3672c8342819ece4acaf026202c066c776b31c25cd35a7ee8d3c8e7ce25,dc204955c9b32d109aeec4cc,DUPLICATE_EXCLUDED,False,same-label byte duplicate; canonical member retained
b7f1293f9760373e28aa8cfb,data/REAL/5135.wav,5135,.wav,0,REAL,131962,63f1e77a5c0e01e5fe359966a910864d5aa90e22031443c784adbae0c708bfe2,16000,2.061000000,1,UNKNOWN,UNKNOWN,UNKNOWN,UNKNOWN,UNKNOWN,sha256:63f1e77a5c0e01e5fe359966a910864d5aa90e22031443c784adbae0c708bfe2,47249d415df403bea637f51b,DUPLICATE_EXCLUDED,False,same-label byte duplicate; canonical member retained
5114d06c469c1e19a36f3c11,data/REAL/5144.wav,5144,.wav,0,REAL,135546,5b07c31b2dda49413d0b2d4b5b4c84b1154ee3cb879f7c838d07927cb9ab1c28,16000,2.117000000,1,UNKNOWN,UNKNOWN,UNKNOWN,UNKNOWN,UNKNOWN,sha256:5b07c31b2dda49413d0b2d4b5b4c84b1154ee3cb879f7c838d07927cb9ab1c28,0e70c981a3cfad2ab2f2e3a7,DUPLICATE_EXCLUDED,False,same-label byte duplicate; canonical member retained
3cc39d9bdef8595909fe967f,data/REAL/5192.wav,5192,.wav,0,REAL,300222,e01abf2687d8fd5bc5411c9c17d1b242ef6902c8c1348b612272ba0be851656c,16000,4.690062500,1,UNKNOWN,UNKNOWN,UNKNOWN,UNKNOWN,UNKNOWN,sha256:e01abf2687d8fd5bc5411c9c17d1b242ef6902c8c1348b612272ba0be851656c,ee6c6ddd74e4ec3792571539,DUPLICATE_EXCLUDED,False,same-label byte duplicate; canonical member retained
18612cfe9be1d98029394b6b,data/REAL/5246.wav,5246,.wav,0,REAL,129850,0134667d97e7c106197fe3416fe87eb038654ede632d4647e54aff6ed4ec5315,16000,2.028000000,1,UNKNOWN,UNKNOWN,UNKNOWN,UNKNOWN,UNKNOWN,sha256:0134667d97e7c106197fe3416fe87eb038654ede632d4647e54aff6ed4ec5315,8495be4e0c264db3d6277f7d,DUPLICATE_EXCLUDED,False,same-label byte duplicate; canonical member retained
da49f94828ff6c49d2603f8a,data/REAL/5263.wav,5263,.wav,0,REAL,63614,935f0bea807062b4e911828791f47f15ff9380cdf77a16a2b1455008446fa903,16000,0.993062500,1,UNKNOWN,UNKNOWN,UNKNOWN,UNKNOWN,UNKNOWN,sha256:935f0bea807062b4e911828791f47f15ff9380cdf77a16a2b1455008446fa903,0d79eb029c52100b7de4b7b7,DUPLICATE_EXCLUDED,False,same-label byte duplicate; canonical member retained
8e1abbd27bb570ae0ee60f5d,data/REAL/5300.wav,5300,.wav,0,REAL,98430,e1ee38b0e91574314c621a06b022fe74386d322172ac16417bb66d25c5dd4d82,16000,1.537062500,1,UNKNOWN,UNKNOWN,UNKNOWN,UNKNOWN,UNKNOWN,sha256:e1ee38b0e91574314c621a06b022fe74386d322172ac16417bb66d25c5dd4d82,b8d9939d32fe5218c4f5ff53,DUPLICATE_EXCLUDED,False,same-label byte duplicate; canonical member retained
f631838b086022cc09d044da,data/REAL/5315.wav,5315,.wav,0,REAL,534974,0ff88fd4c6c9df1a888ef398fcaafa7101730c9ac169f001868842924731a29e,16000,8.358062500,1,UNKNOWN,UNKNOWN,UNKNOWN,UNKNOWN,UNKNOWN,sha256:0ff88fd4c6c9df1a888ef398fcaafa7101730c9ac169f001868842924731a29e,5b29ab6d44c958566bd5915d,DUPLICATE_EXCLUDED,False,same-label byte duplicate; canonical member retained
25d8fe071b1cb4fe8b057027,data/REAL/5582.wav,5582,.wav,0,REAL,83134,b596c067a7a8846dbc7685d1bd3a775e0175113211f71fdb2c5d756c0d47a854,16000,1.298062500,1,UNKNOWN,UNKNOWN,UNKNOWN,UNKNOWN,UNKNOWN,sha256:b596c067a7a8846dbc7685d1bd3a775e0175113211f71fdb2c5d756c0d47a854,39e066f3b8dfb527aa7aadf8,DUPLICATE_EXCLUDED,False,same-label byte duplicate; canonical member retained
e4a6f154af052d9c0f0e81cd,data/REAL/5772.wav,5772,.wav,0,REAL,166522,844383d63f9cda42316643f02649621709fd15aa9f09dcee81f768309f7716d5,16000,2.601000000,1,UNKNOWN,UNKNOWN,UNKNOWN,UNKNOWN,UNKNOWN,sha256:844383d63f9cda42316643f02649621709fd15aa9f09dcee81f768309f7716d5,e45d35a697d8decccddf5b4b,DUPLICATE_EXCLUDED,False,same-label byte duplicate; canonical member retained
5a4c2909770082c9e7d55893,data/REAL/5961.wav,5961,.wav,0,REAL,93626,88be8029ddb36ac03edb30d6ab9e33286a22559d8693943eaeb227cb87c804af,16000,1.462000000,1,UNKNOWN,UNKNOWN,UNKNOWN,UNKNOWN,UNKNOWN,sha256:88be8029ddb36ac03edb30d6ab9e33286a22559d8693943eaeb227cb87c804af,5eb06bf11c2d16124bab1898,DUPLICATE_EXCLUDED,False,same-label byte duplicate; canonical member retained
6dabb544e1487bf053d2fee4,data/REAL/6009.wav,6009,.wav,0,REAL,322874,181064c0d579c1e948bb1a832e5bb5d2ac37446d466c6d7d583f596bcbdff6a2,16000,5.044000000,1,UNKNOWN,UNKNOWN,UNKNOWN,UNKNOWN,UNKNOWN,sha256:181064c0d579c1e948bb1a832e5bb5d2ac37446d466c6d7d583f596bcbdff6a2,be75dcf2b9e04422451ab519,DUPLICATE_EXCLUDED,False,same-label byte duplicate; canonical member retained
c6ba1129fab39ff11242b8c4,data/REAL/6082.wav,6082,.wav,0,REAL,68090,22f2f89801037e309e822e019281d716bc361ea0cc2c09a92f7e28a374ff17fb,16000,1.063000000,1,UNKNOWN,UNKNOWN,UNKNOWN,UNKNOWN,UNKNOWN,sha256:22f2f89801037e309e822e019281d716bc361ea0cc2c09a92f7e28a374ff17fb,c19d768ae420c3b03cfc28e0,DUPLICATE_EXCLUDED,False,same-label byte duplicate; canonical member retained
f707aa15e02e2d27817fe627,data/REAL/6084.wav,6084,.wav,0,REAL,691134,c70d6bb0a529d17bbf33e61404dea109212806b6e428e0e451f3264f6af4c3b6,16000,10.798062500,1,UNKNOWN,UNKNOWN,UNKNOWN,UNKNOWN,UNKNOWN,sha256:c70d6bb0a529d17bbf33e61404dea109212806b6e428e0e451f3264f6af4c3b6,6b2b4ec676081b3682b30ca8,DUPLICATE_EXCLUDED,False,same-label byte duplicate; canonical member retained
38f386ff9b07ebb83cecd69f,data/REAL/6245.wav,6245,.wav,0,REAL,157438,f3cc7620121933df4d28980222b7130ae9200c612a7e9bfbc8a0477bff767d9d,16000,2.459062500,1,UNKNOWN,UNKNOWN,UNKNOWN,UNKNOWN,UNKNOWN,sha256:f3cc7620121933df4d28980222b7130ae9200c612a7e9bfbc8a0477bff767d9d,feefcb25abe9c434ac604f07,DUPLICATE_EXCLUDED,False,same-label byte duplicate; canonical member retained
e9188249ac9bc16837fac198,data/REAL/6273.wav,6273,.wav,0,REAL,273918,b159872fe9a62e7b55d94787819d0fa6210d4afe29329b04c9cf22641642ea6e,16000,4.279062500,1,UNKNOWN,UNKNOWN,UNKNOWN,UNKNOWN,UNKNOWN,sha256:b159872fe9a62e7b55d94787819d0fa6210d4afe29329b04c9cf22641642ea6e,2a68aa734b58c7a674a384cb,DUPLICATE_EXCLUDED,False,same-label byte duplicate; canonical member retained
5cb7d3507aecccd765b6e743,data/REAL/6416.wav,6416,.wav,0,REAL,73274,f671afa257b2c247b18d1267ab69a33151d1fcd745ae4c64467f812cf727d0fc,16000,1.144000000,1,UNKNOWN,UNKNOWN,UNKNOWN,UNKNOWN,UNKNOWN,sha256:f671afa257b2c247b18d1267ab69a33151d1fcd745ae4c64467f812cf727d0fc,f0b1fdd2da3b96ed7e24ad51,DUPLICATE_EXCLUDED,False,same-label byte duplicate; canonical member retained
cb755107049337fc1844787c,data/REAL/6490.wav,6490,.wav,0,REAL,55226,1f045f6b3d043571968215df98cadadca6e33eedf9f23abce916dafb4b2d5397,16000,0.862000000,1,UNKNOWN,UNKNOWN,UNKNOWN,UNKNOWN,UNKNOWN,sha256:1f045f6b3d043571968215df98cadadca6e33eedf9f23abce916dafb4b2d5397,56a66ca533a1622726607fef,DUPLICATE_EXCLUDED,False,same-label byte duplicate; canonical member retained
5fa5e5b435ea37594b69932c,data/REAL/6541.wav,6541,.wav,0,REAL,146686,ccf0dacba113cd6a2de2502b9569b0631b24c455c483cdfc6dd2d76342027513,16000,2.291062500,1,UNKNOWN,UNKNOWN,UNKNOWN,UNKNOWN,UNKNOWN,sha256:ccf0dacba113cd6a2de2502b9569b0631b24c455c483cdfc6dd2d76342027513,4aba90dda3f5a40d69302622,DUPLICATE_EXCLUDED,False,same-label byte duplicate; canonical member retained
98dfab6700fb2d4eacde3bfe,data/REAL/6542.wav,6542,.wav,0,REAL,111102,548bf58b22b96ae4db897413d6f8c77c9bc46ec37b715d7e88a939ed36b21d62,16000,1.735062500,1,UNKNOWN,UNKNOWN,UNKNOWN,UNKNOWN,UNKNOWN,sha256:548bf58b22b96ae4db897413d6f8c77c9bc46ec37b715d7e88a939ed36b21d62,588f63c651b8b2a274a5481e,DUPLICATE_EXCLUDED,False,same-label byte duplicate; canonical member retained
a0a100ff85f791d4f8df18e8,data/REAL/6545.wav,6545,.wav,0,REAL,384250,837e396da383ba1d77651402f1fc7fa9c4c39731b13b47b964d399cf1c9acb6d,16000,6.003000000,1,UNKNOWN,UNKNOWN,UNKNOWN,UNKNOWN,UNKNOWN,sha256:837e396da383ba1d77651402f1fc7fa9c4c39731b13b47b964d399cf1c9acb6d,94f958c50018520cdb3a199f,DUPLICATE_EXCLUDED,False,same-label byte duplicate; canonical member retained
2af70e162ee9378432a10878,data/REAL/7701.wav,7701,.wav,0,REAL,256830,0d75371d359b44ce633dec9e7ea604341ec9fd1d4d10c5e7bdeb49af6f84f25d,16000,4.012062500,1,UNKNOWN,UNKNOWN,UNKNOWN,UNKNOWN,UNKNOWN,sha256:0d75371d359b44ce633dec9e7ea604341ec9fd1d4d10c5e7bdeb49af6f84f25d,801fbdc31048fb9a9da19cc2,DUPLICATE_EXCLUDED,False,same-label byte duplicate; canonical member retained
8571c5c47d78d40c95e0d024,data/REAL/7731.wav,7731,.wav,0,REAL,75386,07053a4a1145b354edd0292beaa4780ae4272b4f9563aee523205ff3a91f0807,16000,1.177000000,1,UNKNOWN,UNKNOWN,UNKNOWN,UNKNOWN,UNKNOWN,sha256:07053a4a1145b354edd0292beaa4780ae4272b4f9563aee523205ff3a91f0807,3914b41e802083af7756998d,DUPLICATE_EXCLUDED,False,same-label byte duplicate; canonical member retained
9136ee8242db187b7fae7b23,data/REAL/7749.wav,7749,.wav,0,REAL,403834,a4de54098fdc5a28ab3d6a632fcbe2f4ab2108ee46cd836331358d9737c40fcd,16000,6.309000000,1,UNKNOWN,UNKNOWN,UNKNOWN,UNKNOWN,UNKNOWN,sha256:a4de54098fdc5a28ab3d6a632fcbe2f4ab2108ee46cd836331358d9737c40fcd,9361274a7355e5a688bc6136,DUPLICATE_EXCLUDED,False,same-label byte duplicate; canonical member retained
4c2ba0dbb45d02c5782db551,data/REAL/7758.wav,7758,.wav,0,REAL,410750,7bcf257de8b33f4159b2168ad87a30ec382b143962438c33550f6b05b4705fb1,16000,6.417062500,1,UNKNOWN,UNKNOWN,UNKNOWN,UNKNOWN,UNKNOWN,sha256:7bcf257de8b33f4159b2168ad87a30ec382b143962438c33550f6b05b4705fb1,a299d608068ac9caf2351c6c,DUPLICATE_EXCLUDED,False,same-label byte duplicate; canonical member retained
c60e588c6e7670bc89f72107,data/REAL/7782.wav,7782,.wav,0,REAL,283386,526cad76a2ef1fb60d9f154e083c2b37a3d290fbe25157e85e4dda3973de6e91,16000,4.427000000,1,UNKNOWN,UNKNOWN,UNKNOWN,UNKNOWN,UNKNOWN,sha256:526cad76a2ef1fb60d9f154e083c2b37a3d290fbe25157e85e4dda3973de6e91,afa0b0fb2d771d2baaef74a9,DUPLICATE_EXCLUDED,False,same-label byte duplicate; canonical member retained
b93cae5c2aa29c7a8127830e,data/REAL/yt_0006_part_049.flac,yt_0006_part_049,.flac,0,REAL,1018078,0b85ccd4bc91a828b3b3a1f4ad3af0f434989af3ee5354f406c03ece1d839379,44100,6.588979592,2,UNKNOWN,UNKNOWN,UNKNOWN,UNKNOWN,UNKNOWN,sha256:0b85ccd4bc91a828b3b3a1f4ad3af0f434989af3ee5354f406c03ece1d839379,1fbfb25b905bf542749c29f9,DUPLICATE_EXCLUDED,False,same-label byte duplicate; canonical member retained
b3926db1c7a37deee3bb38fc,data/REAL/yt_0006_part_050.flac,yt_0006_part_050,.flac,0,REAL,1049683,aea64cc995dfd8d65ba69a4275aae15ccf2aee2684fcdd14508ed196279a3744,44100,6.589002268,2,UNKNOWN,UNKNOWN,UNKNOWN,UNKNOWN,UNKNOWN,sha256:aea64cc995dfd8d65ba69a4275aae15ccf2aee2684fcdd14508ed196279a3744,e3217f4ab464c6961b549608,DUPLICATE_EXCLUDED,False,same-label byte duplicate; canonical member retained
0b818d202c6cb9db16966a4a,data/REAL/yt_0006_part_051.flac,yt_0006_part_051,.flac,0,REAL,1038929,593049e5d59d416b9af7fc16008063fa5a821e5772477e745127c7f06b5d6c2c,44100,6.589002268,2,UNKNOWN,UNKNOWN,UNKNOWN,UNKNOWN,UNKNOWN,sha256:593049e5d59d416b9af7fc16008063fa5a821e5772477e745127c7f06b5d6c2c,7ae0ef942682994b992f2751,DUPLICATE_EXCLUDED,False,same-label byte duplicate; canonical member retained
